Scan de la page : https://books.toscrape.com/catalogue/page-1.html
Scan de la page : https://books.toscrape.com/catalogue/page-2.html
Scan de la page : https://books.toscrape.com/catalogue/page-3.html
Scan de la page : https://books.toscrape.com/catalogue/page-4.html
Scan de la page : https://books.toscrape.com/catalogue/page-5.html
⚠️ Tentative 1/3 échouée pour https://books.toscrape.com/catalogue/page-5.html : HTTPSConnectionPool(host='books.toscrape.com', port=443): Max retries exceeded with url: /catalogue/page-5.html (Caused by SSLError(SSLEOFError(8, '[SSL: UNEXPECTED_EOF_WHILE_READING] EOF occurred in violation of protocol (_ssl.c:1016)')))
Scan de la page : https://books.toscrape.com/catalogue/page-6.html
Scan de la page : https://books.toscrape.com/catalogue/page-7.html
⚠️ Tentative 1/3 échouée pour https://books.toscrape.com/catalogue/page-7.html : ('Connection aborted.', RemoteDisconnected('Remote end closed connection without response'))
Scan de la page : https://books.toscrape.com/catalogue/page-8.html
Scan de la page : https://books.toscrape.com/catalogue/page-9.html
Scan de la page : https://books.toscrape.com/catalogue/page-10.html
Scan de la page : https://books.toscrape.com/catalogue/page-11.html
Scan de la page : https://books.toscrape.com/catalogue/page-12.html
⚠️ Tentative 1/3 échouée pour https://books.toscrape.com/catalogue/page-12.html : HTTPSConnectionPool(host='books.toscrape.com', port=443): Read timed out. (read timeout=59)
⚠️ Tentative 2/3 échouée pour https://books.toscrape.com/catalogue/page-12.html : HTTPSConnectionPool(host='books.toscrape.com', port=443): Read timed out. (read timeout=59)
Scan de la page : https://books.toscrape.com/catalogue/page-13.html
Scan de la page : https://books.toscrape.com/catalogue/page-14.html
Scan de la page : https://books.toscrape.com/catalogue/page-15.html
Scan de la page : https://books.toscrape.com/catalogue/page-16.html
Scan de la page : https://books.toscrape.com/catalogue/page-17.html
Scan de la page : https://books.toscrape.com/catalogue/page-18.html
Scan de la page : https://books.toscrape.com/catalogue/page-19.html
Scan de la page : https://books.toscrape.com/catalogue/page-20.html
Scan de la page : https://books.toscrape.com/catalogue/page-21.html
Scan de la page : https://books.toscrape.com/catalogue/page-22.html
Scan de la page : https://books.toscrape.com/catalogue/page-23.html
⚠️ Tentative 1/3 échouée pour https://books.toscrape.com/catalogue/page-23.html : HTTPSConnectionPool(host='books.toscrape.com', port=443): Read timed out.
⚠️ Tentative 2/3 échouée pour https://books.toscrape.com/catalogue/page-23.html : HTTPSConnectionPool(host='books.toscrape.com', port=443): Max retries exceeded with url: /catalogue/page-23.html (Caused by NameResolutionError("HTTPSConnection(host='books.toscrape.com', port=443): Failed to resolve 'books.toscrape.com' ([Errno -2] Name or service not known)"))
⚠️ Tentative 3/3 échouée pour https://books.toscrape.com/catalogue/page-23.html : HTTPSConnectionPool(host='books.toscrape.com', port=443): Max retries exceeded with url: /catalogue/page-23.html (Caused by NameResolutionError("HTTPSConnection(host='books.toscrape.com', port=443): Failed to resolve 'books.toscrape.com' ([Errno -2] Name or service not known)"))
⚠️ Tentative 1/3 échouée pour https://books.toscrape.com/catalogue/my-name-is-lucy-barton_720/index.html : HTTPSConnectionPool(host='books.toscrape.com', port=443): Max retries exceeded with url: /catalogue/my-name-is-lucy-barton_720/index.html (Caused by NameResolutionError("HTTPSConnection(host='books.toscrape.com', port=443): Failed to resolve 'books.toscrape.com' ([Errno -2] Name or service not known)"))
⚠️ Tentative 2/3 échouée pour https://books.toscrape.com/catalogue/my-name-is-lucy-barton_720/index.html : HTTPSConnectionPool(host='books.toscrape.com', port=443): Max retries exceeded with url: /catalogue/my-name-is-lucy-barton_720/index.html (Caused by NameResolutionError("HTTPSConnection(host='books.toscrape.com', port=443): Failed to resolve 'books.toscrape.com' ([Errno -2] Name or service not known)"))
⚠️ Tentative 3/3 échouée pour https://books.toscrape.com/catalogue/my-name-is-lucy-barton_720/index.html : HTTPSConnectionPool(host='books.toscrape.com', port=443): Max retries exceeded with url: /catalogue/my-name-is-lucy-barton_720/index.html (Caused by NameResolutionError("HTTPSConnection(host='books.toscrape.com', port=443): Failed to resolve 'books.toscrape.com' ([Errno -2] Name or service not known)"))
✅ The Last Mile (Amos Decker #2)
✅ Avatar: The Last Airbender: Smoke and Shadow, Part 3 (Smoke and Shadow #3)
✅ The Star-Touched Queen
✅ The Lonely City: Adventures in the Art of Being Alone
✅ Sleeping Giants (Themis Files #1)
✅ Arena
✅ Unlimited Intuition Now
✅ The Stranger
✅ The Gutsy Girl: Escapades for Your Life of Epic Adventure
✅ Boar Island (Anna Pigeon #19)
✅ Can You Keep a Secret? (Fear Street Relaunch #4)
✅ Once Was a Time
✅ Starving Hearts (Triangular Trade Trilogy, #1)
✅ Luis Paints the World
✅ The Silent Sister (Riley MacPherson #1)
✅ Grumbles
✅ Mrs. Houdini
✅ Still Life with Bread Crumbs
✅ Take Me Home Tonight (Rock Star Romance #3)
✅ The Past Never Ends
✅ The Improbability of Love
✅ Pet Sematary
✅ Drive: The Surprising Truth About What Motivates Us
✅ The Rosie Project (Don Tillman #1)
✅ M Train
✅ Troublemaker: Surviving Hollywood and Scientology
✅ Batman: Europa
✅ A Mother's Reckoning: Living in the Aftermath of Tragedy
✅ NaNo What Now? Finding your editing process, revising your NaNoWriMo book and building a writing career through publishing and beyond
✅ The Three Searches, Meaning, and the Story
✅ Rip it Up and Start Again
✅ Daily Fantasy Sports
✅ Call the Nurse: True Stories of a Country Nurse on a Scottish Isle
✅ We Love You, Charlie Freeman
✅ Why the Right Went Wrong: Conservatism--From Goldwater to the Tea Party and Beyond
✅ The Art Forger
✅ Setting the World on Fire: The Brief, Astonishing Life of St. Catherine of Siena
✅ Aladdin and His Wonderful Lamp
✅ The Wright Brothers
✅ Lumberjanes Vol. 3: A Terrible Plan (Lumberjanes #9-12)
✅ Sharp Objects
✅ In a Dark, Dark Wood
✅ Unbroken: A World War II Story of Survival, Resilience, and Redemption
✅ The Omnivore's Dilemma: A Natural History of Four Meals
✅ Romero and Juliet: A Tragic Tale of Love and Zombies
✅ Soft Apocalypse
✅ Fruits Basket, Vol. 9 (Fruits Basket #9)
✅ Tastes Like Fear (DI Marnie Rome #3)
✅ Untitled Collection: Sabbath Poems 2014
✅ The Argonauts
✅ Cell
✅ The Four Agreements: A Practical Guide to Personal Freedom
✅ The Lucifer Effect: Understanding How Good People Turn Evil
✅ Thirteen Reasons Why
✅ Saga, Volume 6 (Saga (Collected Editions) #6)
✅ Scarlett Epstein Hates It Here
✅ 1491: New Revelations of the Americas Before Columbus
✅ Princess Between Worlds (Wide-Awake Princess #5)
✅ Equal Is Unfair: America's Misguided Fight Against Income Inequality
✅ The Midnight Watch: A Novel of the Titanic and the Californian
✅ The Nameless City (The Nameless City #1)
✅ salt.
✅ Angels & Demons (Robert Langdon #1)
✅ Chasing Heaven: What Dying Taught Me About Living
✅ First Steps for New Christians (Print Edition)
✅ Slow States of Collapse: Poems
✅ The Flowers Lied
✅ Dear Mr. Knightley
✅ Overload: How to Unplug, Unwind, and Unleash Yourself from the Pressure of Stress
✅ Everydata: The Misinformation Hidden in the Little Data You Consume Every Day
✅ Angels Walking (Angels Walking #1)
✅ Brain on Fire: My Month of Madness
✅ The Kite Runner
✅ Most Wanted
✅ Island of Dragons (Unwanteds #7)
✅ The Love and Lemons Cookbook: An Apple-to-Zucchini Celebration of Impromptu Cooking
✅ The Electric Pencil: Drawings from Inside State Hospital No. 3
✅ Buying In: The Secret Dialogue Between What We Buy and Who We Are
✅ Something More Than This
✅ The Project
✅ Swell: A Year of Waves
✅ Balloon Animals
✅ The Shack
✅ A World of Flavor: Your Gluten Free Passport
✅ Her Backup Boyfriend (The Sorensen Family #1)
✅ The Regional Office Is Under Attack!
✅ On a Midnight Clear
✅ Exit, Pursued by a Bear
✅ A Distant Mirror: The Calamitous 14th Century
✅ Every Last Word
✅ The Requiem Red
✅ Rook
✅ Secrets and Lace (Fatal Hearts #1)
✅ Dark Notes
✅ Tuesday Nights in 1980
✅ The Song of Achilles
✅ The Guilty (Will Robie #4)
✅ First and First (Five Boroughs #3)
✅ Tracing Numbers on a Train
✅ The Hidden Oracle (The Trials of Apollo #1)
✅ (Un)Qualified: How God Uses Broken People to Do Big Things
✅ Let It Out: A Journey Through Journaling
✅ Catching Jordan (Hundred Oaks)
✅ Hyperbole and a Half: Unfortunate Situations, Flawed Coping Mechanisms, Mayhem, and Other Things That Happened
✅ Tipping the Velvet
✅ The Coming Woman: A Novel Based on the Life of the Infamous Feminist, Victoria Woodhull
✅ Shtum
✅ Sapiens: A Brief History of Humankind
✅ The Bad-Ass Librarians of Timbuktu: And Their Race to Save the World’s Most Precious Manuscripts
✅ Bitch Planet, Vol. 1: Extraordinary Machine (Bitch Planet (Collected Editions))
✅ The Long Haul (Diary of a Wimpy Kid #9)
✅ Zealot: The Life and Times of Jesus of Nazareth
✅ Red Hood/Arsenal, Vol. 1: Open for Business (Red Hood/Arsenal #1)
✅ Sophie's World
✅ Eat Fat, Get Thin
✅ The Golden Condom: And Other Essays on Love Lost and Found
✅ Art Ops Vol. 1
✅ Eligible (The Austen Project #4)
✅ Without Borders (Wanderlove #1)
✅ Masks and Shadows
✅ Fifty Shades Darker (Fifty Shades #2)
✅ Wild Swans
✅ The Power of Now: A Guide to Spiritual Enlightenment
✅ I Am Pilgrim (Pilgrim #1)
✅ America's Cradle of Quarterbacks: Western Pennsylvania's Football Factory from Johnny Unitas to Joe Montana
✅ Camp Midnight
✅ Reskilling America: Learning to Labor in the Twenty-First Century
✅ Off the Hook (Fishing for Trouble #1)
✅ Black Dust
✅ Penny Maybe
✅ Looking for Lovely: Collecting the Moments that Matter
✅ Scott Pilgrim's Precious Little Life (Scott Pilgrim #1)
✅ Clockwork Angel (The Infernal Devices #1)
✅ A Brush of Wings (Angels Walking #3)
✅ No Dream Is Too High: Life Lessons From a Man Who Walked on the Moon
✅ Hide Away (Eve Duncan #20)
✅ 10% Happier: How I Tamed the Voice in My Head, Reduced Stress Without Losing My Edge, and Found Self-Help That Actually Works
✅ The First Hostage (J.B. Collins #2)
✅ Everyday Italian: 125 Simple and Delicious Recipes
✅ Reasons to Stay Alive
✅ The Black Maria
✅ So You've Been Publicly Shamed
✅ My Kind of Crazy
✅ Fables, Vol. 1: Legends in Exile (Fables #1)
✅ The Wedding Pact (The O'Malleys #2)
✅ The Most Perfect Thing: Inside (and Outside) a Bird's Egg
✅ Eleanor & Park
✅ Underlying Notes
✅ A Study in Scarlet (Sherlock Holmes #1)
✅ So Cute It Hurts!!, Vol. 6 (So Cute It Hurts!! #6)
✅ Chase Me (Paris Nights #2)
✅ Tsubasa: WoRLD CHRoNiCLE 2 (Tsubasa WoRLD CHRoNiCLE #2)
✅ Furiously Happy: A Funny Book About Horrible Things
✅ Will You Won't You Want Me?
✅ Lab Girl
✅ A Light in the Attic
✅ All the Light We Cannot See
✅ The Secret of Dreadwillow Carse
✅ The Time Keeper
✅ The Book of Mormon
✅ The Nerdy Nummies Cookbook: Sweet Treats for the Geek in All of Us
✅ Hollow City (Miss Peregrine’s Peculiar Children #2)
✅ The Murder That Never Was (Forensic Instincts #5)
✅ Aristotle and Dante Discover the Secrets of the Universe (Aristotle and Dante Discover the Secrets of the Universe #1)
✅ Security
✅ The White Queen (The Cousins' War #1)
✅ Carry On, Warrior: Thoughts on Life Unarmed
✅ I Hate Fairyland, Vol. 1: Madly Ever After (I Hate Fairyland (Compilations) #1-5)
✅ Psycho: Sanitarium (Psycho #1.5)
✅ The Murder of Roger Ackroyd (Hercule Poirot #4)
✅ Poisonous (Max Revere Novels #3)
✅ The Wedding Dress
✅ How to Speak Golf: An Illustrated Guide to Links Lingo
✅ The Bulletproof Diet: Lose up to a Pound a Day, Reclaim Energy and Focus, Upgrade Your Life
✅ A Time of Torment (Charlie Parker #14)
✅ The Dirty Little Secrets of Getting Your Dream Job
✅ Rain Fish
✅ Finders Keepers (Bill Hodges Trilogy #2)
✅ The Year of Magical Thinking
✅ Someone Like You (The Harrisons #2)
✅ The Bear and the Piano
✅ Naruto (3-in-1 Edition), Vol. 14: Includes Vols. 40, 41 & 42 (Naruto: Omnibus #14)
✅ Quench Your Own Thirst: Business Lessons Learned Over a Beer or Two
✅ Barefoot Contessa at Home: Everyday Recipes You'll Make Over and Over Again
✅ The Widow
✅ The New Brand You: Your New Image Makes the Sale for You
✅ Lumberjanes, Vol. 2: Friendship to the Max (Lumberjanes #5-8)
✅ Shakespeare's Sonnets
✅ My Paris Kitchen: Recipes and Stories
✅ Layered: Baking, Building, and Styling Spectacular Cakes
✅ The Boys in the Boat: Nine Americans and Their Epic Quest for Gold at the 1936 Berlin Olympics
✅ The Moosewood Cookbook: Recipes from Moosewood Restaurant, Ithaca, New York
✅ Lumberjanes, Vol. 1: Beware the Kitten Holy (Lumberjanes #1-4)
✅ Spark Joy: An Illustrated Master Class on the Art of Organizing and Tidying Up
✅ Unbound: How Eight Technologies Made Us Human, Transformed Society, and Brought Our World to the Brink
✅ Codename Baboushka, Volume 1: The Conclave of Death
✅ Behind Closed Doors
✅ When We Collided
✅ One with You (Crossfire #5)
✅ Dirty (Dive Bar #1)
✅ Cravings: Recipes for What You Want to Eat
✅ Born for This: How to Find the Work You Were Meant to Do
✅ The Glittering Court (The Glittering Court #1)
✅ The Secret (The Secret #1)
✅ The Immortal Life of Henrietta Lacks
✅ Whole Lotta Creativity Going On: 60 Fun and Unusual Exercises to Awaken and Strengthen Your Creativity
✅ Love, Lies and Spies
✅ Demigods & Magicians: Percy and Annabeth Meet the Kanes (Percy Jackson & Kane Chronicles Crossover #1-3)
✅ The Art of War
✅ Mother, Can You Not?
✅ The Bridge to Consciousness: I'm Writing the Bridge Between Science and Our Old and New Beliefs.
✅ Library of Souls (Miss Peregrine’s Peculiar Children #3)
✅ Sorting the Beef from the Bull: The Science of Food Fraud Forensics
✅ The Emerald Mystery
✅ The 10% Entrepreneur: Live Your Startup Dream Without Quitting Your Day Job
✅ You Are What You Love: The Spiritual Power of Habit
✅ Judo: Seven Steps to Black Belt (an Introductory Guide for Beginners)
✅ Frostbite (Vampire Academy #2)
✅ Patience
✅ What's It Like in Space?: Stories from Astronauts Who've Been There
✅ Modern Day Fables
✅ Mesaerion: The Best Science Fiction Stories 1800-1849
✅ Wonder Woman: Earth One, Volume One (Wonder Woman: Earth One #1)
✅ No Love Allowed (Dodge Cove #1)
✅ The Loney
✅ Immunity: How Elie Metchnikoff Changed the Course of Modern Medicine
✅ Daring Greatly: How the Courage to Be Vulnerable Transforms the Way We Live, Love, Parent, and Lead
✅ The Activist's Tao Te Ching: Ancient Advice for a Modern Revolution
✅ In the Country We Love: My Family Divided
✅ Doing It Over (Most Likely To #1)
✅ Lies and Other Acts of Love
✅ The Fabric of the Cosmos: Space, Time, and the Texture of Reality
✅ The Pioneer Woman Cooks: Dinnertime: Comfort Classics, Freezer Food, 16-Minute Meals, and Other Delicious Ways to Solve Supper!
✅ Superman Vol. 1: Before Truth (Superman by Gene Luen Yang #1)
✅ Tipping Point for Planet Earth: How Close Are We to the Edge?
✅ In Her Wake
✅ Nightingale, Sing
✅ Lowriders to the Center of the Earth (Lowriders in Space #2)
✅ Becoming Wise: An Inquiry into the Mystery and Art of Living
✅ Birdsong: A Story in Pictures
✅ The Life-Changing Magic of Tidying Up: The Japanese Art of Decluttering and Organizing
✅ Unicorn Tracks
✅ The Testament of Mary
✅ Amid the Chaos
✅ Greek Mythic History
✅ Follow You Home
✅ Throwing Rocks at the Google Bus: How Growth Became the Enemy of Prosperity
✅ Giant Days, Vol. 2 (Giant Days #5-8)
✅ The Help Yourself Cookbook for Kids: 60 Easy Plant-Based Recipes Kids Can Make to Stay Healthy and Save the Earth
✅ A Gentleman's Position (Society of Gentlemen #3)
✅ Suddenly in Love (Lake Haven #1)
✅ Batman: The Dark Knight Returns (Batman)
✅ Don't Get Caught
✅ Snatched: How A Drug Queen Went Undercover for the DEA and Was Kidnapped By Colombian Guerillas
✅ Join
✅ Code Name Verity (Code Name Verity #1)
✅ The Genius of Birds
✅ Searching for Meaning in Gailana
✅ The Art of Startup Fundraising
✅ Foolproof Preserving: A Guide to Small Batch Jams, Jellies, Pickles, Condiments, and More: A Foolproof Guide to Making Small Batch Jams, Jellies, Pickles, Condiments, and More
✅ Poses for Artists Volume 1 - Dynamic and Sitting Poses: An Essential Reference for Figure Drawing and the Human Form
✅ Adulthood Is a Myth: A "Sarah's Scribbles" Collection
✅ Take Me with You
✅ Little Red
✅ It's Only the Himalayas
✅ Adultery
✅ The Alien Club
✅ Throne of Glass (Throne of Glass #1)
✅ Miss Peregrine’s Home for Peculiar Children (Miss Peregrine’s Peculiar Children #1)
✅ Obsidian (Lux #1)
✅ The Vacationers
✅ Don't Be a Jerk: And Other Practical Advice from Dogen, Japan's Greatest Zen Master
✅ Raspberry Pi Electronics Projects for the Evil Genius
✅ Glory over Everything: Beyond The Kitchen House
✅ Crown of Midnight (Throne of Glass #2)
✅ Lady Midnight (The Dark Artifices #1)
✅ The 14th Colony (Cotton Malone #11)
✅ #HigherSelfie: Wake Up Your Life. Free Your Soul. Find Your Tribe.
✅ 10-Day Green Smoothie Cleanse: Lose Up to 15 Pounds in 10 Days!
✅ The Death of Humanity: and the Case for Life
✅ This One Summer
✅ We Are Robin, Vol. 1: The Vigilante Business (We Are Robin #1)
✅ A Man Called Ove
✅ The Literature Book (Big Ideas Simply Explained)
✅ 13 Hours: The Inside Account of What Really Happened In Benghazi
✅ Daredevils
✅ A Series of Catastrophes and Miracles: A True Story of Love, Science, and Cancer
✅ More Than Music (Chasing the Dream #1)
✅ Agnostic: A Spirited Manifesto
✅ Murder at the 42nd Street Library (Raymond Ambler #1)
✅ Quarter Life Poetry: Poems for the Young, Broke and Hangry
✅ The Psychopath Test: A Journey Through the Madness Industry
✅ The Cookies & Cups Cookbook: 125+ sweet & savory recipes reminding you to Always Eat Dessert First
✅ Bossypants
✅ Pop Gun War, Volume 1: Gift
✅ Night Sky with Exit Wounds
✅ Don't Forget Steven
✅ My Mrs. Brown
✅ Keep Me Posted
✅ The Darkest Lie
✅ The Artist's Way: A Spiritual Path to Higher Creativity
✅ Amy Meets the Saints and Sages
✅ Until Friday Night (The Field Party #1)
✅ Close to You
✅ Made to Stick: Why Some Ideas Survive and Others Die
✅ A Court of Thorns and Roses (A Court of Thorns and Roses #1)
✅ Dress Your Family in Corduroy and Denim
✅ Amatus
✅ Rat Queens, Vol. 3: Demons (Rat Queens (Collected Editions) #11-15)
✅ City of Ashes (The Mortal Instruments #2)
✅ The Epidemic (The Program 0.6)
✅ You can't bury them all: Poems
✅ The Torch Is Passed: A Harding Family Story
✅ Outcast, Vol. 1: A Darkness Surrounds Him (Outcast #1)
✅ A la Mode: 120 Recipes in 60 Pairings: Pies, Tarts, Cakes, Crisps, and More Topped with Ice Cream, Gelato, Frozen Custard, and More
✅ Feathers: Displays of Brilliant Plumage
✅ Steve Jobs
✅ Worlds Elsewhere: Journeys Around Shakespeare’s Globe
✅ The Long Shadow of Small Ghosts: Murder and Memory in an American City
✅ The Gray Rhino: How to Recognize and Act on the Obvious Dangers We Ignore
✅ Maude (1883-1993):She Grew Up with the country
✅ Thomas Jefferson and the Tripoli Pirates: The Forgotten War That Changed American History
✅ The Inefficiency Assassin: Time Management Tactics for Working Smarter, Not Longer
✅ Through the Woods
✅ Living Leadership by Insight: A Good Leader Achieves, a Great Leader Builds Monuments
✅ Eureka Trivia 6.0
✅ orange: The Complete Collection 1 (orange: The Complete Collection #1)
✅ The Mistake (Off-Campus #2)
✅ Crazy Love: Overwhelmed by a Relentless God
✅ I Had a Nice Time And Other Lies...: How to find love & sh*t like that
✅ Anonymous
✅ V for Vendetta (V for Vendetta Complete)
✅ A People's History of the United States
✅ Danganronpa Volume 1
✅ Modern Romance
✅ Mr. Mercedes (Bill Hodges Trilogy #1)
✅ Saga, Volume 5 (Saga (Collected Editions) #5)
✅ Batman: The Long Halloween (Batman)
✅ That Darkness (Gardiner and Renner #1)
✅ Large Print Heart of the Pride
✅ You (You #1)
✅ The Mindfulness and Acceptance Workbook for Anxiety: A Guide to Breaking Free from Anxiety, Phobias, and Worry Using Acceptance and Commitment Therapy
✅ Burning
✅ Hush, Hush (Hush, Hush #1)
✅ The House by the Lake
✅ The Dovekeepers
✅ Suzie Snowflake: One beautiful flake (a self-esteem story)
✅ Forever and Forever: The Courtship of Henry Longfellow and Fanny Appleton
✅ The Age of Genius: The Seventeenth Century and the Birth of the Modern Mind
✅ Cometh the Hour (The Clifton Chronicles #6)
✅ Done Rubbed Out (Reightman & Bailey #1)
✅ Private Paris (Private #10)
✅ See America: A Celebration of Our National Parks & Treasured Sites
✅ Redeeming Love
✅ Shobu Samurai, Project Aryoku (#3)
✅ Luckiest Girl Alive
✅ Princess Jellyfish 2-in-1 Omnibus, Vol. 01 (Princess Jellyfish 2-in-1 Omnibus #1)
✅ Deliciously Ella Every Day: Quick and Easy Recipes for Gluten-Free Snacks, Packed Lunches, and Simple Meals
✅ Far & Away: Places on the Brink of Change: Seven Continents, Twenty-Five Years
✅ Soumission
✅ Eight Hundred Grapes
✅ The Five Love Languages: How to Express Heartfelt Commitment to Your Mate
✅ The Shadow Hero (The Shadow Hero)
✅ Old School (Diary of a Wimpy Kid #10)
✅ A Paris Apartment
✅ Political Suicide: Missteps, Peccadilloes, Bad Calls, Backroom Hijinx, Sordid Pasts, Rotten Breaks, and Just Plain Dumb Mistakes in the Annals of American Politics
✅ The Songs of the Gods
✅ Big Magic: Creative Living Beyond Fear
✅ A Flight of Arrows (The Pathfinders #2)
✅ The Sleep Revolution: Transforming Your Life, One Night at a Time
✅ Love Is a Mix Tape (Music #1)
✅ Mama Tried: Traditional Italian Cooking for the Screwed, Crude, Vegan, and Tattooed
✅ How to Be Miserable: 40 Strategies You Already Use
✅ Grey (Fifty Shades #4)
✅ I Know What I'm Doing -- and Other Lies I Tell Myself: Dispatches from a Life Under Construction
✅ Stars Above (The Lunar Chronicles #4.5)
✅ City of Bones (The Mortal Instruments #1)
✅ I am a Hero Omnibus Volume 1
✅ The White Cat and the Monk: A Retelling of the Poem “Pangur Bán”
✅ A Fierce and Subtle Poison
✅ Soul Reader
✅ The Natural History of Us (The Fine Art of Pretending #2)
✅ Louisa: The Extraordinary Life of Mrs. Adams
✅ Set Me Free
✅ 11/22/63
✅ Lilac Girls
✅ Ayumi's Violin
✅ Beauty Restored (Riley Family Legacy Novellas #3)
✅ Walt Disney's Alice in Wonderland
✅ If I Gave You God's Phone Number....: Searching for Spirituality in America
✅ City of Glass (The Mortal Instruments #3)
✅ The Marriage of Opposites
✅ God: The Most Unpleasant Character in All Fiction
✅ Olio
✅ It's All Easy: Healthy, Delicious Weeknight Meals in under 30 Minutes
✅ City of Fallen Angels (The Mortal Instruments #4)
✅ Unseen City: The Majesty of Pigeons, the Discreet Charm of Snails & Other Wonders of the Urban Wilderness
✅ How Music Works
✅ The Girl on the Train
✅ Poems That Make Grown Women Cry
✅ William Shakespeare's Star Wars: Verily, A New Hope (William Shakespeare's Star Wars #4)
✅ Hold Your Breath (Search and Rescue #1)
✅ My Kitchen Year: 136 Recipes That Saved My Life
✅ The Power of Habit: Why We Do What We Do in Life and Business
✅ Mothering Sunday
✅ A Murder in Time
✅ The Dinner Party
✅ Hamilton: The Revolution
✅ The Third Wave: An Entrepreneur’s Vision of the Future
✅ Nap-a-Roo
✅ Thirst
✅ Eaternity: More than 150 Deliciously Easy Vegan Recipes for a Long, Healthy, Satisfied, Joyful Life
✅ Carrie
✅ Twenty Yawns
✅ Doctor Sleep (The Shining #2)
✅ Libertarianism for Beginners
✅ Without Shame
✅ The Matchmaker's Playbook (Wingmen Inc. #1)
✅ The Elephant Tree
✅ Watchmen
✅ It Didn't Start with You: How Inherited Family Trauma Shapes Who We Are and How to End the Cycle
✅ A Piece of Sky, a Grain of Rice: A Memoir in Four Meditations
✅ Full Moon over Noah’s Ark: An Odyssey to Mount Ararat and Beyond
✅ Barefoot Contessa Back to Basics
✅ This Is Where It Ends
✅ Wall and Piece
✅ The Star-Touched Queen
✅ Robin War
✅ The Children
✅ The Art and Science of Low Carbohydrate Living
✅ El Deafo
✅ Our Band Could Be Your Life: Scenes from the American Indie Underground, 1981-1991
✅ Playing with Fire
✅ Shoe Dog: A Memoir by the Creator of NIKE
✅ Algorithms to Live By: The Computer Science of Human Decisions
✅ Abstract City
✅ The Diary of a Young Girl
✅ Online Marketing for Busy Authors: A Step-By-Step Guide
✅ The Bane Chronicles (The Bane Chronicles #1-11)
📊 439 lignes ajoutées avec succès dans data/books.csv
📑 Scan de la page : https://books.toscrape.com/catalogue/page-1.html
📑 Scan de la page : https://books.toscrape.com/catalogue/page-2.html
📑 Scan de la page : https://books.toscrape.com/catalogue/page-3.html
📑 Scan de la page : https://books.toscrape.com/catalogue/page-4.html
📑 Scan de la page : https://books.toscrape.com/catalogue/page-5.html
📑 Scan de la page : https://books.toscrape.com/catalogue/page-6.html
⚠️ Tentative 1/3 échouée pour https://books.toscrape.com/catalogue/page-6.html
📑 Scan de la page : https://books.toscrape.com/catalogue/page-7.html
📑 Scan de la page : https://books.toscrape.com/catalogue/page-8.html
📑 Scan de la page : https://books.toscrape.com/catalogue/page-9.html
📑 Scan de la page : https://books.toscrape.com/catalogue/page-10.html
📑 Scan de la page : https://books.toscrape.com/catalogue/page-11.html
📑 Scan de la page : https://books.toscrape.com/catalogue/page-12.html
📑 Scan de la page : https://books.toscrape.com/catalogue/page-13.html
📑 Scan de la page : https://books.toscrape.com/catalogue/page-14.html
📑 Scan de la page : https://books.toscrape.com/catalogue/page-15.html
📑 Scan de la page : https://books.toscrape.com/catalogue/page-16.html
📑 Scan de la page : https://books.toscrape.com/catalogue/page-17.html
📑 Scan de la page : https://books.toscrape.com/catalogue/page-18.html
📑 Scan de la page : https://books.toscrape.com/catalogue/page-19.html
📑 Scan de la page : https://books.toscrape.com/catalogue/page-20.html
📑 Scan de la page : https://books.toscrape.com/catalogue/page-21.html
📑 Scan de la page : https://books.toscrape.com/catalogue/page-22.html
📑 Scan de la page : https://books.toscrape.com/catalogue/page-23.html
📑 Scan de la page : https://books.toscrape.com/catalogue/page-24.html
📑 Scan de la page : https://books.toscrape.com/catalogue/page-25.html
📑 Scan de la page : https://books.toscrape.com/catalogue/page-26.html
📑 Scan de la page : https://books.toscrape.com/catalogue/page-27.html
📑 Scan de la page : https://books.toscrape.com/catalogue/page-28.html
📑 Scan de la page : https://books.toscrape.com/catalogue/page-29.html
📑 Scan de la page : https://books.toscrape.com/catalogue/page-30.html
📑 Scan de la page : https://books.toscrape.com/catalogue/page-31.html
📑 Scan de la page : https://books.toscrape.com/catalogue/page-32.html
📑 Scan de la page : https://books.toscrape.com/catalogue/page-33.html
📑 Scan de la page : https://books.toscrape.com/catalogue/page-34.html
📑 Scan de la page : https://books.toscrape.com/catalogue/page-35.html
📑 Scan de la page : https://books.toscrape.com/catalogue/page-36.html
📑 Scan de la page : https://books.toscrape.com/catalogue/page-37.html
📑 Scan de la page : https://books.toscrape.com/catalogue/page-38.html
📑 Scan de la page : https://books.toscrape.com/catalogue/page-39.html
📑 Scan de la page : https://books.toscrape.com/catalogue/page-40.html
📑 Scan de la page : https://books.toscrape.com/catalogue/page-41.html
📑 Scan de la page : https://books.toscrape.com/catalogue/page-42.html
📑 Scan de la page : https://books.toscrape.com/catalogue/page-43.html
📑 Scan de la page : https://books.toscrape.com/catalogue/page-44.html
📑 Scan de la page : https://books.toscrape.com/catalogue/page-45.html
📑 Scan de la page : https://books.toscrape.com/catalogue/page-46.html
📑 Scan de la page : https://books.toscrape.com/catalogue/page-47.html
📑 Scan de la page : https://books.toscrape.com/catalogue/page-48.html
⚠️ Tentative 1/3 échouée pour https://books.toscrape.com/catalogue/page-48.html
📑 Scan de la page : https://books.toscrape.com/catalogue/page-49.html
📑 Scan de la page : https://books.toscrape.com/catalogue/page-50.html
📑 Scan de la page : https://books.toscrape.com/catalogue/page-51.html
⚠️ Tentative 1/3 échouée pour https://books.toscrape.com/catalogue/page-51.html
⚠️ Tentative 2/3 échouée pour https://books.toscrape.com/catalogue/page-51.html
⚠️ Tentative 3/3 échouée pour https://books.toscrape.com/catalogue/page-51.html
📑 Scan de la page : https://books.toscrape.com/catalogue/page-52.html
⚠️ Tentative 1/3 échouée pour https://books.toscrape.com/catalogue/page-52.html
⚠️ Tentative 2/3 échouée pour https://books.toscrape.com/catalogue/page-52.html
⚠️ Tentative 3/3 échouée pour https://books.toscrape.com/catalogue/page-52.html
📑 Scan de la page : https://books.toscrape.com/catalogue/page-53.html
⚠️ Tentative 1/3 échouée pour https://books.toscrape.com/catalogue/page-53.html
⚠️ Tentative 2/3 échouée pour https://books.toscrape.com/catalogue/page-53.html
⚠️ Tentative 3/3 échouée pour https://books.toscrape.com/catalogue/page-53.html
🛑 3 échecs consécutifs. Fin du catalogue ou site inaccessible.
✅ The Silent Twin (Detective Jennifer Knight #3)
✅ Settling the Score (The Summer Games #1)
✅ The Art of Simple Food: Notes, Lessons, and Recipes from a Delicious Revolution
✅ A Hero's Curse (The Unseen Chronicles #1)
✅ Penny Maybe
✅ Dirty (Dive Bar #1)
✅ The Year of Living Biblically: One Man's Humble Quest to Follow the Bible as Literally as Possible
✅ The Girl on the Train
✅ The House by the Lake
✅ It's Only the Himalayas
✅ A World of Flavor: Your Gluten Free Passport
✅ The Secret (The Secret #1)
✅ 32 Yolks
✅ The Cat in the Hat (Beginner Books B-1)
✅ The Girl You Left Behind (The Girl You Left Behind #1)
✅ In Her Wake
✅ Red Hood/Arsenal, Vol. 1: Open for Business (Red Hood/Arsenal #1)
✅ The Midnight Watch: A Novel of the Titanic and the Californian
✅ Miracles from Heaven: A Little Girl, Her Journey to Heaven, and Her Amazing Story of Healing
✅ Amy Meets the Saints and Sages
✅ Harry Potter and the Deathly Hallows (Harry Potter #7)
✅ Horrible Bear!
✅ House of Lost Worlds: Dinosaurs, Dynasties, and the Story of Life on Earth
✅ The Stranger
✅ Lumberjanes Vol. 3: A Terrible Plan (Lumberjanes #9-12)
✅ Three-Martini Lunch
✅ The Girl In The Ice (DCI Erika Foster #1)
✅ The Epidemic (The Program 0.6)
✅ The Barefoot Contessa Cookbook
✅ Judo: Seven Steps to Black Belt (an Introductory Guide for Beginners)
✅ Don't Get Caught
✅ Misery
✅ Without Borders (Wanderlove #1)
✅ Kill 'Em and Leave: Searching for James Brown and the American Soul
✅ The Giver (The Giver Quartet #1)
✅ Life, the Universe and Everything (Hitchhiker's Guide to the Galaxy #3)
✅ Far From True (Promise Falls Trilogy #2)
✅ And Then There Were None
✅ The Iliad
✅ The Natural History of Us (The Fine Art of Pretending #2)
✅ Fun Home: A Family Tragicomic
✅ Lola and the Boy Next Door (Anna and the French Kiss #2)
✅ Balloon Animals
✅ Data, A Love Story: How I Gamed Online Dating to Meet My Match
✅ Poses for Artists Volume 1 - Dynamic and Sitting Poses: An Essential Reference for Figure Drawing and the Human Form
✅ The Grand Design
✅ Under the Banner of Heaven: A Story of Violent Faith
✅ Zero to One: Notes on Startups, or How to Build the Future
✅ The Bad-Ass Librarians of Timbuktu: And Their Race to Save the World’s Most Precious Manuscripts
✅ Online Marketing for Busy Authors: A Step-By-Step Guide
✅ Adultery
✅ How to Be a Domestic Goddess: Baking and the Art of Comfort Cooking
✅ Once Was a Time
✅ Wuthering Heights
✅ #HigherSelfie: Wake Up Your Life. Free Your Soul. Find Your Tribe.
✅ The Purest Hook (Second Circle Tattoos #3)
✅ Shadows of the Past (Logan Point #1)
✅ 'Salem's Lot
✅ Running with Scissors
✅ John Vassos: Industrial Design for Modern Life
✅ The Matchmaker's Playbook (Wingmen Inc. #1)
✅ Sorting the Beef from the Bull: The Science of Food Fraud Forensics
✅ Sleeping Giants (Themis Files #1)
✅ Boar Island (Anna Pigeon #19)
✅ A Feast for Crows (A Song of Ice and Fire #4)
⚠️ Tentative 1/3 échouée pour https://books.toscrape.com/catalogue/rising-strong_539/index.html
✅ Rising Strong
✅ The Thing About Jellyfish
✅ The Little Prince
✅ Someone Like You (The Harrisons #2)
✅ The Midnight Assassin: Panic, Scandal, and the Hunt for America's First Serial Killer
✅ The Whale
✅ Big Magic: Creative Living Beyond Fear
✅ Lost Among the Living
✅ 1st to Die (Women's Murder Club #1)
✅ My Kind of Crazy
✅ Ready Player One
✅ The Sleep Revolution: Transforming Your Life, One Night at a Time
✅ The Wedding Pact (The O'Malleys #2)
✅ Patience
✅ The Communist Manifesto
✅ The Murder of Roger Ackroyd (Hercule Poirot #4)
✅ Anonymous
✅ 23 Degrees South: A Tropical Tale of Changing Whether...
✅ See America: A Celebration of Our National Parks & Treasured Sites
✅ Night Shift (Night Shift #1-20)
✅ Glory over Everything: Beyond The Kitchen House
✅ Run, Spot, Run: The Ethics of Keeping Pets
✅ The Dirty Little Secrets of Getting Your Dream Job
✅ Hamilton: The Revolution
✅ Psycho: Sanitarium (Psycho #1.5)
✅ The Collected Poems of W.B. Yeats (The Collected Works of W.B. Yeats #1)
✅ The False Prince (The Ascendance Trilogy #1)
✅ It's All Easy: Healthy, Delicious Weeknight Meals in under 30 Minutes
✅ Holidays on Ice
✅ Dracula
✅ My Name Is Lucy Barton
✅ The Perfect Play (Play by Play #1)
✅ The Beast (Black Dagger Brotherhood #14)
✅ The Electric Pencil: Drawings from Inside State Hospital No. 3
✅ Code Name Verity (Code Name Verity #1)
✅ Give It Back
✅ Kitchens of the Great Midwest
✅ A Shard of Ice (The Black Symphony Saga #1)
✅ Romero and Juliet: A Tragic Tale of Love and Zombies
✅ Aladdin and His Wonderful Lamp
✅ Fruits Basket, Vol. 9 (Fruits Basket #9)
✅ Little Women (Little Women #1)
✅ Spilled Milk: Based on a True Story
✅ Les Fleurs du Mal
✅ Can You Keep a Secret? (Fear Street Relaunch #4)
✅ Brave Enough
✅ The Songs of the Gods
✅ Luis Paints the World
✅ The Argonauts
✅ Brilliant Beacons: A History of the American Lighthouse
✅ Ouran High School Host Club, Vol. 1 (Ouran High School Host Club #1)
✅ Carry On, Warrior: Thoughts on Life Unarmed
✅ The Shack
✅ The 14th Colony (Cotton Malone #11)
✅ Catastrophic Happiness: Finding Joy in Childhood's Messy Years
✅ The Dream Thieves (The Raven Cycle #2)
✅ NaNo What Now? Finding your editing process, revising your NaNoWriMo book and building a writing career through publishing and beyond
✅ Beowulf
✅ One Second (Seven #7)
✅ While You Were Mine
✅ Unlimited Intuition Now
✅ Louisa: The Extraordinary Life of Mrs. Adams
✅ The High Mountains of Portugal
✅ Walk the Edge (Thunder Road #2)
✅ The Bulletproof Diet: Lose up to a Pound a Day, Reclaim Energy and Focus, Upgrade Your Life
✅ No One Here Gets Out Alive
✅ The Paris Wife
✅ Until Friday Night (The Field Party #1)
✅ Origins (Alphas 0.5)
✅ The Guernsey Literary and Potato Peel Pie Society
✅ Alight (The Generations Trilogy #2)
✅ The Land of 10,000 Madonnas
✅ The Fault in Our Stars
✅ Close to You
✅ Frostbite (Vampire Academy #2)
✅ Into the Wild
✅ The Past Never Ends
✅ The Case for Christ (Cases for Christianity)
✅ Keep Me Posted
✅ The Raven King (The Raven Cycle #4)
✅ Twenties Girl
✅ Counted With the Stars (Out from Egypt #1)
✅ Shrunken Treasures: Literary Classics, Short, Sweet, and Silly
✅ Lord of the Flies
✅ The Bridge to Consciousness: I'm Writing the Bridge Between Science and Our Old and New Beliefs.
✅ The Complete Maus (Maus #1-2)
✅ Mrs. Houdini
✅ The Lean Startup: How Today's Entrepreneurs Use Continuous Innovation to Create Radically Successful Businesses
✅ The Rosie Project (Don Tillman #1)
⚠️ Tentative 1/3 échouée pour https://books.toscrape.com/catalogue/gratitude_163/index.html
⚠️ Tentative 2/3 échouée pour https://books.toscrape.com/catalogue/gratitude_163/index.html
⚠️ Tentative 3/3 échouée pour https://books.toscrape.com/catalogue/gratitude_163/index.html
⚠️ Tentative 1/3 échouée pour https://books.toscrape.com/catalogue/throne-of-glass-throne-of-glass-1_868/index.html
⚠️ Tentative 2/3 échouée pour https://books.toscrape.com/catalogue/throne-of-glass-throne-of-glass-1_868/index.html
⚠️ Tentative 3/3 échouée pour https://books.toscrape.com/catalogue/throne-of-glass-throne-of-glass-1_868/index.html
⚠️ Tentative 1/3 échouée pour https://books.toscrape.com/catalogue/the-coming-woman-a-novel-based-on-the-life-of-the-infamous-feminist-victoria-woodhull_993/index.html
⚠️ Tentative 2/3 échouée pour https://books.toscrape.com/catalogue/the-coming-woman-a-novel-based-on-the-life-of-the-infamous-feminist-victoria-woodhull_993/index.html
⚠️ Tentative 3/3 échouée pour https://books.toscrape.com/catalogue/the-coming-woman-a-novel-based-on-the-life-of-the-infamous-feminist-victoria-woodhull_993/index.html
⚠️ Tentative 1/3 échouée pour https://books.toscrape.com/catalogue/furiously-happy-a-funny-book-about-horrible-things_619/index.html
⚠️ Tentative 2/3 échouée pour https://books.toscrape.com/catalogue/furiously-happy-a-funny-book-about-horrible-things_619/index.html
⚠️ Tentative 3/3 échouée pour https://books.toscrape.com/catalogue/furiously-happy-a-funny-book-about-horrible-things_619/index.html
⚠️ Tentative 1/3 échouée pour https://books.toscrape.com/catalogue/mothering-sunday_600/index.html
⚠️ Tentative 2/3 échouée pour https://books.toscrape.com/catalogue/mothering-sunday_600/index.html
⚠️ Tentative 3/3 échouée pour https://books.toscrape.com/catalogue/mothering-sunday_600/index.html
⚠️ Tentative 1/3 échouée pour https://books.toscrape.com/catalogue/a-history-of-god-the-4000-year-quest-of-judaism-christianity-and-islam_310/index.html
⚠️ Tentative 2/3 échouée pour https://books.toscrape.com/catalogue/a-history-of-god-the-4000-year-quest-of-judaism-christianity-and-islam_310/index.html
⚠️ Tentative 3/3 échouée pour https://books.toscrape.com/catalogue/a-history-of-god-the-4000-year-quest-of-judaism-christianity-and-islam_310/index.html
⚠️ Tentative 1/3 échouée pour https://books.toscrape.com/catalogue/is-everyone-hanging-out-without-me-and-other-concerns_178/index.html
⚠️ Tentative 2/3 échouée pour https://books.toscrape.com/catalogue/is-everyone-hanging-out-without-me-and-other-concerns_178/index.html
⚠️ Tentative 3/3 échouée pour https://books.toscrape.com/catalogue/is-everyone-hanging-out-without-me-and-other-concerns_178/index.html
⚠️ Tentative 1/3 échouée pour https://books.toscrape.com/catalogue/giant-days-vol-1-giant-days-1-4_22/index.html
⚠️ Tentative 2/3 échouée pour https://books.toscrape.com/catalogue/giant-days-vol-1-giant-days-1-4_22/index.html
⚠️ Tentative 3/3 échouée pour https://books.toscrape.com/catalogue/giant-days-vol-1-giant-days-1-4_22/index.html
⚠️ Tentative 1/3 échouée pour https://books.toscrape.com/catalogue/diary-of-a-minecraft-zombie-book-1-a-scare-of-a-dare-an-unofficial-minecraft-book_99/index.html
⚠️ Tentative 2/3 échouée pour https://books.toscrape.com/catalogue/diary-of-a-minecraft-zombie-book-1-a-scare-of-a-dare-an-unofficial-minecraft-book_99/index.html
⚠️ Tentative 3/3 échouée pour https://books.toscrape.com/catalogue/diary-of-a-minecraft-zombie-book-1-a-scare-of-a-dare-an-unofficial-minecraft-book_99/index.html
⚠️ Tentative 1/3 échouée pour https://books.toscrape.com/catalogue/off-the-hook-fishing-for-trouble-1_601/index.html
⚠️ Tentative 2/3 échouée pour https://books.toscrape.com/catalogue/off-the-hook-fishing-for-trouble-1_601/index.html
⚠️ Tentative 3/3 échouée pour https://books.toscrape.com/catalogue/off-the-hook-fishing-for-trouble-1_601/index.html
⚠️ Tentative 1/3 échouée pour https://books.toscrape.com/catalogue/jurassic-park-jurassic-park-1_180/index.html
⚠️ Tentative 2/3 échouée pour https://books.toscrape.com/catalogue/jurassic-park-jurassic-park-1_180/index.html
⚠️ Tentative 3/3 échouée pour https://books.toscrape.com/catalogue/jurassic-park-jurassic-park-1_180/index.html
⚠️ Tentative 1/3 échouée pour https://books.toscrape.com/catalogue/fables-vol-1-legends-in-exile-fables-1_806/index.html
⚠️ Tentative 2/3 échouée pour https://books.toscrape.com/catalogue/fables-vol-1-legends-in-exile-fables-1_806/index.html
⚠️ Tentative 3/3 échouée pour https://books.toscrape.com/catalogue/fables-vol-1-legends-in-exile-fables-1_806/index.html
✅ Heir to the Sky
✅ The Activist's Tao Te Ching: Ancient Advice for a Modern Revolution
✅ You Are What You Love: The Spiritual Power of Habit
✅ The Vacationers
✅ Luckiest Girl Alive
✅ 11/22/63
✅ Nap-a-Roo
✅ Smarter Faster Better: The Secrets of Being Productive in Life and Business
✅ Siddhartha
✅ The Grownup
✅ Shiver (The Wolves of Mercy Falls #1)
✅ The Nicomachean Ethics
✅ Adulthood Is a Myth: A "Sarah's Scribbles" Collection
✅ The Sense of an Ending
✅ Scarlet (The Lunar Chronicles #2)
✅ We Love You, Charlie Freeman
✅ King's Folly (The Kinsman Chronicles #1)
✅ History of Beauty
✅ A Paris Apartment
✅ Shobu Samurai, Project Aryoku (#3)
✅ 8 Keys to Mental Health Through Exercise
✅ Alice in Wonderland (Alice's Adventures in Wonderland #1)
✅ The Rise and Fall of the Third Reich: A History of Nazi Germany
✅ I Will Find You
✅ Taking Shots (Assassins #1)
✅ The Travelers
✅ Black Dust
✅ Troublemaker: Surviving Hollywood and Scientology
✅ The Firm
✅ Her Backup Boyfriend (The Sorensen Family #1)
✅ Some Women
✅ Throwing Rocks at the Google Bus: How Growth Became the Enemy of Prosperity
✅ We the People: The Modern-Day Figures Who Have Reshaped and Affirmed the Founding Fathers' Vision of America
✅ I've Got Your Number
✅ Thomas Jefferson and the Tripoli Pirates: The Forgotten War That Changed American History
✅ Dress Your Family in Corduroy and Denim
✅ Ash
✅ The Tumor
✅ Cometh the Hour (The Clifton Chronicles #6)
⚠️ Tentative 1/3 échouée pour https://books.toscrape.com/catalogue/art-and-fear-observations-on-the-perils-and-rewards-of-artmaking_559/index.html
✅ Art and Fear: Observations on the Perils (and Rewards) of Artmaking
✅ Paradise Lost (Paradise #1)
✅ Lowriders to the Center of the Earth (Lowriders in Space #2)
✅ The Murder That Never Was (Forensic Instincts #5)
✅ Something More Than This
✅ Where Lightning Strikes (Bleeding Stars #3)
✅ Charity's Cross (Charles Towne Belles #4)
✅ Fruits Basket, Vol. 5 (Fruits Basket #5)
✅ In a Dark, Dark Wood
✅ The Age of Genius: The Seventeenth Century and the Birth of the Modern Mind
✅ The Unlikely Pilgrimage of Harold Fry (Harold Fry #1)
✅ Twenty Love Poems and a Song of Despair
✅ Grumbles
✅ One with You (Crossfire #5)
✅ Buying In: The Secret Dialogue Between What We Buy and Who We Are
✅ Amid the Chaos
✅ Vogue Colors A to Z: A Fashion Coloring Book
⚠️ Tentative 1/3 échouée pour https://books.toscrape.com/catalogue/gone-girl_162/index.html
✅ Gone Girl
✅ orange: The Complete Collection 1 (orange: The Complete Collection #1)
✅ At The Existentialist Café: Freedom, Being, and apricot cocktails with: Jean-Paul Sartre, Simone de Beauvoir, Albert Camus, Martin Heidegger, Edmund Husserl, Karl Jaspers, Maurice Merleau-Ponty and others
✅ Death Note, Vol. 5: Whiteout (Death Note #5)
✅ Hungry Girl Clean & Hungry: Easy All-Natural Recipes for Healthy Eating in the Real World
✅ The Drowning Girls
✅ I am a Hero Omnibus Volume 1
✅ A Short History of Nearly Everything
✅ The Lonely Ones
✅ The Black Maria
✅ Batman: The Long Halloween (Batman)
✅ The Nightingale
✅ Death Note, Vol. 6: Give-and-Take (Death Note #6)
✅ It
✅ New Moon (Twilight #2)
✅ Obsidian (Lux #1)
✅ Becoming Wise: An Inquiry into the Mystery and Art of Living
✅ Extreme Prey (Lucas Davenport #26)
✅ Green Eggs and Ham (Beginner Books B-16)
✅ 1,000 Places to See Before You Die
✅ How to Cook Everything Vegetarian: Simple Meatless Recipes for Great Food (How to Cook Everything)
✅ Swell: A Year of Waves
✅ Arena
✅ The E-Myth Revisited: Why Most Small Businesses Don't Work and What to Do About It
✅ Being Mortal: Medicine and What Matters in the End
✅ The Nerdy Nummies Cookbook: Sweet Treats for the Geek in All of Us
✅ The Emerald Mystery
✅ Grey (Fifty Shades #4)
✅ My Life Next Door (My Life Next Door )
✅ If I Run (If I Run #1)
✅ Exit, Pursued by a Bear
✅ Heaven is for Real: A Little Boy's Astounding Story of His Trip to Heaven and Back
✅ Life Without a Recipe
✅ Living Forward: A Proven Plan to Stop Drifting and Get the Life You Want
✅ Girl Online On Tour (Girl Online #2)
✅ The Most Perfect Thing: Inside (and Outside) a Bird's Egg
✅ The Smitten Kitchen Cookbook
✅ The Alien Club
✅ Shopaholic Ties the Knot (Shopaholic #3)
✅ The Story of Hong Gildong
✅ Neither Here nor There: Travels in Europe
✅ The Undomestic Goddess
✅ Made to Stick: Why Some Ideas Survive and Others Die
⚠️ Tentative 1/3 échouée pour https://books.toscrape.com/catalogue/seven-days-in-the-art-world_220/index.html
✅ Seven Days in the Art World
✅ Lumberjanes, Vol. 2: Friendship to the Max (Lumberjanes #5-8)
✅ Reskilling America: Learning to Labor in the Twenty-First Century
✅ Old School (Diary of a Wimpy Kid #10)
✅ 10-Day Green Smoothie Cleanse: Lose Up to 15 Pounds in 10 Days!
✅ The Picture of Dorian Gray
✅ Bleach, Vol. 1: Strawberry and the Soul Reapers (Bleach #1)
✅ The No. 1 Ladies' Detective Agency (No. 1 Ladies' Detective Agency #1)
✅ Daredevils
✅ Island of Dragons (Unwanteds #7)
✅ The Sandman, Vol. 3: Dream Country (The Sandman (volumes) #3)
✅ The Demonists (Demonist #1)
✅ Sarah's Key
✅ Booked
✅ Suddenly in Love (Lake Haven #1)
✅ John Adams
✅ Eleanor & Park
✅ Immunity: How Elie Metchnikoff Changed the Course of Modern Medicine
✅ The Five Love Languages: How to Express Heartfelt Commitment to Your Mate
✅ Take Me Home Tonight (Rock Star Romance #3)
✅ Amatus
✅ Slow States of Collapse: Poems
✅ The Testament of Mary
✅ The Origin of Species
✅ What's It Like in Space?: Stories from Astronauts Who've Been There
✅ Robin War
✅ Most Wanted
✅ Mockingjay (The Hunger Games #3)
✅ Where She Went (If I Stay #2)
✅ In the Garden of Beasts: Love, Terror, and an American Family in Hitler's Berlin
✅ The Star-Touched Queen
✅ A Study in Scarlet (Sherlock Holmes #1)
✅ Set Me Free
✅ Forever and Forever: The Courtship of Henry Longfellow and Fanny Appleton
✅ Drama
✅ The Last Painting of Sara de Vos
✅ Letter to a Christian Nation
✅ Sophie's World
✅ Stars Above (The Lunar Chronicles #4.5)
✅ Life After Life
✅ The Artist's Way: A Spiritual Path to Higher Creativity
✅ Stiff: The Curious Lives of Human Cadavers
✅ The Book of Basketball: The NBA According to The Sports Guy
✅ Underlying Notes
✅ Daring Greatly: How the Courage to Be Vulnerable Transforms the Way We Live, Love, Parent, and Lead
✅ The Guilty (Will Robie #4)
✅ The Bear and the Piano
✅ Emma
✅ Fifty Shades Darker (Fifty Shades #2)
✅ Candide
✅ Fruits Basket, Vol. 1 (Fruits Basket #1)
✅ 10% Happier: How I Tamed the Voice in My Head, Reduced Stress Without Losing My Edge, and Found Self-Help That Actually Works
✅ M Train
✅ The Republic
✅ Every Last Word
✅ The Mirror & the Maze (The Wrath and the Dawn #1.5)
✅ Deep Under (Walker Security #1)
✅ Manuscript Found in Accra
✅ The Regional Office Is Under Attack!
✅ The Hobbit (Middle-Earth Universe)
✅ Big Little Lies
✅ When We Collided
✅ Everydata: The Misinformation Hidden in the Little Data You Consume Every Day
✅ A Walk in the Woods: Rediscovering America on the Appalachian Trail
✅ The Inefficiency Assassin: Time Management Tactics for Working Smarter, Not Longer
✅ Off Sides (Off #1)
✅ Why Not Me?
✅ No Dream Is Too High: Life Lessons From a Man Who Walked on the Moon
✅ Under the Tuscan Sun
✅ Dead Wake: The Last Crossing of the Lusitania
✅ The Nanny Diaries (Nanny #1)
✅ The Haters
✅ Unseen City: The Majesty of Pigeons, the Discreet Charm of Snails & Other Wonders of the Urban Wilderness
✅ Fruits Basket, Vol. 7 (Fruits Basket #7)
✅ Imperfect Harmony
✅ I Am Malala: The Girl Who Stood Up for Education and Was Shot by the Taliban
✅ Dune (Dune #1)
✅ The Odyssey
✅ "Most Blessed of the Patriarchs": Thomas Jefferson and the Empire of the Imagination
✅ Sit, Stay, Love
✅ Last One Home (New Beginnings #1)
✅ Needful Things
✅ Bridget Jones's Diary (Bridget Jones #1)
✅ Why the Right Went Wrong: Conservatism--From Goldwater to the Tea Party and Beyond
✅ Dear Mr. Knightley
✅ Death by Leisure: A Cautionary Tale2026-05-20 03:23:09 | INFO     | __main__ | 🚀 Démarrage du pipeline de scraping...
2026-05-20 03:23:09 | INFO     | main | 📑 Scan de la page : https://books.toscrape.com/catalogue/page-1.html
2026-05-20 03:23:10 | INFO     | main | 📑 Scan de la page : https://books.toscrape.com/catalogue/page-2.html
2026-05-20 03:23:10 | INFO     | main | 📑 Scan de la page : https://books.toscrape.com/catalogue/page-3.html
2026-05-20 03:23:11 | INFO     | main | 📑 Scan de la page : https://books.toscrape.com/catalogue/page-4.html
2026-05-20 03:23:12 | INFO     | main | 📑 Scan de la page : https://books.toscrape.com/catalogue/page-5.html
2026-05-20 03:23:12 | INFO     | main | 📑 Scan de la page : https://books.toscrape.com/catalogue/page-6.html
2026-05-20 03:23:13 | INFO     | main | 📑 Scan de la page : https://books.toscrape.com/catalogue/page-7.html
2026-05-20 03:23:14 | INFO     | main | 📑 Scan de la page : https://books.toscrape.com/catalogue/page-8.html
2026-05-20 03:23:16 | INFO     | main | 📑 Scan de la page : https://books.toscrape.com/catalogue/page-9.html
2026-05-20 03:23:17 | INFO     | main | 📑 Scan de la page : https://books.toscrape.com/catalogue/page-10.html
2026-05-20 03:38:37 | INFO     | main | 📑 Scan de la page : https://books.toscrape.com/catalogue/page-11.html
2026-05-20 03:38:37 | INFO     | main | 📑 Scan de la page : https://books.toscrape.com/catalogue/page-12.html
2026-05-20 03:38:38 | INFO     | main | 📑 Scan de la page : https://books.toscrape.com/catalogue/page-13.html
2026-05-20 03:38:43 | WARNING  | main | ⚠️ Tentative 1/3 échouée pour https://books.toscrape.com/catalogue/page-13.html. Erreur: HTTPSConnectionPool(host='books.toscrape.com', port=443): Max retries exceeded with url: /catalogue/page-13.html (Caused by NameResolutionError("HTTPSConnection(host='books.toscrape.com', port=443): Failed to resolve 'books.toscrape.com' ([Errno -2] Name or service not known)"))
2026-05-20 04:10:55 | INFO     | main | 📑 Scan de la page : https://books.toscrape.com/catalogue/page-14.html
2026-05-20 04:10:57 | INFO     | main | 📑 Scan de la page : https://books.toscrape.com/catalogue/page-15.html
2026-05-20 04:10:58 | INFO     | main | 📑 Scan de la page : https://books.toscrape.com/catalogue/page-16.html
2026-05-20 04:10:59 | INFO     | main | 📑 Scan de la page : https://books.toscrape.com/catalogue/page-17.html
2026-05-20 04:11:00 | INFO     | main | 📑 Scan de la page : https://books.toscrape.com/catalogue/page-18.html
2026-05-20 04:11:01 | INFO     | main | 📑 Scan de la page : https://books.toscrape.com/catalogue/page-19.html
2026-05-20 04:11:01 | INFO     | main | 📑 Scan de la page : https://books.toscrape.com/catalogue/page-20.html
2026-05-20 04:11:02 | INFO     | main | 📑 Scan de la page : https://books.toscrape.com/catalogue/page-21.html
2026-05-20 04:11:03 | INFO     | main | 📑 Scan de la page : https://books.toscrape.com/catalogue/page-22.html
2026-05-20 04:11:03 | INFO     | main | 📑 Scan de la page : https://books.toscrape.com/catalogue/page-23.html
2026-05-20 04:11:04 | INFO     | main | 📑 Scan de la page : https://books.toscrape.com/catalogue/page-24.html
2026-05-20 04:11:05 | INFO     | main | 📑 Scan de la page : https://books.toscrape.com/catalogue/page-25.html
2026-05-20 04:11:06 | INFO     | main | 📑 Scan de la page : https://books.toscrape.com/catalogue/page-26.html
2026-05-20 04:11:06 | INFO     | main | 📑 Scan de la page : https://books.toscrape.com/catalogue/page-27.html
2026-05-20 04:11:07 | INFO     | main | 📑 Scan de la page : https://books.toscrape.com/catalogue/page-28.html
2026-05-20 04:11:08 | INFO     | main | 📑 Scan de la page : https://books.toscrape.com/catalogue/page-29.html
2026-05-20 04:11:09 | INFO     | main | 📑 Scan de la page : https://books.toscrape.com/catalogue/page-30.html
2026-05-20 04:11:10 | INFO     | main | 📑 Scan de la page : https://books.toscrape.com/catalogue/page-31.html
2026-05-20 04:11:12 | INFO     | main | 📑 Scan de la page : https://books.toscrape.com/catalogue/page-32.html
2026-05-20 04:11:13 | INFO     | main | 📑 Scan de la page : https://books.toscrape.com/catalogue/page-33.html
2026-05-20 04:11:14 | INFO     | main | 📑 Scan de la page : https://books.toscrape.com/catalogue/page-34.html
2026-05-20 04:11:15 | INFO     | main | 📑 Scan de la page : https://books.toscrape.com/catalogue/page-35.html
2026-05-20 04:11:15 | WARNING  | main | ⚠️ Tentative 1/3 échouée pour https://books.toscrape.com/catalogue/page-35.html. Erreur: HTTPSConnectionPool(host='books.toscrape.com', port=443): Max retries exceeded with url: /catalogue/page-35.html (Caused by NewConnectionError("HTTPSConnection(host='books.toscrape.com', port=443): Failed to establish a new connection: [Errno 111] Connection refused"))
2026-05-20 04:11:21 | INFO     | main | 📑 Scan de la page : https://books.toscrape.com/catalogue/page-36.html
2026-05-20 04:45:52 | INFO     | main | 📑 Scan de la page : https://books.toscrape.com/catalogue/page-37.html
2026-05-20 05:20:39 | WARNING  | main | ⚠️ Tentative 1/3 échouée pour https://books.toscrape.com/catalogue/page-37.html. Erreur: HTTPSConnectionPool(host='books.toscrape.com', port=443): Max retries exceeded with url: /catalogue/page-37.html (Caused by NameResolutionError("HTTPSConnection(host='books.toscrape.com', port=443): Failed to resolve 'books.toscrape.com' ([Errno -5] No address associated with hostname)"))
2026-05-20 05:20:49 | WARNING  | main | ⚠️ Tentative 2/3 échouée pour https://books.toscrape.com/catalogue/page-37.html. Erreur: HTTPSConnectionPool(host='books.toscrape.com', port=443): Max retries exceeded with url: /catalogue/page-37.html (Caused by NameResolutionError("HTTPSConnection(host='books.toscrape.com', port=443): Failed to resolve 'books.toscrape.com' ([Errno -5] No address associated with hostname)"))
2026-05-20 05:20:52 | INFO     | main | 📑 Scan de la page : https://books.toscrape.com/catalogue/page-38.html
2026-05-20 05:20:52 | INFO     | main | 📑 Scan de la page : https://books.toscrape.com/catalogue/page-39.html
2026-05-20 05:20:53 | INFO     | main | 📑 Scan de la page : https://books.toscrape.com/catalogue/page-40.html
2026-05-20 05:20:54 | INFO     | main | 📑 Scan de la page : https://books.toscrape.com/catalogue/page-41.html
2026-05-20 05:20:54 | INFO     | main | 📑 Scan de la page : https://books.toscrape.com/catalogue/page-42.html
2026-05-20 05:20:55 | INFO     | main | 📑 Scan de la page : https://books.toscrape.com/catalogue/page-43.html
2026-05-20 05:20:56 | INFO     | main | 📑 Scan de la page : https://books.toscrape.com/catalogue/page-44.html
2026-05-20 05:20:56 | INFO     | main | 📑 Scan de la page : https://books.toscrape.com/catalogue/page-45.html
2026-05-20 05:20:57 | INFO     | main | 📑 Scan de la page : https://books.toscrape.com/catalogue/page-46.html
2026-05-20 05:20:58 | INFO     | main | 📑 Scan de la page : https://books.toscrape.com/catalogue/page-47.html
2026-05-20 05:20:59 | INFO     | main | 📑 Scan de la page : https://books.toscrape.com/catalogue/page-48.html
2026-05-20 05:21:00 | INFO     | main | 📑 Scan de la page : https://books.toscrape.com/catalogue/page-49.html
2026-05-20 05:21:01 | INFO     | main | 📑 Scan de la page : https://books.toscrape.com/catalogue/page-50.html
2026-05-20 05:21:03 | INFO     | main | 📑 Scan de la page : https://books.toscrape.com/catalogue/page-51.html
2026-05-20 05:21:03 | INFO     | main | 🏁 Fin du catalogue atteinte (Page 404). Passage au scraping des livres...
2026-05-20 05:21:04 | INFO     | main | ✅ The Raven Boys (The Raven Cycle #1)
2026-05-20 05:21:05 | INFO     | main | ✅ Rework
2026-05-20 05:21:06 | INFO     | main | ✅ Hide Away (Eve Duncan #20)
2026-05-20 05:21:06 | INFO     | main | ✅ The Sense of an Ending
2026-05-20 05:21:07 | INFO     | main | ✅ Grumbles
2026-05-20 05:21:07 | INFO     | main | ✅ Fables, Vol. 1: Legends in Exile (Fables #1)
2026-05-20 05:21:08 | INFO     | main | ✅ The Zombie Room
2026-05-20 05:21:08 | INFO     | main | ✅ Exit, Pursued by a Bear
2026-05-20 05:23:34 | INFO     | main | ✅ Becoming Wise: An Inquiry into the Mystery and Art of Living
2026-05-20 05:23:34 | INFO     | main | ✅ A Time of Torment (Charlie Parker #14)
2026-05-20 05:23:35 | INFO     | main | ✅ Origins (Alphas 0.5)
2026-05-20 05:23:35 | INFO     | main | ✅ The Art of Not Breathing
2026-05-20 05:23:35 | INFO     | main | ✅ Running with Scissors
2026-05-20 05:23:36 | INFO     | main | ✅ We Are All Completely Beside Ourselves
2026-05-20 05:23:36 | INFO     | main | ✅ Smarter Faster Better: The Secrets of Being Productive in Life and Business
2026-05-20 05:23:37 | INFO     | main | ✅ The Fault in Our Stars
2026-05-20 05:23:37 | INFO     | main | ✅ The Nanny Diaries (Nanny #1)
2026-05-20 05:23:38 | INFO     | main | ✅ Legend (Legend #1)
2026-05-20 05:23:38 | INFO     | main | ✅ The Case for Christ (Cases for Christianity)
2026-05-20 05:23:39 | INFO     | main | ✅ Beyond Good and Evil
2026-05-20 05:23:39 | INFO     | main | ✅ Red Dragon (Hannibal Lecter #1)
2026-05-20 05:23:39 | INFO     | main | ✅ Dark Places
2026-05-20 05:23:40 | INFO     | main | ✅ Join
2026-05-20 05:23:41 | INFO     | main | ✅ Close to You
2026-05-20 05:23:41 | INFO     | main | ✅ The Bear and the Piano
2026-05-20 05:23:41 | INFO     | main | ✅ Twenties Girl
2026-05-20 05:23:42 | INFO     | main | ✅ Between the World and Me
2026-05-20 05:23:42 | INFO     | main | ✅ Catastrophic Happiness: Finding Joy in Childhood's Messy Years
2026-05-20 05:23:43 | INFO     | main | ✅ Shameless
2026-05-20 05:23:43 | INFO     | main | ✅ Lila (Gilead #3)
2026-05-20 05:23:44 | INFO     | main | ✅ Crazy Love: Overwhelmed by a Relentless God
2026-05-20 05:23:44 | INFO     | main | ✅ Fruits Basket, Vol. 4 (Fruits Basket #4)
2026-05-20 05:23:45 | INFO     | main | ✅ Soldier (Talon #3)
2026-05-20 05:23:45 | INFO     | main | ✅ The Wild Robot
2026-05-20 05:23:45 | INFO     | main | ✅ Sorting the Beef from the Bull: The Science of Food Fraud Forensics
2026-05-20 05:23:46 | INFO     | main | ✅ Without Shame
2026-05-20 05:23:46 | INFO     | main | ✅ King's Folly (The Kinsman Chronicles #1)
2026-05-20 05:23:47 | INFO     | main | ✅ An Unquiet Mind: A Memoir of Moods and Madness
2026-05-20 05:23:47 | INFO     | main | ✅ Eleanor & Park
2026-05-20 05:23:47 | INFO     | main | ✅ Sophie's World
2026-05-20 05:23:48 | INFO     | main | ✅ The Rise and Fall of the Third Reich: A History of Nazi Germany
2026-05-20 05:23:49 | INFO     | main | ✅ Extreme Prey (Lucas Davenport #26)
2026-05-20 05:23:50 | INFO     | main | ✅ A Visit from the Goon Squad
2026-05-20 05:23:50 | INFO     | main | ✅ Luckiest Girl Alive
2026-05-20 05:23:51 | INFO     | main | ✅ Dress Your Family in Corduroy and Denim
2026-05-20 05:23:52 | INFO     | main | ✅ The Nicomachean Ethics
2026-05-20 05:23:53 | INFO     | main | ✅ Equal Is Unfair: America's Misguided Fight Against Income Inequality
2026-05-20 05:23:53 | INFO     | main | ✅ Howl and Other Poems
2026-05-20 05:23:54 | INFO     | main | ✅ Mockingjay (The Hunger Games #3)
2026-05-20 05:23:54 | INFO     | main | ✅ Fellside
2026-05-20 05:23:55 | INFO     | main | ✅ Wall and Piece
2026-05-20 05:23:55 | INFO     | main | ✅ The Martian (The Martian #1)
2026-05-20 05:23:56 | INFO     | main | ✅ Nap-a-Roo
2026-05-20 05:23:56 | INFO     | main | ✅ Twenty Yawns
2026-05-20 05:23:57 | INFO     | main | ✅ Do Androids Dream of Electric Sheep? (Blade Runner #1)
2026-05-20 05:23:57 | INFO     | main | ✅ Annie on My Mind
2026-05-20 05:23:58 | INFO     | main | ✅ The New Drawing on the Right Side of the Brain
2026-05-20 05:23:58 | INFO     | main | ✅ Wild: From Lost to Found on the Pacific Crest Trail
2026-05-20 05:23:59 | INFO     | main | ✅ John Vassos: Industrial Design for Modern Life
2026-05-20 05:23:59 | INFO     | main | ✅ Playing with Fire
2026-05-20 05:24:00 | INFO     | main | ✅ The Last Painting of Sara de Vos
2026-05-20 05:24:00 | INFO     | main | ✅ A Storm of Swords (A Song of Ice and Fire #3)
2026-05-20 05:24:00 | INFO     | main | ✅ Meditations
2026-05-20 05:24:01 | INFO     | main | ✅ Everydata: The Misinformation Hidden in the Little Data You Consume Every Day
2026-05-20 05:24:01 | INFO     | main | ✅ The Crossover
2026-05-20 05:24:02 | INFO     | main | ✅ Fruits Basket, Vol. 1 (Fruits Basket #1)
2026-05-20 05:24:02 | INFO     | main | ✅ Will Grayson, Will Grayson (Will Grayson, Will Grayson)
2026-05-20 05:24:03 | INFO     | main | ✅ Cosmos
2026-05-20 05:24:03 | INFO     | main | ✅ Needful Things
2026-05-20 05:24:04 | INFO     | main | ✅ Daily Fantasy Sports
2026-05-20 05:24:04 | INFO     | main | ✅ Shopaholic Ties the Knot (Shopaholic #3)
2026-05-20 05:24:04 | INFO     | main | ✅ The White Queen (The Cousins' War #1)
2026-05-20 05:24:05 | INFO     | main | ✅ Burning
2026-05-20 05:24:05 | INFO     | main | ✅ Persepolis: The Story of a Childhood (Persepolis #1-2)
2026-05-20 05:24:06 | INFO     | main | ✅ The Fellowship of the Ring (The Lord of the Rings #1)
2026-05-20 05:24:06 | INFO     | main | ✅ Bossypants
2026-05-20 05:24:07 | INFO     | main | ✅ What Happened on Beale Street (Secrets of the South Mysteries #2)
2026-05-20 05:24:07 | INFO     | main | ✅ The Demonists (Demonist #1)
2026-05-20 05:24:08 | INFO     | main | ✅ Starving Hearts (Triangular Trade Trilogy, #1)
2026-05-20 05:24:08 | INFO     | main | ✅ The Elegant Universe: Superstrings, Hidden Dimensions, and the Quest for the Ultimate Theory
2026-05-20 05:24:09 | INFO     | main | ✅ Deception Point
2026-05-20 05:24:09 | INFO     | main | ✅ The Da Vinci Code (Robert Langdon #2)
2026-05-20 05:24:10 | INFO     | main | ✅ Starlark
2026-05-20 05:24:10 | INFO     | main | ✅ Zero History (Blue Ant #3)
2026-05-20 05:24:11 | INFO     | main | ✅ The Paris Wife
2026-05-20 05:24:11 | INFO     | main | ✅ The Star-Touched Queen
2026-05-20 05:24:11 | INFO     | main | ✅ Birdsong: A Story in Pictures
2026-05-20 05:24:12 | INFO     | main | ✅ We the People: The Modern-Day Figures Who Have Reshaped and Affirmed the Founding Fathers' Vision of America
2026-05-20 05:24:12 | INFO     | main | ✅ Lumberjanes Vol. 3: A Terrible Plan (Lumberjanes #9-12)
2026-05-20 05:24:13 | INFO     | main | ✅ The Glass Castle
2026-05-20 05:42:03 | WARNING  | main | ⚠️ Tentative 1/3 échouée pour https://books.toscrape.com/catalogue/ways-of-seeing_94/index.html. Erreur: ('Connection aborted.', RemoteDisconnected('Remote end closed connection without response'))
2026-05-20 05:42:06 | INFO     | main | ✅ Ways of Seeing
2026-05-20 05:42:06 | INFO     | main | ✅ Surely You're Joking, Mr. Feynman!: Adventures of a Curious Character
2026-05-20 05:42:07 | INFO     | main | ✅ The Boys in the Boat: Nine Americans and Their Epic Quest for Gold at the 1936 Berlin Olympics
2026-05-20 05:42:08 | INFO     | main | ✅ The Sandman, Vol. 3: Dream Country (The Sandman (volumes) #3)
2026-05-20 05:42:09 | INFO     | main | ✅ The Silkworm (Cormoran Strike #2)
2026-05-20 05:42:10 | INFO     | main | ✅ Emma
2026-05-20 05:42:10 | INFO     | main | ✅ A Series of Catastrophes and Miracles: A True Story of Love, Science, and Cancer
2026-05-20 05:42:11 | INFO     | main | ✅ Saga, Volume 3 (Saga (Collected Editions) #3)
2026-05-20 05:42:11 | INFO     | main | ✅ The Bachelor Girl's Guide to Murder (Herringford and Watts Mysteries #1)
2026-05-20 05:42:12 | INFO     | main | ✅ Layered: Baking, Building, and Styling Spectacular Cakes
2026-05-20 05:42:12 | INFO     | main | ✅ See America: A Celebration of Our National Parks & Treasured Sites
2026-05-20 05:42:13 | INFO     | main | ✅ A Study in Scarlet (Sherlock Holmes #1)
2026-05-20 05:42:13 | INFO     | main | ✅ Murder at the 42nd Street Library (Raymond Ambler #1)
2026-05-20 05:42:13 | INFO     | main | ✅ Ship Leaves Harbor: Essays on Travel by a Recovering Journeyman
2026-05-20 05:42:14 | INFO     | main | ✅ The Gunning of America: Business and the Making of American Gun Culture
2026-05-20 05:42:15 | INFO     | main | ✅ The Smitten Kitchen Cookbook
2026-05-20 05:42:15 | INFO     | main | ✅ A Game of Thrones (A Song of Ice and Fire #1)
2026-05-20 05:42:15 | INFO     | main | ✅ Brilliant Beacons: A History of the American Lighthouse
2026-05-20 05:42:16 | INFO     | main | ✅ I've Got Your Number
2026-05-20 05:42:16 | INFO     | main | ✅ Where Lightning Strikes (Bleeding Stars #3)
2026-05-20 05:42:17 | INFO     | main | ✅ Take Me Home Tonight (Rock Star Romance #3)
2026-05-20 05:42:17 | INFO     | main | ✅ Suddenly in Love (Lake Haven #1)
2026-05-20 05:42:18 | INFO     | main | ✅ The Nerdy Nummies Cookbook: Sweet Treats for the Geek in All of Us
2026-05-20 05:42:18 | INFO     | main | ✅ A Clash of Kings (A Song of Ice and Fire #2)
2026-05-20 05:42:18 | INFO     | main | ✅ I Had a Nice Time And Other Lies...: How to find love & sh*t like that
2026-05-20 05:42:19 | INFO     | main | ✅ John Adams
2026-05-20 05:42:20 | INFO     | main | ✅ Eclipse (Twilight #3)
2026-05-20 05:42:20 | INFO     | main | ✅ The Girl You Lost
2026-05-20 05:42:20 | INFO     | main | ✅ Suzie Snowflake: One beautiful flake (a self-esteem story)
2026-05-20 05:42:21 | INFO     | main | ✅ Run, Spot, Run: The Ethics of Keeping Pets
2026-05-20 05:42:21 | INFO     | main | ✅ Paper and Fire (The Great Library #2)
2026-05-20 05:42:22 | INFO     | main | ✅ A la Mode: 120 Recipes in 60 Pairings: Pies, Tarts, Cakes, Crisps, and More Topped with Ice Cream, Gelato, Frozen Custard, and More
2026-05-20 05:42:23 | INFO     | main | ✅ Career of Evil (Cormoran Strike #3)
2026-05-20 05:42:28 | WARNING  | main | ⚠️ Tentative 1/3 échouée pour https://books.toscrape.com/catalogue/night-the-night-trilogy-1_199/index.html. Erreur: HTTPSConnectionPool(host='books.toscrape.com', port=443): Max retries exceeded with url: /catalogue/night-the-night-trilogy-1_199/index.html (Caused by NewConnectionError("HTTPSConnection(host='books.toscrape.com', port=443): Failed to establish a new connection: [Errno 111] Connection refused"))
2026-05-20 06:15:40 | INFO     | main | ✅ Night (The Night Trilogy #1)
2026-05-20 06:24:36 | WARNING  | main | ⚠️ Tentative 1/3 échouée pour https://books.toscrape.com/catalogue/how-to-be-a-domestic-goddess-baking-and-the-art-of-comfort-cooking_470/index.html. Erreur: HTTPSConnectionPool(host='books.toscrape.com', port=443): Read timed out. (read timeout=10)
2026-05-20 06:24:41 | INFO     | main | ✅ How to Be a Domestic Goddess: Baking and the Art of Comfort Cooking
2026-05-20 06:24:41 | INFO     | main | ✅ Prodigy: The Graphic Novel (Legend: The Graphic Novel #2)
2026-05-20 06:24:42 | INFO     | main | ✅ 10% Happier: How I Tamed the Voice in My Head, Reduced Stress Without Losing My Edge, and Found Self-Help That Actually Works
2026-05-20 06:24:43 | INFO     | main | ✅ #GIRLBOSS
2026-05-20 06:24:44 | INFO     | main | ✅ Amid the Chaos
2026-05-20 06:24:46 | INFO     | main | ✅ The Cat in the Hat (Beginner Books B-1)
2026-05-20 06:24:47 | INFO     | main | ✅ No One Here Gets Out Alive
2026-05-20 06:24:48 | INFO     | main | ✅ Trespassing Across America: One Man's Epic, Never-Done-Before (and Sort of Illegal) Hike Across the Heartland
2026-05-20 06:24:49 | INFO     | main | ✅ And Then There Were None
2026-05-20 06:24:50 | INFO     | main | ✅ Unreasonable Hope: Finding Faith in the God Who Brings Purpose to Your Pain
2026-05-20 06:24:52 | INFO     | main | ✅ My Perfect Mistake (Over the Top #1)
2026-05-20 06:24:53 | INFO     | main | ✅ Saga, Volume 5 (Saga (Collected Editions) #5)
2026-05-20 06:24:53 | INFO     | main | ✅ A World of Flavor: Your Gluten Free Passport
2026-05-20 06:24:54 | INFO     | main | ✅ The 7 Habits of Highly Effective People: Powerful Lessons in Personal Change
2026-05-20 06:24:55 | INFO     | main | ✅ Death Note, Vol. 6: Give-and-Take (Death Note #6)
2026-05-20 06:24:56 | INFO     | main | ✅ The Hound of the Baskervilles (Sherlock Holmes #5)
2026-05-20 06:24:56 | INFO     | main | ✅ Saga, Volume 6 (Saga (Collected Editions) #6)
2026-05-20 06:24:56 | INFO     | main | ✅ Tipping Point for Planet Earth: How Close Are We to the Edge?
2026-05-20 06:24:57 | INFO     | main | ✅ Y: The Last Man, Vol. 1: Unmanned (Y: The Last Man #1)
2026-05-20 06:24:57 | INFO     | main | ✅ Pride and Prejudice
2026-05-20 06:24:58 | INFO     | main | ✅ Blood Defense (Samantha Brinkman #1)
2026-05-20 06:24:58 | INFO     | main | ✅ Can You Keep a Secret?
2026-05-20 06:24:59 | INFO     | main | ✅ Vegan Vegetarian Omnivore: Dinner for Everyone at the Table
2026-05-20 06:24:59 | INFO     | main | ✅ The Guilty (Will Robie #4)
2026-05-20 06:25:00 | INFO     | main | ✅ House of Lost Worlds: Dinosaurs, Dynasties, and the Story of Life on Earth
2026-05-20 06:25:00 | INFO     | main | ✅ Lady Midnight (The Dark Artifices #1)
2026-05-20 06:25:01 | INFO     | main | ✅ Blue Like Jazz: Nonreligious Thoughts on Christian Spirituality
2026-05-20 06:25:01 | INFO     | main | ✅ The Jazz of Physics: The Secret Link Between Music and the Structure of the Universe
2026-05-20 06:25:02 | INFO     | main | ✅ Every Last Word
2026-05-20 06:25:02 | INFO     | main | ✅ Are We Smart Enough to Know How Smart Animals Are?
2026-05-20 06:25:03 | INFO     | main | ✅ Feathers: Displays of Brilliant Plumage
2026-05-20 06:25:03 | INFO     | main | ✅ 1,000 Places to See Before You Die
2026-05-20 06:25:04 | INFO     | main | ✅ A Summer In Europe
2026-05-20 06:25:04 | INFO     | main | ✅ Angels & Demons (Robert Langdon #1)
2026-05-20 06:25:05 | INFO     | main | ✅ The Song of Achilles
2026-05-20 06:25:05 | INFO     | main | ✅ So Cute It Hurts!!, Vol. 6 (So Cute It Hurts!! #6)
2026-05-20 06:25:06 | INFO     | main | ✅ A Flight of Arrows (The Pathfinders #2)
2026-05-20 06:25:06 | INFO     | main | ✅ More Than Music (Chasing the Dream #1)
2026-05-20 06:25:06 | INFO     | main | ✅ A Gentleman's Position (Society of Gentlemen #3)
2026-05-20 06:25:07 | INFO     | main | ✅ Last One Home (New Beginnings #1)
2026-05-20 06:25:07 | INFO     | main | ✅ South of Sunshine
2026-05-20 06:25:08 | INFO     | main | ✅ The Perfect Play (Play by Play #1)
2026-05-20 06:25:08 | INFO     | main | ✅ The Purest Hook (Second Circle Tattoos #3)
2026-05-20 06:25:09 | INFO     | main | ✅ Shoe Dog: A Memoir by the Creator of NIKE
2026-05-20 06:25:09 | INFO     | main | ✅ The Songs of the Gods
2026-05-20 06:25:10 | INFO     | main | ✅ Fruits Basket, Vol. 3 (Fruits Basket #3)
2026-05-20 06:25:10 | INFO     | main | ✅ Changing the Game (Play by Play #2)
2026-05-20 06:25:11 | INFO     | main | ✅ Forever and Forever: The Courtship of Henry Longfellow and Fanny Appleton
2026-05-20 06:25:11 | INFO     | main | ✅ Gratitude
2026-05-20 06:25:12 | INFO     | main | ✅ Old Records Never Die: One Man's Quest for His Vinyl and His Past
2026-05-20 06:25:12 | INFO     | main | ✅ Drive: The Surprising Truth About What Motivates Us
2026-05-20 06:25:12 | INFO     | main | ✅ Take Me with You
2026-05-20 06:25:13 | INFO     | main | ✅ Princess Jellyfish 2-in-1 Omnibus, Vol. 01 (Princess Jellyfish 2-in-1 Omnibus #1)
2026-05-20 06:42:39 | WARNING  | main | ⚠️ Tentative 1/3 échouée pour https://books.toscrape.com/catalogue/the-marriage-of-opposites_759/index.html. Erreur: HTTPSConnectionPool(host='books.toscrape.com', port=443): Read timed out. (read timeout=10)
2026-05-20 06:42:46 | WARNING  | main | ⚠️ Tentative 2/3 échouée pour https://books.toscrape.com/catalogue/the-marriage-of-opposites_759/index.html. Erreur: HTTPSConnectionPool(host='books.toscrape.com', port=443): Max retries exceeded with url: /catalogue/the-marriage-of-opposites_759/index.html (Caused by NameResolutionError("HTTPSConnection(host='books.toscrape.com', port=443): Failed to resolve 'books.toscrape.com' ([Errno -5] No address associated with hostname)"))
2026-05-20 06:42:48 | INFO     | main | ✅ The Marriage of Opposites
2026-05-20 06:42:49 | INFO     | main | ✅ Penny Maybe
2026-05-20 06:42:49 | INFO     | main | ✅ Silence in the Dark (Logan Point #4)
2026-05-20 06:42:50 | INFO     | main | ✅ The Wicked + The Divine, Vol. 1: The Faust Act (The Wicked + The Divine)
2026-05-20 06:42:50 | INFO     | main | ✅ Judo: Seven Steps to Black Belt (an Introductory Guide for Beginners)
2026-05-20 06:42:51 | INFO     | main | ✅ America's War for the Greater Middle East: A Military History
2026-05-20 06:42:52 | INFO     | main | ✅ Love, Lies and Spies
2026-05-20 06:42:52 | INFO     | main | ✅ Pop Gun War, Volume 1: Gift
2026-05-20 06:44:45 | WARNING  | main | ⚠️ Tentative 1/3 échouée pour https://books.toscrape.com/catalogue/the-art-of-fielding_228/index.html. Erreur: HTTPSConnectionPool(host='books.toscrape.com', port=443): Read timed out. (read timeout=10)
2026-05-20 06:44:55 | WARNING  | main | ⚠️ Tentative 2/3 échouée pour https://books.toscrape.com/catalogue/the-art-of-fielding_228/index.html. Erreur: HTTPSConnectionPool(host='books.toscrape.com', port=443): Max retries exceeded with url: /catalogue/the-art-of-fielding_228/index.html (Caused by NameResolutionError("HTTPSConnection(host='books.toscrape.com', port=443): Failed to resolve 'books.toscrape.com' ([Errno -5] No address associated with hostname)"))
2026-05-20 06:44:58 | WARNING  | main | ⚠️ Tentative 3/3 échouée pour https://books.toscrape.com/catalogue/the-art-of-fielding_228/index.html. Erreur: HTTPSConnectionPool(host='books.toscrape.com', port=443): Max retries exceeded with url: /catalogue/the-art-of-fielding_228/index.html (Caused by NameResolutionError("HTTPSConnection(host='books.toscrape.com', port=443): Failed to resolve 'books.toscrape.com' ([Errno -2] Name or service not known)"))
2026-05-20 06:45:04 | WARNING  | main | ⚠️ Tentative 1/3 échouée pour https://books.toscrape.com/catalogue/harry-potter-and-the-half-blood-prince-harry-potter-6_326/index.html. Erreur: HTTPSConnectionPool(host='books.toscrape.com', port=443): Max retries exceeded with url: /catalogue/harry-potter-and-the-half-blood-prince-harry-potter-6_326/index.html (Caused by NameResolutionError("HTTPSConnection(host='books.toscrape.com', port=443): Failed to resolve 'books.toscrape.com' ([Errno -2] Name or service not known)"))
2026-05-20 06:45:06 | WARNING  | main | ⚠️ Tentative 2/3 échouée pour https://books.toscrape.com/catalogue/harry-potter-and-the-half-blood-prince-harry-potter-6_326/index.html. Erreur: HTTPSConnectionPool(host='books.toscrape.com', port=443): Max retries exceeded with url: /catalogue/harry-potter-and-the-half-blood-prince-harry-potter-6_326/index.html (Caused by NameResolutionError("HTTPSConnection(host='books.toscrape.com', port=443): Failed to resolve 'books.toscrape.com' ([Errno -2] Name or service not known)"))
2026-05-20 06:45:08 | WARNING  | main | ⚠️ Tentative 3/3 échouée pour https://books.toscrape.com/catalogue/harry-potter-and-the-half-blood-prince-harry-potter-6_326/index.html. Erreur: HTTPSConnectionPool(host='books.toscrape.com', port=443): Max retries exceeded with url: /catalogue/harry-potter-and-the-half-blood-prince-harry-potter-6_326/index.html (Caused by NameResolutionError("HTTPSConnection(host='books.toscrape.com', port=443): Failed to resolve 'books.toscrape.com' ([Errno -2] Name or service not known)"))
2026-05-20 06:45:10 | WARNING  | main | ⚠️ Tentative 1/3 échouée pour https://books.toscrape.com/catalogue/candide_316/index.html. Erreur: HTTPSConnectionPool(host='books.toscrape.com', port=443): Max retries exceeded with url: /catalogue/candide_316/index.html (Caused by NameResolutionError("HTTPSConnection(host='books.toscrape.com', port=443): Failed to resolve 'books.toscrape.com' ([Errno -2] Name or service not known)"))
2026-05-20 06:45:12 | WARNING  | main | ⚠️ Tentative 2/3 échouée pour https://books.toscrape.com/catalogue/candide_316/index.html. Erreur: HTTPSConnectionPool(host='books.toscrape.com', port=443): Max retries exceeded with url: /catalogue/candide_316/index.html (Caused by NameResolutionError("HTTPSConnection(host='books.toscrape.com', port=443): Failed to resolve 'books.toscrape.com' ([Errno -2] Name or service not known)"))
2026-05-20 06:45:14 | WARNING  | main | ⚠️ Tentative 3/3 échouée pour https://books.toscrape.com/catalogue/candide_316/index.html. Erreur: HTTPSConnectionPool(host='books.toscrape.com', port=443): Max retries exceeded with url: /catalogue/candide_316/index.html (Caused by NameResolutionError("HTTPSConnection(host='books.toscrape.com', port=443): Failed to resolve 'books.toscrape.com' ([Errno -2] Name or service not known)"))
2026-05-20 06:45:16 | WARNING  | main | ⚠️ Tentative 1/3 échouée pour https://books.toscrape.com/catalogue/dark-notes_800/index.html. Erreur: HTTPSConnectionPool(host='books.toscrape.com', port=443): Max retries exceeded with url: /catalogue/dark-notes_800/index.html (Caused by NameResolutionError("HTTPSConnection(host='books.toscrape.com', port=443): Failed to resolve 'books.toscrape.com' ([Errno -2] Name or service not known)"))
2026-05-20 06:45:18 | WARNING  | main | ⚠️ Tentative 2/3 échouée pour https://books.toscrape.com/catalogue/dark-notes_800/index.html. Erreur: HTTPSConnectionPool(host='books.toscrape.com', port=443): Max retries exceeded with url: /catalogue/dark-notes_800/index.html (Caused by NameResolutionError("HTTPSConnection(host='books.toscrape.com', port=443): Failed to resolve 'books.toscrape.com' ([Errno -2] Name or service not known)"))
2026-05-20 06:45:20 | WARNING  | main | ⚠️ Tentative 3/3 échouée pour https://books.toscrape.com/catalogue/dark-notes_800/index.html. Erreur: HTTPSConnectionPool(host='books.toscrape.com', port=443): Max retries exceeded with url: /catalogue/dark-notes_800/index.html (Caused by NameResolutionError("HTTPSConnection(host='books.toscrape.com', port=443): Failed to resolve 'books.toscrape.com' ([Errno -2] Name or service not known)"))
2026-05-20 06:45:23 | WARNING  | main | ⚠️ Tentative 1/3 échouée pour https://books.toscrape.com/catalogue/packing-for-mars-the-curious-science-of-life-in-the-void_205/index.html. Erreur: HTTPSConnectionPool(host='books.toscrape.com', port=443): Max retries exceeded with url: /catalogue/packing-for-mars-the-curious-science-of-life-in-the-void_205/index.html (Caused by NameResolutionError("HTTPSConnection(host='books.toscrape.com', port=443): Failed to resolve 'books.toscrape.com' ([Errno -2] Name or service not known)"))
2026-05-20 06:45:39 | WARNING  | main | ⚠️ Tentative 2/3 échouée pour https://books.toscrape.com/catalogue/packing-for-mars-the-curious-science-of-life-in-the-void_205/index.html. Erreur: HTTPSConnectionPool(host='books.toscrape.com', port=443): Max retries exceeded with url: /catalogue/packing-for-mars-the-curious-science-of-life-in-the-void_205/index.html (Caused by NameResolutionError("HTTPSConnection(host='books.toscrape.com', port=443): Failed to resolve 'books.toscrape.com' ([Errno -2] Name or service not known)"))
2026-05-20 06:45:41 | WARNING  | main | ⚠️ Tentative 3/3 échouée pour https://books.toscrape.com/catalogue/packing-for-mars-the-curious-science-of-life-in-the-void_205/index.html. Erreur: HTTPSConnectionPool(host='books.toscrape.com', port=443): Max retries exceeded with url: /catalogue/packing-for-mars-the-curious-science-of-life-in-the-void_205/index.html (Caused by NameResolutionError("HTTPSConnection(host='books.toscrape.com', port=443): Failed to resolve 'books.toscrape.com' ([Errno -2] Name or service not known)"))
2026-05-20 06:45:43 | WARNING  | main | ⚠️ Tentative 1/3 échouée pour https://books.toscrape.com/catalogue/tipping-the-velvet_999/index.html. Erreur: HTTPSConnectionPool(host='books.toscrape.com', port=443): Max retries exceeded with url: /catalogue/tipping-the-velvet_999/index.html (Caused by NameResolutionError("HTTPSConnection(host='books.toscrape.com', port=443): Failed to resolve 'books.toscrape.com' ([Errno -2] Name or service not known)"))
2026-05-20 06:45:45 | WARNING  | main | ⚠️ Tentative 2/3 échouée pour https://books.toscrape.com/catalogue/tipping-the-velvet_999/index.html. Erreur: HTTPSConnectionPool(host='books.toscrape.com', port=443): Max retries exceeded with url: /catalogue/tipping-the-velvet_999/index.html (Caused by NameResolutionError("HTTPSConnection(host='books.toscrape.com', port=443): Failed to resolve 'books.toscrape.com' ([Errno -2] Name or service not known)"))
2026-05-20 06:45:47 | WARNING  | main | ⚠️ Tentative 3/3 échouée pour https://books.toscrape.com/catalogue/tipping-the-velvet_999/index.html. Erreur: HTTPSConnectionPool(host='books.toscrape.com', port=443): Max retries exceeded with url: /catalogue/tipping-the-velvet_999/index.html (Caused by NameResolutionError("HTTPSConnection(host='books.toscrape.com', port=443): Failed to resolve 'books.toscrape.com' ([Errno -2] Name or service not known)"))
2026-05-20 06:45:49 | WARNING  | main | ⚠️ Tentative 1/3 échouée pour https://books.toscrape.com/catalogue/troublemaker-surviving-hollywood-and-scientology_610/index.html. Erreur: HTTPSConnectionPool(host='books.toscrape.com', port=443): Max retries exceeded with url: /catalogue/troublemaker-surviving-hollywood-and-scientology_610/index.html (Caused by NameResolutionError("HTTPSConnection(host='books.toscrape.com', port=443): Failed to resolve 'books.toscrape.com' ([Errno -2] Name or service not known)"))
2026-05-20 06:45:51 | WARNING  | main | ⚠️ Tentative 2/3 échouée pour https://books.toscrape.com/catalogue/troublemaker-surviving-hollywood-and-scientology_610/index.html. Erreur: HTTPSConnectionPool(host='books.toscrape.com', port=443): Max retries exceeded with url: /catalogue/troublemaker-surviving-hollywood-and-scientology_610/index.html (Caused by NameResolutionError("HTTPSConnection(host='books.toscrape.com', port=443): Failed to resolve 'books.toscrape.com' ([Errno -2] Name or service not known)"))
2026-05-20 06:45:53 | WARNING  | main | ⚠️ Tentative 3/3 échouée pour https://books.toscrape.com/catalogue/troublemaker-surviving-hollywood-and-scientology_610/index.html. Erreur: HTTPSConnectionPool(host='books.toscrape.com', port=443): Max retries exceeded with url: /catalogue/troublemaker-surviving-hollywood-and-scientology_610/index.html (Caused by NameResolutionError("HTTPSConnection(host='books.toscrape.com', port=443): Failed to resolve 'books.toscrape.com' ([Errno -2] Name or service not known)"))
2026-05-20 06:45:55 | WARNING  | main | ⚠️ Tentative 1/3 échouée pour https://books.toscrape.com/catalogue/my-paris-kitchen-recipes-and-stories_910/index.html. Erreur: HTTPSConnectionPool(host='books.toscrape.com', port=443): Max retries exceeded with url: /catalogue/my-paris-kitchen-recipes-and-stories_910/index.html (Caused by NameResolutionError("HTTPSConnection(host='books.toscrape.com', port=443): Failed to resolve 'books.toscrape.com' ([Errno -2] Name or service not known)"))
2026-05-20 06:45:57 | WARNING  | main | ⚠️ Tentative 2/3 échouée pour https://books.toscrape.com/catalogue/my-paris-kitchen-recipes-and-stories_910/index.html. Erreur: HTTPSConnectionPool(host='books.toscrape.com', port=443): Max retries exceeded with url: /catalogue/my-paris-kitchen-recipes-and-stories_910/index.html (Caused by NameResolutionError("HTTPSConnection(host='books.toscrape.com', port=443): Failed to resolve 'books.toscrape.com' ([Errno -2] Name or service not known)"))
2026-05-20 06:45:59 | WARNING  | main | ⚠️ Tentative 3/3 échouée pour https://books.toscrape.com/catalogue/my-paris-kitchen-recipes-and-stories_910/index.html. Erreur: HTTPSConnectionPool(host='books.toscrape.com', port=443): Max retries exceeded with url: /catalogue/my-paris-kitchen-recipes-and-stories_910/index.html (Caused by NameResolutionError("HTTPSConnection(host='books.toscrape.com', port=443): Failed to resolve 'books.toscrape.com' ([Errno -2] Name or service not known)"))
2026-05-20 06:46:02 | WARNING  | main | ⚠️ Tentative 1/3 échouée pour https://books.toscrape.com/catalogue/like-never-before-walker-family-2_476/index.html. Erreur: HTTPSConnectionPool(host='books.toscrape.com', port=443): Max retries exceeded with url: /catalogue/like-never-before-walker-family-2_476/index.html (Caused by NameResolutionError("HTTPSConnection(host='books.toscrape.com', port=443): Failed to resolve 'books.toscrape.com' ([Errno -2] Name or service not known)"))
2026-05-20 06:46:04 | WARNING  | main | ⚠️ Tentative 2/3 échouée pour https://books.toscrape.com/catalogue/like-never-before-walker-family-2_476/index.html. Erreur: HTTPSConnectionPool(host='books.toscrape.com', port=443): Max retries exceeded with url: /catalogue/like-never-before-walker-family-2_476/index.html (Caused by NameResolutionError("HTTPSConnection(host='books.toscrape.com', port=443): Failed to resolve 'books.toscrape.com' ([Errno -2] Name or service not known)"))
2026-05-20 06:46:06 | WARNING  | main | ⚠️ Tentative 3/3 échouée pour https://books.toscrape.com/catalogue/like-never-before-walker-family-2_476/index.html. Erreur: HTTPSConnectionPool(host='books.toscrape.com', port=443): Max retries exceeded with url: /catalogue/like-never-before-walker-family-2_476/index.html (Caused by NameResolutionError("HTTPSConnection(host='books.toscrape.com', port=443): Failed to resolve 'books.toscrape.com' ([Errno -2] Name or service not known)"))
2026-05-20 06:46:08 | WARNING  | main | ⚠️ Tentative 1/3 échouée pour https://books.toscrape.com/catalogue/the-bulletproof-diet-lose-up-to-a-pound-a-day-reclaim-energy-and-focus-upgrade-your-life_931/index.html. Erreur: HTTPSConnectionPool(host='books.toscrape.com', port=443): Max retries exceeded with url: /catalogue/the-bulletproof-diet-lose-up-to-a-pound-a-day-reclaim-energy-and-focus-upgrade-your-life_931/index.html (Caused by NameResolutionError("HTTPSConnection(host='books.toscrape.com', port=443): Failed to resolve 'books.toscrape.com' ([Errno -2] Name or service not known)"))
2026-05-20 06:46:10 | WARNING  | main | ⚠️ Tentative 2/3 échouée pour https://books.toscrape.com/catalogue/the-bulletproof-diet-lose-up-to-a-pound-a-day-reclaim-energy-and-focus-upgrade-your-life_931/index.html. Erreur: HTTPSConnectionPool(host='books.toscrape.com', port=443): Max retries exceeded with url: /catalogue/the-bulletproof-diet-lose-up-to-a-pound-a-day-reclaim-energy-and-focus-upgrade-your-life_931/index.html (Caused by NameResolutionError("HTTPSConnection(host='books.toscrape.com', port=443): Failed to resolve 'books.toscrape.com' ([Errno -2] Name or service not known)"))
2026-05-20 06:46:12 | WARNING  | main | ⚠️ Tentative 3/3 échouée pour https://books.toscrape.com/catalogue/the-bulletproof-diet-lose-up-to-a-pound-a-day-reclaim-energy-and-focus-upgrade-your-life_931/index.html. Erreur: HTTPSConnectionPool(host='books.toscrape.com', port=443): Max retries exceeded with url: /catalogue/the-bulletproof-diet-lose-up-to-a-pound-a-day-reclaim-energy-and-focus-upgrade-your-life_931/index.html (Caused by NameResolutionError("HTTPSConnection(host='books.toscrape.com', port=443): Failed to resolve 'books.toscrape.com' ([Errno -2] Name or service not known)"))
2026-05-20 06:46:14 | WARNING  | main | ⚠️ Tentative 1/3 échouée pour https://books.toscrape.com/catalogue/mexican-today-new-and-rediscovered-recipes-for-contemporary-kitchens_387/index.html. Erreur: HTTPSConnectionPool(host='books.toscrape.com', port=443): Max retries exceeded with url: /catalogue/mexican-today-new-and-rediscovered-recipes-for-contemporary-kitchens_387/index.html (Caused by NameResolutionError("HTTPSConnection(host='books.toscrape.com', port=443): Failed to resolve 'books.toscrape.com' ([Errno -2] Name or service not known)"))
2026-05-20 06:46:16 | WARNING  | main | ⚠️ Tentative 2/3 échouée pour https://books.toscrape.com/catalogue/mexican-today-new-and-rediscovered-recipes-for-contemporary-kitchens_387/index.html. Erreur: HTTPSConnectionPool(host='books.toscrape.com', port=443): Max retries exceeded with url: /catalogue/mexican-today-new-and-rediscovered-recipes-for-contemporary-kitchens_387/index.html (Caused by NameResolutionError("HTTPSConnection(host='books.toscrape.com', port=443): Failed to resolve 'books.toscrape.com' ([Errno -2] Name or service not known)"))
2026-05-20 06:46:18 | WARNING  | main | ⚠️ Tentative 3/3 échouée pour https://books.toscrape.com/catalogue/mexican-today-new-and-rediscovered-recipes-for-contemporary-kitchens_387/index.html. Erreur: HTTPSConnectionPool(host='books.toscrape.com', port=443): Max retries exceeded with url: /catalogue/mexican-today-new-and-rediscovered-recipes-for-contemporary-kitchens_387/index.html (Caused by NameResolutionError("HTTPSConnection(host='books.toscrape.com', port=443): Failed to resolve 'books.toscrape.com' ([Errno -2] Name or service not known)"))
2026-05-20 06:46:20 | WARNING  | main | ⚠️ Tentative 1/3 échouée pour https://books.toscrape.com/catalogue/thirst_946/index.html. Erreur: HTTPSConnectionPool(host='books.toscrape.com', port=443): Max retries exceeded with url: /catalogue/thirst_946/index.html (Caused by NameResolutionError("HTTPSConnection(host='books.toscrape.com', port=443): Failed to resolve 'books.toscrape.com' ([Errno -2] Name or service not known)"))
2026-05-20 06:46:22 | WARNING  | main | ⚠️ Tentative 2/3 échouée pour https://books.toscrape.com/catalogue/thirst_946/index.html. Erreur: HTTPSConnectionPool(host='books.toscrape.com', port=443): Max retries exceeded with url: /catalogue/thirst_946/index.html (Caused by NameResolutionError("HTTPSConnection(host='books.toscrape.com', port=443): Failed to resolve 'books.toscrape.com' ([Errno -2] Name or service not known)"))
2026-05-20 06:46:24 | WARNING  | main | ⚠️ Tentative 3/3 échouée pour https://books.toscrape.com/catalogue/thirst_946/index.html. Erreur: HTTPSConnectionPool(host='books.toscrape.com', port=443): Max retries exceeded with url: /catalogue/thirst_946/index.html (Caused by NameResolutionError("HTTPSConnection(host='books.toscrape.com', port=443): Failed to resolve 'books.toscrape.com' ([Errno -2] Name or service not known)"))
2026-05-20 06:46:27 | WARNING  | main | ⚠️ Tentative 1/3 échouée pour https://books.toscrape.com/catalogue/a-murder-in-time_877/index.html. Erreur: HTTPSConnectionPool(host='books.toscrape.com', port=443): Max retries exceeded with url: /catalogue/a-murder-in-time_877/index.html (Caused by NameResolutionError("HTTPSConnection(host='books.toscrape.com', port=443): Failed to resolve 'books.toscrape.com' ([Errno -2] Name or service not known)"))
2026-05-20 07:02:10 | WARNING  | main | ⚠️ Tentative 2/3 échouée pour https://books.toscrape.com/catalogue/a-murder-in-time_877/index.html. Erreur: HTTPSConnectionPool(host='books.toscrape.com', port=443): Max retries exceeded with url: /catalogue/a-murder-in-time_877/index.html (Caused by NameResolutionError("HTTPSConnection(host='books.toscrape.com', port=443): Failed to resolve 'books.toscrape.com' ([Errno -2] Name or service not known)"))
2026-05-20 07:02:12 | WARNING  | main | ⚠️ Tentative 3/3 échouée pour https://books.toscrape.com/catalogue/a-murder-in-time_877/index.html. Erreur: HTTPSConnectionPool(host='books.toscrape.com', port=443): Max retries exceeded with url: /catalogue/a-murder-in-time_877/index.html (Caused by NameResolutionError("HTTPSConnection(host='books.toscrape.com', port=443): Failed to resolve 'books.toscrape.com' ([Errno -2] Name or service not known)"))
2026-05-20 07:02:15 | INFO     | main | ✅ Modern Day Fables
2026-05-20 07:05:49 | INFO     | main | ✅ Paradise Lost (Paradise #1)
2026-05-20 07:05:50 | INFO     | main | ✅ Steal Like an Artist: 10 Things Nobody Told You About Being Creative
2026-05-20 07:05:51 | INFO     | main | ✅ Sister Dear
2026-05-20 07:05:53 | INFO     | main | ✅ A Paris Apartment
2026-05-20 07:05:54 | INFO     | main | ✅ Harry Potter and the Sorcerer's Stone (Harry Potter #1)
2026-05-20 07:05:56 | INFO     | main | ✅ The Wicked + The Divine, Vol. 3: Commercial Suicide (The Wicked + The Divine)
2026-05-20 07:05:57 | INFO     | main | ✅ The Obsession
2026-05-20 07:06:06 | WARNING  | main | ⚠️ Tentative 1/3 échouée pour https://books.toscrape.com/catalogue/the-power-greens-cookbook-140-delicious-superfood-recipes_410/index.html. Erreur: HTTPSConnectionPool(host='books.toscrape.com', port=443): Max retries exceeded with url: /catalogue/the-power-greens-cookbook-140-delicious-superfood-recipes_410/index.html (Caused by NameResolutionError("HTTPSConnection(host='books.toscrape.com', port=443): Failed to resolve 'books.toscrape.com' ([Errno -5] No address associated with hostname)"))
2026-05-20 07:06:16 | WARNING  | main | ⚠️ Tentative 2/3 échouée pour https://books.toscrape.com/catalogue/the-power-greens-cookbook-140-delicious-superfood-recipes_410/index.html. Erreur: HTTPSConnectionPool(host='books.toscrape.com', port=443): Max retries exceeded with url: /catalogue/the-power-greens-cookbook-140-delicious-superfood-recipes_410/index.html (Caused by NameResolutionError("HTTPSConnection(host='books.toscrape.com', port=443): Failed to resolve 'books.toscrape.com' ([Errno -5] No address associated with hostname)"))
2026-05-20 07:06:19 | WARNING  | main | ⚠️ Tentative 3/3 échouée pour https://books.toscrape.com/catalogue/the-power-greens-cookbook-140-delicious-superfood-recipes_410/index.html. Erreur: HTTPSConnectionPool(host='books.toscrape.com', port=443): Max retries exceeded with url: /catalogue/the-power-greens-cookbook-140-delicious-superfood-recipes_410/index.html (Caused by NameResolutionError("HTTPSConnection(host='books.toscrape.com', port=443): Failed to resolve 'books.toscrape.com' ([Errno -2] Name or service not known)"))
2026-05-20 07:06:29 | WARNING  | main | ⚠️ Tentative 1/3 échouée pour https://books.toscrape.com/catalogue/hungry-girl-clean-hungry-easy-all-natural-recipes-for-healthy-eating-in-the-real-world_171/index.html. Erreur: HTTPSConnectionPool(host='books.toscrape.com', port=443): Max retries exceeded with url: /catalogue/hungry-girl-clean-hungry-easy-all-natural-recipes-for-healthy-eating-in-the-real-world_171/index.html (Caused by NameResolutionError("HTTPSConnection(host='books.toscrape.com', port=443): Failed to resolve 'books.toscrape.com' ([Errno -5] No address associated with hostname)"))
2026-05-20 07:06:40 | WARNING  | main | ⚠️ Tentative 2/3 échouée pour https://books.toscrape.com/catalogue/hungry-girl-clean-hungry-easy-all-natural-recipes-for-healthy-eating-in-the-real-world_171/index.html. Erreur: HTTPSConnectionPool(host='books.toscrape.com', port=443): Max retries exceeded with url: /catalogue/hungry-girl-clean-hungry-easy-all-natural-recipes-for-healthy-eating-in-the-real-world_171/index.html (Caused by NameResolutionError("HTTPSConnection(host='books.toscrape.com', port=443): Failed to resolve 'books.toscrape.com' ([Errno -5] No address associated with hostname)"))
2026-05-20 07:06:46 | INFO     | main | ✅ Hungry Girl Clean & Hungry: Easy All-Natural Recipes for Healthy Eating in the Real World
2026-05-20 07:06:58 | WARNING  | main | ⚠️ Tentative 1/3 échouée pour https://books.toscrape.com/catalogue/the-stranger_861/index.html. Erreur: HTTPSConnectionPool(host='books.toscrape.com', port=443): Read timed out. (read timeout=10)
2026-05-20 07:07:10 | WARNING  | main | ⚠️ Tentative 2/3 échouée pour https://books.toscrape.com/catalogue/the-stranger_861/index.html. Erreur: HTTPSConnectionPool(host='books.toscrape.com', port=443): Read timed out. (read timeout=10)
2026-05-20 07:07:13 | INFO     | main | ✅ The Stranger
2026-05-20 07:07:13 | INFO     | main | ✅ The Travelers
2026-05-20 07:07:14 | INFO     | main | ✅ Meternity
2026-05-20 07:07:14 | INFO     | main | ✅ The New Guy (and Other Senior Year Distractions)
2026-05-20 07:07:15 | INFO     | main | ✅ Superman Vol. 1: Before Truth (Superman by Gene Luen Yang #1)
2026-05-20 07:07:16 | INFO     | main | ✅ Charity's Cross (Charles Towne Belles #4)
2026-05-20 07:07:16 | INFO     | main | ✅ The Children
2026-05-20 07:07:17 | INFO     | main | ✅ Buying In: The Secret Dialogue Between What We Buy and Who We Are
2026-05-20 07:07:17 | INFO     | main | ✅ In Her Wake
2026-05-20 07:07:18 | INFO     | main | ✅ The Most Perfect Thing: Inside (and Outside) a Bird's Egg
2026-05-20 07:07:18 | INFO     | main | ✅ The Long Shadow of Small Ghosts: Murder and Memory in an American City
2026-05-20 07:07:19 | INFO     | main | ✅ When We Collided
2026-05-20 07:07:20 | INFO     | main | ✅ Scarlet (The Lunar Chronicles #2)
2026-05-20 07:07:20 | INFO     | main | ✅ Brave Enough
2026-05-20 07:07:21 | INFO     | main | ✅ Vagabonding: An Uncommon Guide to the Art of Long-Term World Travel
2026-05-20 07:07:22 | INFO     | main | ✅ Alight (The Generations Trilogy #2)
2026-05-20 07:07:22 | INFO     | main | ✅ Far & Away: Places on the Brink of Change: Seven Continents, Twenty-Five Years
2026-05-20 07:07:23 | INFO     | main | ✅ The Hobbit (Middle-Earth Universe)
2026-05-20 07:07:23 | INFO     | main | ✅ Boar Island (Anna Pigeon #19)
2026-05-20 07:07:24 | INFO     | main | ✅ The Darkest Corners
2026-05-20 07:07:25 | INFO     | main | ✅ Brain on Fire: My Month of Madness
2026-05-20 07:07:26 | INFO     | main | ✅ Romero and Juliet: A Tragic Tale of Love and Zombies
2026-05-20 07:07:27 | INFO     | main | ✅ The Inefficiency Assassin: Time Management Tactics for Working Smarter, Not Longer
2026-05-20 07:07:27 | INFO     | main | ✅ Tuesday Nights in 1980
2026-05-20 07:07:27 | INFO     | main | ✅ The Wedding Pact (The O'Malleys #2)
2026-05-20 07:07:28 | INFO     | main | ✅ The Star-Touched Queen
2026-05-20 07:07:29 | INFO     | main | ✅ The Lonely Ones
2026-05-20 07:07:29 | INFO     | main | ✅ Private Paris (Private #10)
2026-05-20 07:07:30 | INFO     | main | ✅ All the Light We Cannot See
2026-05-20 07:07:30 | INFO     | main | ✅ Raspberry Pi Electronics Projects for the Evil Genius
2026-05-20 07:07:31 | INFO     | main | ✅ I Hate Fairyland, Vol. 1: Madly Ever After (I Hate Fairyland (Compilations) #1-5)
2026-05-20 07:07:31 | INFO     | main | ✅ The Mistake (Off-Campus #2)
2026-05-20 07:07:32 | INFO     | main | ✅ Beautiful Creatures (Caster Chronicles #1)
2026-05-20 07:07:33 | INFO     | main | ✅ Love Is a Mix Tape (Music #1)
2026-05-20 07:07:33 | INFO     | main | ✅ The Gutsy Girl: Escapades for Your Life of Epic Adventure
2026-05-20 07:07:34 | INFO     | main | ✅ Logan Kade (Fallen Crest High #5.5)
2026-05-20 07:07:34 | INFO     | main | ✅ Rip it Up and Start Again
2026-05-20 07:07:35 | INFO     | main | ✅ #HigherSelfie: Wake Up Your Life. Free Your Soul. Find Your Tribe.
2026-05-20 07:07:36 | INFO     | main | ✅ What's It Like in Space?: Stories from Astronauts Who've Been There
2026-05-20 07:07:36 | INFO     | main | ✅ The Pilgrim's Progress
2026-05-20 07:07:37 | INFO     | main | ✅ David and Goliath: Underdogs, Misfits, and the Art of Battling Giants
2026-05-20 07:07:38 | INFO     | main | ✅ Me Talk Pretty One Day
2026-05-20 07:07:38 | INFO     | main | ✅ The Nameless City (The Nameless City #1)
2026-05-20 07:07:39 | INFO     | main | ✅ Daring Greatly: How the Courage to Be Vulnerable Transforms the Way We Live, Love, Parent, and Lead
2026-05-20 07:07:39 | INFO     | main | ✅ Crown of Midnight (Throne of Glass #2)
2026-05-20 07:07:40 | INFO     | main | ✅ Big Little Lies
2026-05-20 07:07:41 | INFO     | main | ✅ Ms. Marvel, Vol. 1: No Normal (Ms. Marvel (2014-2015) #1)
2026-05-20 07:07:41 | INFO     | main | ✅ Lord of the Flies
2026-05-20 07:07:42 | INFO     | main | ✅ Glory over Everything: Beyond The Kitchen House
2026-05-20 07:07:43 | INFO     | main | ✅ Stars Above (The Lunar Chronicles #4.5)
2026-05-20 07:07:43 | INFO     | main | ✅ Chronicles, Vol. 1
2026-05-20 07:07:44 | INFO     | main | ✅ Miracles from Heaven: A Little Girl, Her Journey to Heaven, and Her Amazing Story of Healing
2026-05-20 07:07:44 | INFO     | main | ✅ The Guernsey Literary and Potato Peel Pie Society
2026-05-20 07:07:45 | INFO     | main | ✅ (Un)Qualified: How God Uses Broken People to Do Big Things
2026-05-20 07:07:46 | INFO     | main | ✅ Love That Boy: What Two Presidents, Eight Road Trips, and My Son Taught Me About a Parent's Expectations
2026-05-20 07:07:46 | INFO     | main | ✅ A Short History of Nearly Everything
2026-05-20 07:07:47 | INFO     | main | ✅ Modern Romance
2026-05-20 07:07:47 | INFO     | main | ✅ Fruits Basket, Vol. 6 (Fruits Basket #6)
2026-05-20 07:07:48 | INFO     | main | ✅ Chasing Heaven: What Dying Taught Me About Living
2026-05-20 07:07:48 | INFO     | main | ✅ The Thing About Jellyfish
2026-05-20 07:07:49 | INFO     | main | ✅ A Gathering of Shadows (Shades of Magic #2)
2026-05-20 07:07:49 | INFO     | main | ✅ 13 Hours: The Inside Account of What Really Happened In Benghazi
2026-05-20 07:07:50 | INFO     | main | ✅ Code Name Verity (Code Name Verity #1)
2026-05-20 07:07:50 | INFO     | main | ✅ The Art Forger
2026-05-20 07:07:51 | INFO     | main | ✅ I'll Give You the Sun
2026-05-20 07:07:52 | INFO     | main | ✅ Neither Here nor There: Travels in Europe
2026-05-20 07:07:52 | INFO     | main | ✅ Mesaerion: The Best Science Fiction Stories 1800-1849
2026-05-20 07:07:53 | INFO     | main | ✅ The Secret Garden
2026-05-20 07:07:53 | INFO     | main | ✅ Disrupted: My Misadventure in the Start-Up Bubble
2026-05-20 07:07:54 | INFO     | main | ✅ Blue Lily, Lily Blue (The Raven Cycle #3)
2026-05-20 07:07:54 | INFO     | main | ✅ Arena
2026-05-20 07:07:55 | INFO     | main | ✅ This One Moment (Pushing Limits #1)
2026-05-20 07:07:56 | INFO     | main | ✅ The Bhagavad Gita
2026-05-20 07:07:56 | INFO     | main | ✅ The Invention of Wings
2026-05-20 07:07:57 | INFO     | main | ✅ Forever Rockers (The Rocker #12)
2026-05-20 07:07:57 | INFO     | main | ✅ Unicorn Tracks
2026-05-20 07:07:58 | INFO     | main | ✅ Most Wanted
2026-05-20 07:07:58 | INFO     | main | ✅ Chernobyl 01:23:40: The Incredible True Story of the World's Worst Nuclear Disaster
2026-05-20 07:07:59 | INFO     | main | ✅ First Steps for New Christians (Print Edition)
2026-05-20 07:07:59 | INFO     | main | ✅ Some Women
2026-05-20 07:08:00 | INFO     | main | ✅ Stiff: The Curious Lives of Human Cadavers
2026-05-20 07:08:01 | INFO     | main | ✅ The Complete Stories and Poems (The Works of Edgar Allan Poe [Cameo Edition])
2026-05-20 07:08:01 | INFO     | main | ✅ A Light in the Attic
2026-05-20 07:08:02 | INFO     | main | ✅ My Name Is Lucy Barton
2026-05-20 07:08:02 | INFO     | main | ✅ The Torch Is Passed: A Harding Family Story
2026-05-20 07:08:03 | INFO     | main | ✅ The Life-Changing Magic of Tidying Up: The Japanese Art of Decluttering and Organizing
2026-05-20 07:08:03 | INFO     | main | ✅ Nightingale, Sing
2026-05-20 07:08:04 | INFO     | main | ✅ Seven Brief Lessons on Physics
2026-05-20 07:08:04 | INFO     | main | ✅ City of Bones (The Mortal Instruments #1)
2026-05-20 07:08:05 | INFO     | main | ✅ Whole Lotta Creativity Going On: 60 Fun and Unusual Exercises to Awaken and Strengthen Your Creativity
2026-05-20 07:08:05 | INFO     | main | ✅ Thirteen Reasons Why
2026-05-20 07:08:06 | INFO     | main | ✅ A Year in Provence (Provence #1)
2026-05-20 07:08:07 | INFO     | main | ✅ A Girl's Guide to Moving On (New Beginnings #2)
2026-05-20 07:08:07 | INFO     | main | ✅ Fruits Basket, Vol. 5 (Fruits Basket #5)
2026-05-20 07:08:08 | INFO     | main | ✅ Cinder (The Lunar Chronicles #1)
2026-05-20 07:08:08 | INFO     | main | ✅ Seven Days in the Art World
2026-05-20 07:08:09 | INFO     | main | ✅ The Light of the Fireflies
2026-05-20 07:08:09 | INFO     | main | ✅ My Kitchen Year: 136 Recipes That Saved My Life
2026-05-20 07:08:10 | INFO     | main | ✅ New Moon (Twilight #2)
2026-05-20 07:08:10 | INFO     | main | ✅ Adultery
2026-05-20 07:08:11 | INFO     | main | ✅ Red Hood/Arsenal, Vol. 1: Open for Business (Red Hood/Arsenal #1)
2026-05-20 07:08:11 | INFO     | main | ✅ If I Stay (If I Stay #1)
2026-05-20 07:08:12 | INFO     | main | ✅ You Are a Badass: How to Stop Doubting Your Greatness and Start Living an Awesome Life
2026-05-20 07:08:12 | INFO     | main | ✅ Girl Online On Tour (Girl Online #2)
2026-05-20 07:08:13 | INFO     | main | ✅ Psycho: Sanitarium (Psycho #1.5)
2026-05-20 07:08:13 | INFO     | main | ✅ Under the Tuscan Sun
2026-05-20 07:08:14 | INFO     | main | ✅ Adulthood Is a Myth: A "Sarah's Scribbles" Collection
2026-05-20 07:08:14 | INFO     | main | ✅ Charlie and the Chocolate Factory (Charlie Bucket #1)
2026-05-20 07:08:15 | INFO     | main | ✅ The Requiem Red
2026-05-20 07:08:15 | INFO     | main | ✅ Bleach, Vol. 1: Strawberry and the Soul Reapers (Bleach #1)
2026-05-20 07:08:16 | INFO     | main | ✅ Heir to the Sky
2026-05-20 07:08:16 | INFO     | main | ✅ The Rise of Theodore Roosevelt (Theodore Roosevelt #1)
2026-05-20 07:08:17 | INFO     | main | ✅ Tsubasa: WoRLD CHRoNiCLE 2 (Tsubasa WoRLD CHRoNiCLE #2)
2026-05-20 07:08:17 | INFO     | main | ✅ The Metamorphosis
2026-05-20 07:08:18 | INFO     | main | ✅ The Power of Now: A Guide to Spiritual Enlightenment
2026-05-20 07:08:18 | INFO     | main | ✅ Something Borrowed (Darcy & Rachel #1)
2026-05-20 07:08:19 | INFO     | main | ✅ Paper Girls, Vol. 1 (Paper Girls #1-5)
2026-05-20 07:08:19 | INFO     | main | ✅ Reasons to Stay Alive
2026-05-20 07:08:20 | INFO     | main | ✅ Deep Under (Walker Security #1)
2026-05-20 07:08:20 | INFO     | main | ✅ The Emerald Mystery
2026-05-20 07:08:21 | INFO     | main | ✅ Shadow Rites (Jane Yellowrock #10)
2026-05-20 07:08:21 | INFO     | main | ✅ Being Mortal: Medicine and What Matters in the End
2026-05-20 07:08:22 | INFO     | main | ✅ Darkfever (Fever #1)
2026-05-20 07:08:22 | INFO     | main | ✅ The Murder That Never Was (Forensic Instincts #5)
2026-05-20 07:08:23 | INFO     | main | ✅ The Girl on the Train
2026-05-20 07:08:23 | INFO     | main | ✅ When I'm Gone
2026-05-20 07:08:24 | INFO     | main | ✅ You Are What You Love: The Spiritual Power of Habit
2026-05-20 07:08:24 | INFO     | main | ✅ Lies and Other Acts of Love
2026-05-20 07:08:25 | INFO     | main | ✅ Poisonous (Max Revere Novels #3)
2026-05-20 07:08:25 | INFO     | main | ✅ If I Gave You God's Phone Number....: Searching for Spirituality in America
2026-05-20 07:08:26 | INFO     | main | ✅ Hystopia: A Novel
2026-05-20 07:08:27 | INFO     | main | ✅ Until Friday Night (The Field Party #1)
2026-05-20 07:08:27 | INFO     | main | ✅ The Age of Genius: The Seventeenth Century and the Birth of the Modern Mind
2026-05-20 07:08:28 | INFO     | main | ✅ Online Marketing for Busy Authors: A Step-By-Step Guide
2026-05-20 07:08:28 | INFO     | main | ✅ Eight Hundred Grapes
2026-05-20 07:08:29 | INFO     | main | ✅ Grey (Fifty Shades #4)
2026-05-20 07:08:29 | INFO     | main | ✅ My Life Next Door (My Life Next Door )
2026-05-20 07:08:30 | INFO     | main | ✅ Swell: A Year of Waves
2026-05-20 07:08:30 | INFO     | main | ✅ Don't Get Caught
2026-05-20 07:08:31 | INFO     | main | ✅ Friday Night Lights: A Town, a Team, and a Dream
2026-05-20 07:08:31 | INFO     | main | ✅ Amy Meets the Saints and Sages
2026-05-20 07:08:32 | INFO     | main | ✅ Maude (1883-1993):She Grew Up with the country
2026-05-20 07:08:33 | INFO     | main | ✅ The Time Keeper
2026-05-20 07:08:33 | INFO     | main | ✅ Art and Fear: Observations on the Perils (and Rewards) of Artmaking
2026-05-20 07:08:34 | INFO     | main | ✅ Behind Closed Doors
2026-05-20 07:08:34 | INFO     | main | ✅ The Giver (The Giver Quartet #1)
2026-05-20 07:08:35 | INFO     | main | ✅ The 10% Entrepreneur: Live Your Startup Dream Without Quitting Your Day Job
2026-05-20 07:08:35 | INFO     | main | ✅ The Bette Davis Club
2026-05-20 07:08:36 | INFO     | main | ✅ Myriad (Prentor #1)
2026-05-20 07:08:36 | INFO     | main | ✅ Life After Life
2026-05-20 07:08:37 | INFO     | main | ✅ Settling the Score (The Summer Games #1)
2026-05-20 07:08:37 | INFO     | main | ✅ Me Before You (Me Before You #1)
2026-05-20 07:08:38 | INFO     | main | ✅ Voyager (Outlander #3)
2026-05-20 07:08:38 | INFO     | main | ✅ Snatched: How A Drug Queen Went Undercover for the DEA and Was Kidnapped By Colombian Guerillas
2026-05-20 07:08:39 | INFO     | main | ✅ The High Mountains of Portugal
2026-05-20 07:08:39 | INFO     | main | ✅ Icing (Aces Hockey #2)
2026-05-20 07:08:40 | INFO     | main | ✅ Little Red
2026-05-20 07:08:40 | INFO     | main | ✅ Art Ops Vol. 1
2026-05-20 07:08:41 | INFO     | main | ✅ Overload: How to Unplug, Unwind, and Unleash Yourself from the Pressure of Stress
2026-05-20 07:08:41 | INFO     | main | ✅ The Cuckoo's Calling (Cormoran Strike #1)
2026-05-20 07:08:42 | INFO     | main | ✅ Of Mice and Men
2026-05-20 07:08:42 | INFO     | main | ✅ Where She Went (If I Stay #2)
2026-05-20 07:08:43 | INFO     | main | ✅ The Death of Humanity: and the Case for Life
2026-05-20 07:08:43 | INFO     | main | ✅ The Little Prince
2026-05-20 07:08:44 | INFO     | main | ✅ Kindle Paperwhite User's Guide
2026-05-20 07:08:44 | INFO     | main | ✅ The Secret Healer
2026-05-20 07:08:45 | INFO     | main | ✅ Choosing Our Religion: The Spiritual Lives of America's Nones
2026-05-20 07:08:45 | INFO     | main | ✅ Still Life with Bread Crumbs
2026-05-20 07:08:45 | INFO     | main | ✅ Travels with Charley: In Search of America
2026-05-20 07:08:46 | INFO     | main | ✅ In a Dark, Dark Wood
2026-05-20 07:08:46 | INFO     | main | ✅ Grayson, Vol 3: Nemesis (Grayson #3)
2026-05-20 07:08:47 | INFO     | main | ✅ That Darkness (Gardiner and Renner #1)
2026-05-20 07:08:48 | INFO     | main | ✅ The Dovekeepers
2026-05-20 07:08:48 | INFO     | main | ✅ Masks and Shadows
2026-05-20 07:08:49 | INFO     | main | ✅ Fruits Basket, Vol. 7 (Fruits Basket #7)
2026-05-20 07:08:49 | INFO     | main | ✅ Zero to One: Notes on Startups, or How to Build the Future
2026-05-20 07:08:50 | INFO     | main | ✅ God Is Not Great: How Religion Poisons Everything
2026-05-20 07:08:51 | INFO     | main | ✅ Security
2026-05-20 07:08:51 | INFO     | main | ✅ Ash
2026-05-20 07:08:52 | INFO     | main | ✅ It
2026-05-20 07:08:52 | INFO     | main | ✅ The Love and Lemons Cookbook: An Apple-to-Zucchini Celebration of Impromptu Cooking
2026-05-20 07:08:53 | INFO     | main | ✅ Rich Dad, Poor Dad
2026-05-20 07:08:53 | INFO     | main | ✅ El Deafo
2026-05-20 07:08:54 | INFO     | main | ✅ Lady Renegades (Rebel Belle #3)
2026-05-20 07:08:54 | INFO     | main | ✅ First and First (Five Boroughs #3)
2026-05-20 07:08:55 | INFO     | main | ✅ Scott Pilgrim's Precious Little Life (Scott Pilgrim #1)
2026-05-20 07:08:56 | INFO     | main | ✅ This One Summer
2026-05-20 07:08:56 | INFO     | main | ✅ Under the Banner of Heaven: A Story of Violent Faith
2026-05-20 07:08:56 | INFO     | main | ✅ Luis Paints the World
2026-05-20 07:08:57 | INFO     | main | ✅ Ayumi's Violin
2026-05-20 07:08:58 | INFO     | main | ✅ The Last Girl (The Dominion Trilogy #1)
2026-05-20 07:08:59 | INFO     | main | ✅ The Black Maria
2026-05-20 07:09:00 | INFO     | main | ✅ Saga, Volume 1 (Saga (Collected Editions) #1)
2026-05-20 07:09:00 | INFO     | main | ✅ Hamilton: The Revolution
2026-05-20 07:09:01 | INFO     | main | ✅ The Rosie Project (Don Tillman #1)
2026-05-20 07:09:01 | INFO     | main | ✅ Bounty (Colorado Mountain #7)
2026-05-20 07:09:02 | INFO     | main | ✅ The Elephant Tree
2026-05-20 07:09:02 | INFO     | main | ✅ Will You Won't You Want Me?
2026-05-20 07:09:03 | INFO     | main | ✅ History of Beauty
2026-05-20 07:09:03 | INFO     | main | ✅ The Sound Of Love
2026-05-20 07:09:04 | INFO     | main | ✅ Fun Home: A Family Tragicomic
2026-05-20 07:09:04 | INFO     | main | ✅ The Mindfulness and Acceptance Workbook for Anxiety: A Guide to Breaking Free from Anxiety, Phobias, and Worry Using Acceptance and Commitment Therapy
2026-05-20 07:09:05 | INFO     | main | ✅ The Blind Side: Evolution of a Game
2026-05-20 07:09:05 | INFO     | main | ✅ Ready Player One
2026-05-20 07:09:06 | INFO     | main | ✅ Let's Pretend This Never Happened: A Mostly True Memoir
2026-05-20 07:09:06 | INFO     | main | ✅ The Iliad
2026-05-20 07:09:07 | INFO     | main | ✅ The Widow
2026-05-20 07:09:07 | INFO     | main | ✅ Dune (Dune #1)
2026-05-20 07:09:08 | INFO     | main | ✅ Naruto (3-in-1 Edition), Vol. 14: Includes Vols. 40, 41 & 42 (Naruto: Omnibus #14)
2026-05-20 07:09:08 | INFO     | main | ✅ I Will Find You
2026-05-20 07:09:09 | INFO     | main | ✅ Quiet: The Power of Introverts in a World That Can't Stop Talking
2026-05-20 07:09:09 | INFO     | main | ✅ Evicted: Poverty and Profit in the American City
2026-05-20 07:09:10 | INFO     | main | ✅ Frankenstein
2026-05-20 07:09:10 | INFO     | main | ✅ Isla and the Happily Ever After (Anna and the French Kiss #3)
2026-05-20 07:09:10 | INFO     | main | ✅ I Am Malala: The Girl Who Stood Up for Education and Was Shot by the Taliban
2026-05-20 07:09:11 | INFO     | main | ✅ Eaternity: More than 150 Deliciously Easy Vegan Recipes for a Long, Healthy, Satisfied, Joyful Life
2026-05-20 07:09:11 | INFO     | main | ✅ Twenty Love Poems and a Song of Despair
2026-05-20 07:09:12 | INFO     | main | ✅ Data, A Love Story: How I Gamed Online Dating to Meet My Match
2026-05-20 07:09:12 | INFO     | main | ✅ The Husband's Secret
2026-05-20 07:09:13 | INFO     | main | ✅ Vampire Knight, Vol. 1 (Vampire Knight #1)
2026-05-20 07:09:13 | INFO     | main | ✅ Gone with the Wind
2026-05-20 07:09:14 | INFO     | main | ✅ The Shadow Hero (The Shadow Hero)
2026-05-20 07:09:14 | INFO     | main | ✅ Cravings: Recipes for What You Want to Eat
2026-05-20 07:09:15 | INFO     | main | ✅ Atlas Shrugged
2026-05-20 07:09:15 | INFO     | main | ✅ The Goldfinch
2026-05-20 07:09:16 | INFO     | main | ✅ Mama Tried: Traditional Italian Cooking for the Screwed, Crude, Vegan, and Tattooed
2026-05-20 07:09:16 | INFO     | main | ✅ Catherine the Great: Portrait of a Woman
2026-05-20 07:09:17 | INFO     | main | ✅ The Book of Basketball: The NBA According to The Sports Guy
2026-05-20 07:09:17 | INFO     | main | ✅ The Girl In The Ice (DCI Erika Foster #1)
2026-05-20 07:09:18 | INFO     | main | ✅ The Book Thief
2026-05-20 07:09:19 | INFO     | main | ✅ Living Forward: A Proven Plan to Stop Drifting and Get the Life You Want
2026-05-20 07:09:19 | INFO     | main | ✅ Digital Fortress
2026-05-20 07:09:20 | INFO     | main | ✅ Made to Stick: Why Some Ideas Survive and Others Die
2026-05-20 07:09:20 | INFO     | main | ✅ The Whale
2026-05-20 07:09:21 | INFO     | main | ✅ Soumission
2026-05-20 07:09:21 | INFO     | main | ✅ 32 Yolks
2026-05-20 07:09:22 | INFO     | main | ✅ The Golden Compass (His Dark Materials #1)
2026-05-20 07:09:22 | INFO     | main | ✅ Roller Girl
2026-05-20 07:09:23 | INFO     | main | ✅ Done Rubbed Out (Reightman & Bailey #1)
2026-05-20 07:09:23 | INFO     | main | ✅ Her Backup Boyfriend (The Sorensen Family #1)
2026-05-20 07:09:24 | INFO     | main | ✅ Hush, Hush (Hush, Hush #1)
2026-05-20 07:09:24 | INFO     | main | ✅ The Sleep Revolution: Transforming Your Life, One Night at a Time
2026-05-20 07:09:25 | INFO     | main | ✅ Kill the Boy Band
2026-05-20 07:09:25 | INFO     | main | ✅ The Art of Startup Fundraising
2026-05-20 07:09:26 | INFO     | main | ✅ When Breath Becomes Air
2026-05-20 07:09:26 | INFO     | main | ✅ The Tipping Point: How Little Things Can Make a Big Difference
2026-05-20 07:09:26 | INFO     | main | ✅ Boy Meets Boy
2026-05-20 07:09:27 | INFO     | main | ✅ Original Fake
2026-05-20 07:09:27 | INFO     | main | ✅ The Lover's Dictionary
2026-05-20 07:09:28 | INFO     | main | ✅ Eureka Trivia 6.0
2026-05-20 07:09:28 | INFO     | main | ✅ In the Country We Love: My Family Divided
2026-05-20 07:09:29 | INFO     | main | ✅ Find Her (Detective D.D. Warren #8)
2026-05-20 07:09:29 | INFO     | main | ✅ Reskilling America: Learning to Labor in the Twenty-First Century
2026-05-20 07:09:30 | INFO     | main | ✅ Playing from the Heart
2026-05-20 07:09:30 | INFO     | main | ✅ The Hook Up (Game On #1)
2026-05-20 07:09:31 | INFO     | main | ✅ The Disappearing Spoon: And Other True Tales of Madness, Love, and the History of the World from the Periodic Table of the Elements
2026-05-20 07:09:31 | INFO     | main | ✅ The Diary of a Young Girl
2026-05-20 07:09:31 | INFO     | main | ✅ The Autobiography of Malcolm X
2026-05-20 07:09:32 | INFO     | main | ✅ Far From True (Promise Falls Trilogy #2)
2026-05-20 07:09:32 | INFO     | main | ✅ Fighting Fate (Fighting #6)
2026-05-20 07:09:33 | INFO     | main | ✅ In the Woods (Dublin Murder Squad #1)
2026-05-20 07:09:33 | INFO     | main | ✅ Girl in the Blue Coat
2026-05-20 07:09:33 | INFO     | main | ✅ The False Prince (The Ascendance Trilogy #1)
2026-05-20 07:09:34 | INFO     | main | ✅ Finders Keepers (Bill Hodges Trilogy #2)
2026-05-20 07:09:34 | INFO     | main | ✅ Harry Potter and the Chamber of Secrets (Harry Potter #2)
2026-05-20 07:09:35 | INFO     | main | ✅ In the Garden of Beasts: Love, Terror, and an American Family in Hitler's Berlin
2026-05-20 07:09:35 | INFO     | main | ✅ Watchmen
2026-05-20 07:09:36 | INFO     | main | ✅ Hold Your Breath (Search and Rescue #1)
2026-05-20 07:09:36 | INFO     | main | ✅ NaNo What Now? Finding your editing process, revising your NaNoWriMo book and building a writing career through publishing and beyond
2026-05-20 07:09:37 | INFO     | main | ✅ The Expatriates
2026-05-20 07:09:37 | INFO     | main | ✅ The Secret of Dreadwillow Carse
2026-05-20 07:09:38 | INFO     | main | ✅ The Omnivore's Dilemma: A Natural History of Four Meals
2026-05-20 07:09:38 | INFO     | main | ✅ Proofs of God: Classical Arguments from Tertullian to Barth
2026-05-20 07:09:38 | INFO     | main | ✅ "Most Blessed of the Patriarchs": Thomas Jefferson and the Empire of the Imagination
2026-05-20 07:09:39 | INFO     | main | ✅ Dark Lover (Black Dagger Brotherhood #1)
2026-05-20 07:09:39 | INFO     | main | ✅ A Hero's Curse (The Unseen Chronicles #1)
2026-05-20 07:09:40 | INFO     | main | ✅ Dracula the Un-Dead
2026-05-20 07:09:40 | INFO     | main | ✅ It's All Easy: Healthy, Delicious Weeknight Meals in under 30 Minutes
2026-05-20 07:09:41 | INFO     | main | ✅ The Silent Twin (Detective Jennifer Knight #3)
2026-05-20 07:09:41 | INFO     | main | ✅ Don't Forget Steven
2026-05-20 07:09:42 | INFO     | main | ✅ Death by Leisure: A Cautionary Tale
2026-05-20 07:09:42 | INFO     | main | ✅ Sense and Sensibility
2026-05-20 07:09:43 | INFO     | main | ✅ Tell the Wolves I'm Home
2026-05-20 07:09:43 | INFO     | main | ✅ Saga, Volume 2 (Saga (Collected Editions) #2)
2026-05-20 07:09:43 | INFO     | main | ✅ Alice in Wonderland (Alice's Adventures in Wonderland #1)
2026-05-20 07:09:44 | INFO     | main | ✅ In Cold Blood
2026-05-20 07:09:44 | INFO     | main | ✅ The Silent Wife
2026-05-20 07:09:45 | INFO     | main | ✅ The Year of Magical Thinking
2026-05-20 07:09:45 | INFO     | main | ✅ Rat Queens, Vol. 3: Demons (Rat Queens (Collected Editions) #11-15)
2026-05-20 07:09:46 | INFO     | main | ✅ The Immortal Life of Henrietta Lacks
2026-05-20 07:09:46 | INFO     | main | ✅ Sleeping Giants (Themis Files #1)
2026-05-20 07:09:47 | INFO     | main | ✅ The Bourne Identity (Jason Bourne #1)
2026-05-20 07:09:47 | INFO     | main | ✅ Tracing Numbers on a Train
2026-05-20 07:09:48 | INFO     | main | ✅ No Love Allowed (Dodge Cove #1)
2026-05-20 07:09:48 | INFO     | main | ✅ Library of Souls (Miss Peregrine’s Peculiar Children #3)
2026-05-20 07:09:48 | INFO     | main | ✅ The Argonauts
2026-05-20 07:09:49 | INFO     | main | ✅ Finding God in the Ruins: How God Redeems Pain
2026-05-20 07:09:49 | INFO     | main | ✅ World War Z: An Oral History of the Zombie War
2026-05-20 07:09:50 | INFO     | main | ✅ Musicophilia: Tales of Music and the Brain
2026-05-20 07:09:50 | INFO     | main | ✅ The Book of Mormon
2026-05-20 07:09:51 | INFO     | main | ✅ Scarlett Epstein Hates It Here
2026-05-20 07:09:51 | INFO     | main | ✅ The Gray Rhino: How to Recognize and Act on the Obvious Dangers We Ignore
2026-05-20 07:09:51 | INFO     | main | ✅ The Literature Book (Big Ideas Simply Explained)
2026-05-20 07:09:52 | INFO     | main | ✅ The Wright Brothers
2026-05-20 07:09:52 | INFO     | main | ✅ Les Fleurs du Mal
2026-05-20 07:09:53 | INFO     | main | ✅ Foolproof Preserving: A Guide to Small Batch Jams, Jellies, Pickles, Condiments, and More: A Foolproof Guide to Making Small Batch Jams, Jellies, Pickles, Condiments, and More
2026-05-20 07:09:53 | INFO     | main | ✅ Without Borders (Wanderlove #1)
2026-05-20 07:09:54 | INFO     | main | ✅ The 14th Colony (Cotton Malone #11)
2026-05-20 07:09:54 | INFO     | main | ✅ Outcast, Vol. 1: A Darkness Surrounds Him (Outcast #1)
2026-05-20 07:09:55 | INFO     | main | ✅ The End of Faith: Religion, Terror, and the Future of Reason
2026-05-20 07:09:55 | INFO     | main | ✅ Rogue Lawyer (Rogue Lawyer #1)
2026-05-20 07:09:56 | INFO     | main | ✅ Talking to Girls About Duran Duran: One Young Man's Quest for True Love and a Cooler Haircut
2026-05-20 07:09:56 | INFO     | main | ✅ 1st to Die (Women's Murder Club #1)
2026-05-20 07:09:57 | INFO     | main | ✅ The Nightingale
2026-05-20 07:09:57 | INFO     | main | ✅ Harry Potter and the Order of the Phoenix (Harry Potter #5)
2026-05-20 07:09:57 | INFO     | main | ✅ Large Print Heart of the Pride
2026-05-20 07:09:58 | INFO     | main | ✅ Hollow City (Miss Peregrine’s Peculiar Children #2)
2026-05-20 07:09:58 | INFO     | main | ✅ Cometh the Hour (The Clifton Chronicles #6)
2026-05-20 07:09:59 | INFO     | main | ✅ Rain Fish
2026-05-20 07:09:59 | INFO     | main | ✅ orange: The Complete Collection 1 (orange: The Complete Collection #1)
2026-05-20 07:10:00 | INFO     | main | ✅ Toddlers Are A**holes: It's Not Your Fault
2026-05-20 07:10:00 | INFO     | main | ✅ The Complete Maus (Maus #1-2)
2026-05-20 07:10:00 | INFO     | main | ✅ It's Never Too Late to Begin Again: Discovering Creativity and Meaning at Midlife and Beyond
2026-05-20 07:10:01 | INFO     | main | ✅ The First Hostage (J.B. Collins #2)
2026-05-20 07:10:01 | INFO     | main | ✅ Foundation (Foundation (Publication Order) #1)
2026-05-20 07:10:02 | INFO     | main | ✅ The Origin of Species
2026-05-20 07:10:02 | INFO     | main | ✅ The Golden Condom: And Other Essays on Love Lost and Found
2026-05-20 07:10:03 | INFO     | main | ✅ Giant Days, Vol. 2 (Giant Days #5-8)
2026-05-20 07:10:03 | INFO     | main | ✅ Follow You Home
2026-05-20 07:10:03 | INFO     | main | ✅ The Passion of Dolssa
2026-05-20 07:10:04 | INFO     | main | ✅ Someone Like You (The Harrisons #2)
2026-05-20 07:10:04 | INFO     | main | ✅ Remember Me?
2026-05-20 07:10:05 | INFO     | main | ✅ Into the Wild
2026-05-20 07:10:05 | INFO     | main | ✅ Fire Bound (Sea Haven/Sisters of the Heart #5)
2026-05-20 07:10:06 | INFO     | main | ✅ Setting the World on Fire: The Brief, Astonishing Life of St. Catherine of Siena
2026-05-20 07:10:06 | INFO     | main | ✅ Manuscript Found in Accra
2026-05-20 07:10:07 | INFO     | main | ✅ The Road to Little Dribbling: Adventures of an American in Britain (Notes From a Small Island #2)
2026-05-20 07:10:07 | INFO     | main | ✅ The Electric Pencil: Drawings from Inside State Hospital No. 3
2026-05-20 07:10:07 | INFO     | main | ✅ Two Boys Kissing
2026-05-20 07:10:08 | INFO     | main | ✅ Lean In: Women, Work, and the Will to Lead
2026-05-20 07:10:08 | INFO     | main | ✅ House of Leaves
2026-05-20 07:10:09 | INFO     | main | ✅ Bitch Planet, Vol. 1: Extraordinary Machine (Bitch Planet (Collected Editions))
2026-05-20 07:10:09 | INFO     | main | ✅ Diary of a Minecraft Zombie Book 1: A Scare of a Dare (An Unofficial Minecraft Book)
2026-05-20 07:10:09 | INFO     | main | ✅ Very Good Lives: The Fringe Benefits of Failure and the Importance of Imagination
2026-05-20 07:10:10 | INFO     | main | ✅ Lilac Girls
2026-05-20 07:10:10 | INFO     | main | ✅ Jane Eyre
2026-05-20 07:10:11 | INFO     | main | ✅ The Cookies & Cups Cookbook: 125+ sweet & savory recipes reminding you to Always Eat Dessert First
2026-05-20 07:10:11 | INFO     | main | ✅ Dracula
2026-05-20 07:10:12 | INFO     | main | ✅ Barefoot Contessa at Home: Everyday Recipes You'll Make Over and Over Again
2026-05-20 07:10:12 | INFO     | main | ✅ Rhythm, Chord & Malykhin
2026-05-20 07:10:12 | INFO     | main | ✅ The Maze Runner (The Maze Runner #1)
2026-05-20 07:10:13 | INFO     | main | ✅ Lumberjanes, Vol. 1: Beware the Kitten Holy (Lumberjanes #1-4)
2026-05-20 07:10:13 | INFO     | main | ✅ Algorithms to Live By: The Computer Science of Human Decisions
2026-05-20 07:10:14 | INFO     | main | ✅ Counting Thyme
2026-05-20 07:10:14 | INFO     | main | ✅ Reservations for Two
2026-05-20 07:10:15 | INFO     | main | ✅ Libertarianism for Beginners
2026-05-20 07:10:15 | INFO     | main | ✅ The Great Railway Bazaar
2026-05-20 07:10:16 | INFO     | main | ✅ The Catcher in the Rye
2026-05-20 07:10:16 | INFO     | main | ✅ The Communist Manifesto
2026-05-20 07:10:17 | INFO     | main | ✅ An Abundance of Katherines
2026-05-20 07:10:17 | INFO     | main | ✅ The Moosewood Cookbook: Recipes from Moosewood Restaurant, Ithaca, New York
2026-05-20 07:10:17 | INFO     | main | ✅ The Restaurant at the End of the Universe (Hitchhiker's Guide to the Galaxy #2)
2026-05-20 07:10:18 | INFO     | main | ✅ Death Note, Vol. 5: Whiteout (Death Note #5)
2026-05-20 07:10:18 | INFO     | main | ✅ Orchestra of Exiles: The Story of Bronislaw Huberman, the Israel Philharmonic, and the One Thousand Jews He Saved from Nazi Horrors
2026-05-20 07:10:19 | INFO     | main | ✅ Drama
2026-05-20 07:10:19 | INFO     | main | ✅ Raymie Nightingale
2026-05-20 07:10:20 | INFO     | main | ✅ The Rose & the Dagger (The Wrath and the Dawn #2)
2026-05-20 07:10:20 | INFO     | main | ✅ The Fabric of the Cosmos: Space, Time, and the Texture of Reality
2026-05-20 07:10:21 | INFO     | main | ✅ The Perks of Being a Wallflower
2026-05-20 07:10:21 | INFO     | main | ✅ Catching Jordan (Hundred Oaks)
2026-05-20 07:10:21 | INFO     | main | ✅ The Story of Hong Gildong
2026-05-20 07:10:22 | INFO     | main | ✅ The Coming Woman: A Novel Based on the Life of the Infamous Feminist, Victoria Woodhull
2026-05-20 07:10:23 | INFO     | main | ✅ On the Road (Duluoz Legend)
2026-05-20 07:10:23 | INFO     | main | ✅ Robin War
2026-05-20 07:10:24 | INFO     | main | ✅ Please Kill Me: The Uncensored Oral History of Punk
2026-05-20 07:10:24 | INFO     | main | ✅ A Court of Thorns and Roses (A Court of Thorns and Roses #1)
2026-05-20 07:10:25 | INFO     | main | ✅ Rook
2026-05-20 07:10:25 | INFO     | main | ✅ The Land of 10,000 Madonnas
2026-05-20 07:10:26 | INFO     | main | ✅ Something Blue (Darcy & Rachel #2)
2026-05-20 07:10:26 | INFO     | main | ✅ Best of My Love (Fool's Gold #20)
2026-05-20 07:10:26 | INFO     | main | ✅ The White Cat and the Monk: A Retelling of the Poem “Pangur Bán”
2026-05-20 07:10:27 | INFO     | main | ✅ I Know What I'm Doing -- and Other Lies I Tell Myself: Dispatches from a Life Under Construction
2026-05-20 07:10:27 | INFO     | main | ✅ No Dream Is Too High: Life Lessons From a Man Who Walked on the Moon
2026-05-20 07:10:28 | INFO     | main | ✅ Wildlife of New York: A Five-Borough Coloring Book
2026-05-20 07:10:28 | INFO     | main | ✅ Mere Christianity
2026-05-20 07:10:29 | INFO     | main | ✅ Mrs. Houdini
2026-05-20 07:10:30 | INFO     | main | ✅ Mothering Sunday
2026-05-20 07:10:30 | INFO     | main | ✅ Underlying Notes
2026-05-20 07:10:30 | INFO     | main | ✅ Delivering the Truth (Quaker Midwife Mystery #1)
2026-05-20 07:10:31 | INFO     | main | ✅ Listen to Me (Fusion #1)
2026-05-20 07:10:31 | INFO     | main | ✅ The Midnight Assassin: Panic, Scandal, and the Hunt for America's First Serial Killer
2026-05-20 07:10:32 | INFO     | main | ✅ Confessions of a Shopaholic (Shopaholic #1)
2026-05-20 07:10:32 | INFO     | main | ✅ Approval Junkie: Adventures in Caring Too Much
2026-05-20 07:10:33 | INFO     | main | ✅ A Spy's Devotion (The Regency Spies of London #1)
2026-05-20 07:10:33 | INFO     | main | ✅ salt.
2026-05-20 07:10:34 | INFO     | main | ✅ Rising Strong
2026-05-20 07:10:34 | INFO     | main | ✅ Black Flags: The Rise of ISIS
2026-05-20 07:10:35 | INFO     | main | ✅ Searching for Meaning in Gailana
2026-05-20 07:10:35 | INFO     | main | ✅ The Mathews Men: Seven Brothers and the War Against Hitler's U-boats
2026-05-20 07:10:36 | INFO     | main | ✅ Immunity: How Elie Metchnikoff Changed the Course of Modern Medicine
2026-05-20 07:10:36 | INFO     | main | ✅ Off Sides (Off #1)
2026-05-20 07:10:36 | INFO     | main | ✅ Imperfect Harmony
2026-05-20 07:10:37 | INFO     | main | ✅ Sister Sable (The Mad Queen #1)
2026-05-20 07:10:37 | INFO     | main | ✅ Shatter Me (Shatter Me #1)
2026-05-20 07:10:38 | INFO     | main | ✅ The No. 1 Ladies' Detective Agency (No. 1 Ladies' Detective Agency #1)
2026-05-20 07:10:38 | INFO     | main | ✅ The Girl with All the Gifts
2026-05-20 07:10:38 | INFO     | main | ✅ Political Suicide: Missteps, Peccadilloes, Bad Calls, Backroom Hijinx, Sordid Pasts, Rotten Breaks, and Just Plain Dumb Mistakes in the Annals of American Politics
2026-05-20 07:10:39 | INFO     | main | ✅ Frostbite (Vampire Academy #2)
2026-05-20 07:10:39 | INFO     | main | ✅ Chase Me (Paris Nights #2)
2026-05-20 07:10:40 | INFO     | main | ✅ Beowulf
2026-05-20 07:10:40 | INFO     | main | ✅ Redeeming Love
2026-05-20 07:10:41 | INFO     | main | ✅ The Art and Science of Low Carbohydrate Living
2026-05-20 07:10:41 | INFO     | main | ✅ The Haters
2026-05-20 07:10:42 | INFO     | main | ✅ A Piece of Sky, a Grain of Rice: A Memoir in Four Meditations
2026-05-20 07:10:42 | INFO     | main | ✅ Outlander (Outlander #1)
2026-05-20 07:10:42 | INFO     | main | ✅ Black Butler, Vol. 1 (Black Butler #1)
2026-05-20 07:10:43 | INFO     | main | ✅ Codename Baboushka, Volume 1: The Conclave of Death
2026-05-20 07:10:43 | INFO     | main | ✅ The Exiled
2026-05-20 07:10:44 | INFO     | main | ✅ Abstract City
2026-05-20 07:10:44 | INFO     | main | ✅ Obsidian (Lux #1)
2026-05-20 07:10:45 | INFO     | main | ✅ America's Cradle of Quarterbacks: Western Pennsylvania's Football Factory from Johnny Unitas to Joe Montana
2026-05-20 07:10:45 | INFO     | main | ✅ Shobu Samurai, Project Aryoku (#3)
2026-05-20 07:10:45 | INFO     | main | ✅ Carrie
2026-05-20 07:10:46 | INFO     | main | ✅ Heaven is for Real: A Little Boy's Astounding Story of His Trip to Heaven and Back
2026-05-20 07:10:46 | INFO     | main | ✅ Horrible Bear!
2026-05-20 07:10:47 | INFO     | main | ✅ Nightstruck: A Novel
2026-05-20 07:10:47 | INFO     | main | ✅ The Name of the Wind (The Kingkiller Chronicle #1)
2026-05-20 07:10:48 | INFO     | main | ✅ Animal Farm
2026-05-20 07:10:48 | INFO     | main | ✅ Hyperbole and a Half: Unfortunate Situations, Flawed Coping Mechanisms, Mayhem, and Other Things That Happened
2026-05-20 07:10:48 | INFO     | main | ✅ My Mother Was Nuts
2026-05-20 07:10:49 | INFO     | main | ✅ Ouran High School Host Club, Vol. 1 (Ouran High School Host Club #1)
2026-05-20 07:10:49 | INFO     | main | ✅ Dear Mr. Knightley
2026-05-20 07:10:50 | INFO     | main | ✅ Fruits Basket, Vol. 9 (Fruits Basket #9)
2026-05-20 07:10:50 | INFO     | main | ✅ The Alien Club
2026-05-20 07:10:51 | INFO     | main | ✅ Danganronpa Volume 1
2026-05-20 07:10:51 | INFO     | main | ✅ Soft Apocalypse
2026-05-20 07:10:52 | INFO     | main | ✅ Lola and the Boy Next Door (Anna and the French Kiss #2)
2026-05-20 07:10:52 | INFO     | main | ✅ The Hunger Games (The Hunger Games #1)
2026-05-20 07:10:52 | INFO     | main | ✅ The Sandman, Vol. 1: Preludes and Nocturnes (The Sandman (volumes) #1)
2026-05-20 07:10:53 | INFO     | main | ✅ Orange Is the New Black
2026-05-20 07:10:53 | INFO     | main | ✅ Aristotle and Dante Discover the Secrets of the Universe (Aristotle and Dante Discover the Secrets of the Universe #1)
2026-05-20 07:10:54 | INFO     | main | ✅ Spark Joy: An Illustrated Master Class on the Art of Organizing and Tidying Up
2026-05-20 07:10:54 | INFO     | main | ✅ Life
2026-05-20 07:10:55 | INFO     | main | ✅ The Vacationers
2026-05-20 07:10:55 | INFO     | main | ✅ 8 Keys to Mental Health Through Exercise
2026-05-20 07:10:55 | INFO     | main | ✅ The Darkest Lie
2026-05-20 07:10:56 | INFO     | main | ✅ Give It Back
2026-05-20 07:10:56 | INFO     | main | ✅ Inferno (Robert Langdon #4)
2026-05-20 07:10:57 | INFO     | main | ✅ Naturally Lean: 125 Nourishing Gluten-Free, Plant-Based Recipes--All Under 300 Calories
2026-05-20 07:10:57 | INFO     | main | ✅ Born to Run: A Hidden Tribe, Superathletes, and the Greatest Race the World Has Never Seen
2026-05-20 07:10:58 | INFO     | main | ✅ Throwing Rocks at the Google Bus: How Growth Became the Enemy of Prosperity
2026-05-20 07:10:58 | INFO     | main | ✅ The Raven King (The Raven Cycle #4)
2026-05-20 07:10:59 | INFO     | main | ✅ The Tumor
2026-05-20 07:10:59 | INFO     | main | ✅ The End of the Jesus Era (An Investigation #1)
2026-05-20 07:10:59 | INFO     | main | ✅ Tastes Like Fear (DI Marnie Rome #3)
2026-05-20 07:11:00 | INFO     | main | ✅ Something More Than This
2026-05-20 07:11:00 | INFO     | main | ✅ The Art of Simple Food: Notes, Lessons, and Recipes from a Delicious Revolution
2026-05-20 07:11:01 | INFO     | main | ✅ Booked
2026-05-20 07:11:01 | INFO     | main | ✅ Our Band Could Be Your Life: Scenes from the American Indie Underground, 1981-1991
2026-05-20 07:11:02 | INFO     | main | ✅ Full Moon over Noah’s Ark: An Odyssey to Mount Ararat and Beyond
2026-05-20 07:11:02 | INFO     | main | ✅ Looking for Lovely: Collecting the Moments that Matter
2026-05-20 07:11:03 | INFO     | main | ✅ The Lean Startup: How Today's Entrepreneurs Use Continuous Innovation to Create Radically Successful Businesses
2026-05-20 07:11:03 | INFO     | main | ✅ Kill 'Em and Leave: Searching for James Brown and the American Soul
2026-05-20 07:11:04 | INFO     | main | ✅ The Girl Who Played with Fire (Millennium Trilogy #2)
2026-05-20 07:11:05 | INFO     | main | ✅ Bright Lines
2026-05-20 07:11:05 | INFO     | main | ✅ The Matchmaker's Playbook (Wingmen Inc. #1)
2026-05-20 07:11:06 | INFO     | main | ✅ The Collected Poems of W.B. Yeats (The Collected Works of W.B. Yeats #1)
2026-05-20 07:11:06 | INFO     | main | ✅ Miller's Valley
2026-05-20 07:11:07 | INFO     | main | ✅ Sapiens: A Brief History of Humankind
2026-05-20 07:11:07 | INFO     | main | ✅ Deliciously Ella Every Day: Quick and Easy Recipes for Gluten-Free Snacks, Packed Lunches, and Simple Meals
2026-05-20 07:11:08 | INFO     | main | ✅ The Hitchhiker's Guide to the Galaxy (Hitchhiker's Guide to the Galaxy #1)
2026-05-20 07:11:08 | INFO     | main | ✅ The Guns of August
2026-05-20 07:11:08 | INFO     | main | ✅ Misery
2026-05-20 07:11:09 | INFO     | main | ✅ Bridget Jones's Diary (Bridget Jones #1)
2026-05-20 07:11:09 | INFO     | main | ✅ Fifty Shades Darker (Fifty Shades #2)
2026-05-20 07:11:10 | INFO     | main | ✅ Fifty Shades Freed (Fifty Shades #3)
2026-05-20 07:11:10 | INFO     | main | ✅ The Hidden Oracle (The Trials of Apollo #1)
2026-05-20 07:11:11 | INFO     | main | ✅ Pet Sematary
2026-05-20 07:11:11 | INFO     | main | ✅ A Distant Mirror: The Calamitous 14th Century
2026-05-20 07:11:11 | INFO     | main | ✅ Unlimited Intuition Now
2026-05-20 07:11:12 | INFO     | main | ✅ Critique of Pure Reason
2026-05-20 07:11:12 | INFO     | main | ✅ Future Shock (Future Shock #1)
2026-05-20 07:11:13 | INFO     | main | ✅ I Am Pilgrim (Pilgrim #1)
2026-05-20 07:11:13 | INFO     | main | ✅ A Man Called Ove
2026-05-20 07:11:14 | INFO     | main | ✅ Unseen City: The Majesty of Pigeons, the Discreet Charm of Snails & Other Wonders of the Urban Wilderness
2026-05-20 07:11:14 | INFO     | main | ✅ On a Midnight Clear
2026-05-20 07:11:15 | INFO     | main | ✅ A Mother's Reckoning: Living in the Aftermath of Tragedy
2026-05-20 07:11:15 | INFO     | main | ✅ The Complete Poems
2026-05-20 07:11:16 | INFO     | main | ✅ How to Be Miserable: 40 Strategies You Already Use
2026-05-20 07:11:16 | INFO     | main | ✅ A Feast for Crows (A Song of Ice and Fire #4)
2026-05-20 07:11:16 | INFO     | main | ✅ Batman: Europa
2026-05-20 07:11:17 | INFO     | main | ✅ The Activist's Tao Te Ching: Ancient Advice for a Modern Revolution
2026-05-20 07:11:18 | INFO     | main | ✅ The Mirror & the Maze (The Wrath and the Dawn #1.5)
2026-05-20 07:11:18 | INFO     | main | ✅ Hawkeye, Vol. 1: My Life as a Weapon (Hawkeye #1)
2026-05-20 07:11:19 | INFO     | main | ✅ The Beast (Black Dagger Brotherhood #14)
2026-05-20 07:11:19 | INFO     | main | ✅ What If?: Serious Scientific Answers to Absurd Hypothetical Questions
2026-05-20 07:11:20 | INFO     | main | ✅ Unstuffed: Decluttering Your Home, Mind, and Soul
2026-05-20 07:11:20 | INFO     | main | ✅ The Drowning Girls
2026-05-20 07:11:21 | INFO     | main | ✅ Why the Right Went Wrong: Conservatism--From Goldwater to the Tea Party and Beyond
2026-05-20 07:11:22 | INFO     | main | ✅ Brazen: The Courage to Find the You That's Been Hiding
2026-05-20 07:11:22 | INFO     | main | ✅ How to Speak Golf: An Illustrated Guide to Links Lingo
2026-05-20 07:11:23 | INFO     | main | ✅ We Are Robin, Vol. 1: The Vigilante Business (We Are Robin #1)
2026-05-20 07:11:23 | INFO     | main | ✅ Green Eggs and Ham (Beginner Books B-16)
2026-05-20 07:11:24 | INFO     | main | ✅ Kierkegaard: A Christian Missionary to Christians
2026-05-20 07:11:24 | INFO     | main | ✅ How to Cook Everything Vegetarian: Simple Meatless Recipes for Great Food (How to Cook Everything)
2026-05-20 07:11:25 | INFO     | main | ✅ The Lucifer Effect: Understanding How Good People Turn Evil
2026-05-20 07:11:25 | INFO     | main | ✅ 'Salem's Lot
2026-05-20 07:11:25 | INFO     | main | ✅ Soul Reader
2026-05-20 07:11:26 | INFO     | main | ✅ Blink: The Power of Thinking Without Thinking
2026-05-20 07:11:26 | INFO     | main | ✅ The Dinner Party
2026-05-20 07:11:27 | INFO     | main | ✅ Tell Me Three Things
2026-05-20 07:11:27 | INFO     | main | ✅ Peak: Secrets from the New Science of Expertise
2026-05-20 07:11:28 | INFO     | main | ✅ Barefoot Contessa Back to Basics
2026-05-20 07:11:28 | INFO     | main | ✅ Dead Wake: The Last Crossing of the Lusitania
2026-05-20 07:11:29 | INFO     | main | ✅ Life Without a Recipe
2026-05-20 07:11:29 | INFO     | main | ✅ The Murder of Roger Ackroyd (Hercule Poirot #4)
2026-05-20 07:11:30 | INFO     | main | ✅ Holidays on Ice
2026-05-20 07:11:30 | INFO     | main | ✅ The Name of God is Mercy
2026-05-20 07:11:30 | INFO     | main | ✅ The House by the Lake
2026-05-20 07:11:31 | INFO     | main | ✅ Eligible (The Austen Project #4)
2026-05-20 07:11:31 | INFO     | main | ✅ The Infinities
2026-05-20 07:11:32 | INFO     | main | ✅ Spilled Milk: Based on a True Story
2026-05-20 07:11:32 | INFO     | main | ✅ How Music Works
2026-05-20 07:11:33 | INFO     | main | ✅ The Edge of Reason (Bridget Jones #2)
2026-05-20 07:11:33 | INFO     | main | ✅ Aladdin and His Wonderful Lamp
2026-05-20 07:11:33 | INFO     | main | ✅ The Improbability of Love
2026-05-20 07:11:34 | INFO     | main | ✅ Naked
2026-05-20 07:11:34 | INFO     | main | ✅ Awkward
2026-05-20 07:11:35 | INFO     | main | ✅ A Walk to Remember
2026-05-20 07:11:35 | INFO     | main | ✅ Shadows of the Past (Logan Point #1)
2026-05-20 07:11:36 | INFO     | main | ✅ A Shard of Ice (The Black Symphony Saga #1)
2026-05-20 07:11:36 | INFO     | main | ✅ The Silent Sister (Riley MacPherson #1)
2026-05-20 07:11:37 | INFO     | main | ✅ The Bad-Ass Librarians of Timbuktu: And Their Race to Save the World’s Most Precious Manuscripts
2026-05-20 07:11:37 | INFO     | main | ✅ Good in Bed (Cannie Shapiro #1)
2026-05-20 07:11:37 | INFO     | main | ✅ The Grownup
2026-05-20 07:11:38 | INFO     | main | ✅ The Odyssey
2026-05-20 07:11:38 | INFO     | main | ✅ Breaking Dawn (Twilight #4)
2026-05-20 07:11:39 | INFO     | main | ✅ Let It Out: A Journey Through Journaling
2026-05-20 07:11:39 | INFO     | main | ✅ Poses for Artists Volume 1 - Dynamic and Sitting Poses: An Essential Reference for Figure Drawing and the Human Form
2026-05-20 07:11:40 | INFO     | main | ✅ Black Dust
2026-05-20 07:11:40 | INFO     | main | ✅ The Kite Runner
2026-05-20 07:11:41 | INFO     | main | ✅ Batman: The Long Halloween (Batman)
2026-05-20 07:11:41 | INFO     | main | ✅ Through the Woods
2026-05-20 07:11:42 | INFO     | main | ✅ Counted With the Stars (Out from Egypt #1)
2026-05-20 07:11:42 | INFO     | main | ✅ Leave This Song Behind: Teen Poetry at Its Best
2026-05-20 07:11:43 | INFO     | main | ✅ Beauty Restored (Riley Family Legacy Novellas #3)
2026-05-20 07:11:43 | INFO     | main | ✅ Sarah's Key
2026-05-20 07:11:44 | INFO     | main | ✅ Lamb: The Gospel According to Biff, Christ's Childhood Pal
2026-05-20 07:11:44 | INFO     | main | ✅ Life of Pi
2026-05-20 07:11:44 | INFO     | main | ✅ The Sandman, Vol. 2: The Doll's House (The Sandman (volumes) #2)
2026-05-20 07:11:45 | INFO     | main | ✅ The Three Searches, Meaning, and the Story
2026-05-20 07:11:45 | INFO     | main | ✅ Memoirs of a Geisha
2026-05-20 07:11:46 | INFO     | main | ✅ Fool Me Once
2026-05-20 07:11:46 | INFO     | main | ✅ This Is Where It Ends
2026-05-20 07:11:47 | INFO     | main | ✅ Out of Print: City Lights Spotlight No. 14
2026-05-20 07:11:47 | INFO     | main | ✅ You can't bury them all: Poems
2026-05-20 07:11:48 | INFO     | main | ✅ The Stand
2026-05-20 07:11:48 | INFO     | main | ✅ A Heartbreaking Work of Staggering Genius
2026-05-20 07:11:49 | INFO     | main | ✅ Shrunken Treasures: Literary Classics, Short, Sweet, and Silly
2026-05-20 07:11:49 | INFO     | main | ✅ Sharp Objects
2026-05-20 07:11:49 | INFO     | main | ✅ Three-Martini Lunch
2026-05-20 07:11:50 | INFO     | main | ✅ The Selfish Gene
2026-05-20 07:11:50 | INFO     | main | ✅ The Help Yourself Cookbook for Kids: 60 Easy Plant-Based Recipes Kids Can Make to Stay Healthy and Save the Earth
2026-05-20 07:11:51 | INFO     | main | ✅ Amatus
2026-05-20 07:11:51 | INFO     | main | ✅ Agnostic: A Spirited Manifesto
2026-05-20 07:11:52 | INFO     | main | ✅ The Bridge to Consciousness: I'm Writing the Bridge Between Science and Our Old and New Beliefs.
2026-05-20 07:11:52 | INFO     | main | ✅ Balloon Animals
2026-05-20 07:11:53 | INFO     | main | ✅ The Past Never Ends
2026-05-20 07:11:53 | INFO     | main | ✅ The Shining (The Shining #1)
2026-05-20 07:11:53 | INFO     | main | ✅ Shopaholic & Baby (Shopaholic #5)
2026-05-20 07:11:54 | INFO     | main | ✅ The Year of Living Biblically: One Man's Humble Quest to Follow the Bible as Literally as Possible
2026-05-20 07:11:54 | INFO     | main | ✅ A Walk in the Woods: Rediscovering America on the Appalachian Trail
2026-05-20 07:11:55 | INFO     | main | ✅ Fruits Basket, Vol. 2 (Fruits Basket #2)
2026-05-20 07:11:55 | INFO     | main | ✅ Golden (Heart of Dread #3)
2026-05-20 07:11:56 | INFO     | main | ✅ Are We There Yet?
2026-05-20 07:11:56 | INFO     | main | ✅ Doing It Over (Most Likely To #1)
2026-05-20 07:11:57 | INFO     | main | ✅ Mother, Can You Not?
2026-05-20 07:11:57 | INFO     | main | ✅ We Love You, Charlie Freeman
2026-05-20 07:11:57 | INFO     | main | ✅ Life, the Universe and Everything (Hitchhiker's Guide to the Galaxy #3)
2026-05-20 07:11:58 | INFO     | main | ✅ Giant Days, Vol. 1 (Giant Days #1-4)
2026-05-20 07:11:58 | INFO     | main | ✅ The Five Love Languages: How to Express Heartfelt Commitment to Your Mate
2026-05-20 07:11:59 | INFO     | main | ✅ A New Earth: Awakening to Your Life's Purpose
2026-05-20 07:11:59 | INFO     | main | ✅ Maybe Something Beautiful: How Art Transformed a Neighborhood
2026-05-20 07:12:00 | INFO     | main | ✅ The Dream Thieves (The Raven Cycle #2)
2026-05-20 07:12:00 | INFO     | main | ✅ Dirty (Dive Bar #1)
2026-05-20 07:12:00 | INFO     | main | ✅ 11/22/63
2026-05-20 07:12:01 | INFO     | main | ✅ Harry Potter and the Prisoner of Azkaban (Harry Potter #3)
2026-05-20 07:12:01 | INFO     | main | ✅ Night Sky with Exit Wounds
2026-05-20 07:12:02 | INFO     | main | ✅ The Bane Chronicles (The Bane Chronicles #1-11)
2026-05-20 07:12:02 | INFO     | main | ✅ The Artist's Way: A Spiritual Path to Higher Creativity
2026-05-20 07:12:03 | INFO     | main | ✅ Set Me Free
2026-05-20 07:12:03 | INFO     | main | ✅ How to Stop Worrying and Start Living
2026-05-20 07:12:04 | INFO     | main | ✅ Jurassic Park (Jurassic Park #1)
2026-05-20 07:12:04 | INFO     | main | ✅ At The Existentialist Café: Freedom, Being, and apricot cocktails with: Jean-Paul Sartre, Simone de Beauvoir, Albert Camus, Martin Heidegger, Edmund Husserl, Karl Jaspers, Maurice Merleau-Ponty and others
2026-05-20 07:12:04 | INFO     | main | ✅ Girl With a Pearl Earring
2026-05-20 07:12:05 | INFO     | main | ✅ The Bone Hunters (Lexy Vaughan & Steven Macaulay #2)
2026-05-20 07:12:05 | INFO     | main | ✅ Unbound: How Eight Technologies Made Us Human, Transformed Society, and Brought Our World to the Brink
2026-05-20 07:12:06 | INFO     | main | ✅ The Project
2026-05-20 07:12:06 | INFO     | main | ✅ Walt Disney's Alice in Wonderland
2026-05-20 07:12:07 | INFO     | main | ✅ Furiously Happy: A Funny Book About Horrible Things
2026-05-20 07:12:07 | INFO     | main | ✅ You (You #1)
2026-05-20 07:12:08 | INFO     | main | ✅ Three Wishes (River of Time: California #1)
2026-05-20 07:12:08 | INFO     | main | ✅ One Second (Seven #7)
2026-05-20 07:12:09 | INFO     | main | ✅ Miss Peregrine’s Home for Peculiar Children (Miss Peregrine’s Peculiar Children #1)
2026-05-20 07:12:09 | INFO     | main | ✅ Mr. Mercedes (Bill Hodges Trilogy #1)
2026-05-20 07:12:09 | INFO     | main | ✅ A Murder Over a Girl: Justice, Gender, Junior High
2026-05-20 07:12:10 | INFO     | main | ✅ Diary of a Citizen Scientist: Chasing Tiger Beetles and Other New Ways of Engaging the World
2026-05-20 07:12:10 | INFO     | main | ✅ Vogue Colors A to Z: A Fashion Coloring Book
2026-05-20 07:12:11 | INFO     | main | ✅ Old School (Diary of a Wimpy Kid #10)
2026-05-20 07:12:11 | INFO     | main | ✅ The 5th Wave (The 5th Wave #1)
2026-05-20 07:12:12 | INFO     | main | ✅ Call the Nurse: True Stories of a Country Nurse on a Scottish Isle
2026-05-20 07:12:12 | INFO     | main | ✅ The Red Tent
2026-05-20 07:12:13 | INFO     | main | ✅ The Devil Wears Prada (The Devil Wears Prada #1)
2026-05-20 07:12:13 | INFO     | main | ✅ The Day the Crayons Came Home (Crayons)
2026-05-20 07:12:14 | INFO     | main | ✅ Crazy Rich Asians (Crazy Rich Asians #1)
2026-05-20 07:12:14 | INFO     | main | ✅ Lumberjanes, Vol. 2: Friendship to the Max (Lumberjanes #5-8)
2026-05-20 07:12:15 | INFO     | main | ✅ Why Save the Bankers?: And Other Essays on Our Economic and Political Crisis
2026-05-20 07:12:15 | INFO     | main | ✅ A Brush of Wings (Angels Walking #3)
2026-05-20 07:12:16 | INFO     | main | ✅ The Great Gatsby
2026-05-20 07:12:16 | INFO     | main | ✅ The Demon Prince of Momochi House, Vol. 4 (The Demon Prince of Momochi House #4)
2026-05-20 07:12:17 | INFO     | main | ✅ Benjamin Franklin: An American Life
2026-05-20 07:12:17 | INFO     | main | ✅ The Glittering Court (The Glittering Court #1)
2026-05-20 07:12:17 | INFO     | main | ✅ The Four Agreements: A Practical Guide to Personal Freedom
2026-05-20 07:12:18 | INFO     | main | ✅ The Mysterious Affair at Styles (Hercule Poirot #1)
2026-05-20 07:12:18 | INFO     | main | ✅ Morning Star (Red Rising #3)
2026-05-20 07:12:19 | INFO     | main | ✅ Shakespeare's Sonnets
2026-05-20 07:12:19 | INFO     | main | ✅ The Picture of Dorian Gray
2026-05-20 07:12:20 | INFO     | main | ✅ The Testament of Mary
2026-05-20 07:12:20 | INFO     | main | ✅ The Barefoot Contessa Cookbook
2026-05-20 07:12:21 | INFO     | main | ✅ Thomas Jefferson and the Tripoli Pirates: The Forgotten War That Changed American History
2026-05-20 07:12:21 | INFO     | main | ✅ Better Homes and Gardens New Cook Book
2026-05-20 07:12:21 | INFO     | main | ✅ Is Everyone Hanging Out Without Me? (And Other Concerns)
2026-05-20 07:12:22 | INFO     | main | ✅ The Last Mile (Amos Decker #2)
2026-05-20 07:12:22 | INFO     | main | ✅ Midnight Riot (Peter Grant/ Rivers of London - books #1)
2026-05-20 07:12:23 | INFO     | main | ✅ Lust & Wonder
2026-05-20 07:12:23 | INFO     | main | ✅ Throne of Glass (Throne of Glass #1)
2026-05-20 07:12:24 | INFO     | main | ✅ The Story of Art
2026-05-20 07:12:24 | INFO     | main | ✅ I am a Hero Omnibus Volume 1
2026-05-20 07:12:25 | INFO     | main | ✅ Batman: The Dark Knight Returns (Batman)
2026-05-20 07:12:25 | INFO     | main | ✅ Princess Between Worlds (Wide-Awake Princess #5)
2026-05-20 07:12:25 | INFO     | main | ✅ Eat Fat, Get Thin
2026-05-20 07:12:26 | INFO     | main | ✅ 1491: New Revelations of the Americas Before Columbus
2026-05-20 07:12:26 | INFO     | main | ✅ One with You (Crossfire #5)
2026-05-20 07:12:27 | INFO     | main | ✅ The New Brand You: Your New Image Makes the Sale for You
2026-05-20 07:12:27 | INFO     | main | ✅ My Kind of Crazy
2026-05-20 07:12:28 | INFO     | main | ✅ Quench Your Own Thirst: Business Lessons Learned Over a Beer or Two
2026-05-20 07:12:28 | INFO     | main | ✅ The Shack
2026-05-20 07:12:29 | INFO     | main | ✅ The Little Paris Bookshop
2026-05-20 07:12:29 | INFO     | main | ✅ Doctor Sleep (The Shining #2)
2026-05-20 07:12:29 | INFO     | main | ✅ Can You Keep a Secret? (Fear Street Relaunch #4)
2026-05-20 07:12:30 | INFO     | main | ✅ A History of God: The 4,000-Year Quest of Judaism, Christianity, and Islam
2026-05-20 07:12:30 | INFO     | main | ✅ Keep Me Posted
2026-05-20 07:12:31 | INFO     | main | ✅ The Girl Who Kicked the Hornet's Nest (Millennium Trilogy #3)
2026-05-20 07:12:31 | INFO     | main | ✅ Don't Be a Jerk: And Other Practical Advice from Dogen, Japan's Greatest Zen Master
2026-05-20 07:12:32 | INFO     | main | ✅ Cell
2026-05-20 07:12:32 | INFO     | main | ✅ Zealot: The Life and Times of Jesus of Nazareth
2026-05-20 07:12:33 | INFO     | main | ✅ Matilda
2026-05-20 07:12:33 | INFO     | main | ✅ It's Only the Himalayas
2026-05-20 07:12:33 | INFO     | main | ✅ So You've Been Publicly Shamed
2026-05-20 07:12:34 | INFO     | main | ✅ A Fierce and Subtle Poison
2026-05-20 07:12:34 | INFO     | main | ✅ The God Delusion
2026-05-20 07:12:35 | INFO     | main | ✅ Civilization and Its Discontents
2026-05-20 07:12:35 | INFO     | main | ✅ The Loney
2026-05-20 07:12:35 | INFO     | main | ✅ Wonder Woman: Earth One, Volume One (Wonder Woman: Earth One #1)
2026-05-20 07:12:36 | INFO     | main | ✅ Tell the Wind and Fire
2026-05-20 07:12:36 | INFO     | main | ✅ The Joy of Cooking
2026-05-20 07:12:37 | INFO     | main | ✅ Gone Girl
2026-05-20 07:12:37 | INFO     | main | ✅ Sugar Rush (Offensive Line #2)
2026-05-20 07:12:38 | INFO     | main | ✅ Eat, Pray, Love
2026-05-20 07:12:38 | INFO     | main | ✅ 10-Day Green Smoothie Cleanse: Lose Up to 15 Pounds in 10 Days!
2026-05-20 07:12:38 | INFO     | main | ✅ Avatar: The Last Airbender: Smoke and Shadow, Part 3 (Smoke and Shadow #3)
2026-05-20 07:12:39 | INFO     | main | ✅ Siddhartha
2026-05-20 07:12:39 | INFO     | main | ✅ Unbroken: A World War II Story of Survival, Resilience, and Redemption
2026-05-20 07:12:40 | INFO     | main | ✅ Two Summers
2026-05-20 07:12:40 | INFO     | main | ✅ City of Glass (The Mortal Instruments #3)
2026-05-20 07:12:41 | INFO     | main | ✅ A People's History of the United States
2026-05-20 07:12:41 | INFO     | main | ✅ The Midnight Watch: A Novel of the Titanic and the Californian
2026-05-20 07:12:42 | INFO     | main | ✅ The Girl You Left Behind (The Girl You Left Behind #1)
2026-05-20 07:12:42 | INFO     | main | ✅ The Makings of a Fatherless Child
2026-05-20 07:12:43 | INFO     | main | ✅ The Undomestic Goddess
2026-05-20 07:12:43 | INFO     | main | ✅ Little Women (Little Women #1)
2026-05-20 07:12:43 | INFO     | main | ✅ The Man Who Mistook His Wife for a Hat and Other Clinical Tales
2026-05-20 07:12:44 | INFO     | main | ✅ V for Vendetta (V for Vendetta Complete)
2026-05-20 07:12:45 | INFO     | main | ✅ Kitchens of the Great Midwest
2026-05-20 07:12:45 | INFO     | main | ✅ Lost Among the Living
2026-05-20 07:12:45 | INFO     | main | ✅ The Wedding Dress
2026-05-20 07:12:46 | INFO     | main | ✅ Ender's Game (The Ender Quintet #1)
2026-05-20 07:12:46 | INFO     | main | ✅ Untitled Collection: Sabbath Poems 2014
2026-05-20 07:12:47 | INFO     | main | ✅ Notes from a Small Island (Notes From a Small Island #1)
2026-05-20 07:12:47 | INFO     | main | ✅ Thinking, Fast and Slow
2026-05-20 07:12:48 | INFO     | main | ✅ Wild Swans
2026-05-20 07:12:48 | INFO     | main | ✅ Having the Barbarian's Baby (Ice Planet Barbarians #7.5)
2026-05-20 07:12:48 | INFO     | main | ✅ Left Behind (Left Behind #1)
2026-05-20 07:12:49 | INFO     | main | ✅ Worlds Elsewhere: Journeys Around Shakespeare’s Globe
2026-05-20 07:12:49 | INFO     | main | ✅ The Flowers Lied
2026-05-20 07:12:50 | INFO     | main | ✅ Once Was a Time
2026-05-20 07:12:50 | INFO     | main | ✅ Harry Potter and the Deathly Hallows (Harry Potter #7)
2026-05-20 07:12:51 | INFO     | main | ✅ Demigods & Magicians: Percy and Annabeth Meet the Kanes (Percy Jackson & Kane Chronicles Crossover #1-3)
2026-05-20 07:12:51 | INFO     | main | ✅ Letter to a Christian Nation
2026-05-20 07:12:52 | INFO     | main | ✅ The Art of War
2026-05-20 07:12:52 | INFO     | main | ✅ Ajin: Demi-Human, Volume 1 (Ajin: Demi-Human #1)
2026-05-20 07:12:53 | INFO     | main | ✅ Twilight (Twilight #1)
2026-05-20 07:12:53 | INFO     | main | ✅ Skip Beat!, Vol. 01 (Skip Beat! #1)
2026-05-20 07:12:53 | INFO     | main | ✅ Angels Walking (Angels Walking #1)
2026-05-20 07:12:54 | INFO     | main | ✅ The Hiding Place
2026-05-20 07:12:54 | INFO     | main | ✅ Rise of the Rocket Girls: The Women Who Propelled Us, from Missiles to the Moon to Mars
2026-05-20 07:12:55 | INFO     | main | ✅ For the Love: Fighting for Grace in a World of Impossible Standards
2026-05-20 07:12:55 | INFO     | main | ✅ Clockwork Angel (The Infernal Devices #1)
2026-05-20 07:12:56 | INFO     | main | ✅ Eragon (The Inheritance Cycle #1)
2026-05-20 07:12:57 | INFO     | main | ✅ Carry On, Warrior: Thoughts on Life Unarmed
2026-05-20 07:12:57 | INFO     | main | ✅ Man's Search for Meaning
2026-05-20 07:12:58 | INFO     | main | ✅ While You Were Mine
2026-05-20 07:12:58 | INFO     | main | ✅ Rat Queens, Vol. 1: Sass & Sorcery (Rat Queens (Collected Editions) #1-5)
2026-05-20 07:12:59 | INFO     | main | ✅ One for the Money (Stephanie Plum #1)
2026-05-20 07:12:59 | INFO     | main | ✅ The Power of Habit: Why We Do What We Do in Life and Business
2026-05-20 07:13:00 | INFO     | main | ✅ Shtum
2026-05-20 07:13:02 | INFO     | main | ✅ The Unlikely Pilgrimage of Harold Fry (Harold Fry #1)
2026-05-20 07:13:03 | INFO     | main | ✅ When You Are Engulfed in Flames
2026-05-20 07:13:04 | INFO     | main | ✅ The Geography of Bliss: One Grump's Search for the Happiest Places in the World
2026-05-20 07:13:05 | INFO     | main | ✅ The Grand Design
2026-05-20 07:13:06 | INFO     | main | ✅ Steve Jobs
2026-05-20 07:13:08 | INFO     | main | ✅ This Is Your Brain on Music: The Science of a Human Obsession
2026-05-20 07:13:09 | INFO     | main | ✅ Every Heart a Doorway (Every Heart A Doorway #1)
2026-05-20 07:13:10 | INFO     | main | ✅ Girl, Interrupted
2026-05-20 07:13:12 | INFO     | main | ✅ The Epidemic (The Program 0.6)
2026-05-20 07:13:13 | INFO     | main | ✅ It Didn't Start with You: How Inherited Family Trauma Shapes Who We Are and How to End the Cycle
2026-05-20 07:13:14 | INFO     | main | ✅ Greek Mythic History
2026-05-20 07:13:15 | INFO     | main | ✅ The Lonely City: Adventures in the Art of Being Alone
2026-05-20 07:13:16 | INFO     | main | ✅ The Demon-Haunted World: Science as a Candle in the Dark
2026-05-20 07:13:16 | INFO     | main | ✅ Slow States of Collapse: Poems
2026-05-20 07:13:17 | INFO     | main | ✅ Wuthering Heights
2026-05-20 07:13:17 | INFO     | main | ✅ Sit, Stay, Love
2026-05-20 07:13:18 | INFO     | main | ✅ Where'd You Go, Bernadette
2026-05-20 07:13:18 | INFO     | main | ✅ M Train
2026-05-20 07:13:18 | INFO     | main | ✅ The Constant Princess (The Tudor Court #1)
2026-05-20 07:13:19 | INFO     | main | ✅ The Republic
2026-05-20 07:13:19 | INFO     | main | ✅ Poems That Make Grown Women Cry
2026-05-20 07:13:20 | INFO     | main | ✅ The Genius of Birds
2026-05-20 07:13:20 | INFO     | main | ✅ World Without End (The Pillars of the Earth #2)
2026-05-20 07:13:21 | INFO     | main | ✅ Anonymous
2026-05-20 07:13:21 | INFO     | main | ✅ The Art Book
2026-05-20 07:13:21 | INFO     | main | ✅ Lowriders to the Center of the Earth (Lowriders in Space #2)
2026-05-20 07:13:22 | INFO     | main | ✅ Everyday Italian: 125 Simple and Delicious Recipes
2026-05-20 07:13:22 | INFO     | main | ✅ Team of Rivals: The Political Genius of Abraham Lincoln
2026-05-20 07:13:23 | INFO     | main | ✅ The Regional Office Is Under Attack!
2026-05-20 07:13:23 | INFO     | main | ✅ The Suffragettes (Little Black Classics, #96)
2026-05-20 07:13:24 | INFO     | main | ✅ William Shakespeare's Star Wars: Verily, A New Hope (William Shakespeare's Star Wars #4)
2026-05-20 07:13:24 | INFO     | main | ✅ God: The Most Unpleasant Character in All Fiction
2026-05-20 07:13:24 | INFO     | main | ✅ City of Fallen Angels (The Mortal Instruments #4)
2026-05-20 07:13:25 | INFO     | main | ✅ Olio
2026-05-20 07:13:25 | INFO     | main | ✅ The Faith of Christopher Hitchens: The Restless Soul of the World's Most Notorious Atheist
2026-05-20 07:13:26 | INFO     | main | ✅ If I Run (If I Run #1)
2026-05-20 07:13:26 | INFO     | main | ✅ The Rest Is Noise: Listening to the Twentieth Century
2026-05-20 07:13:27 | INFO     | main | ✅ Taking Shots (Assassins #1)
2026-05-20 07:13:27 | INFO     | main | ✅ I Know Why the Caged Bird Sings (Maya Angelou's Autobiography #1)
2026-05-20 07:13:27 | INFO     | main | ✅ Lab Girl
2026-05-20 07:13:28 | INFO     | main | ✅ 23 Degrees South: A Tropical Tale of Changing Whether...
2026-05-20 07:13:28 | INFO     | main | ✅ Quarter Life Poetry: Poems for the Young, Broke and Hangry
2026-05-20 07:13:29 | INFO     | main | ✅ Louisa: The Extraordinary Life of Mrs. Adams
2026-05-20 07:13:29 | INFO     | main | ✅ Born for This: How to Find the Work You Were Meant to Do
2026-05-20 07:13:30 | INFO     | main | ✅ The Psychopath Test: A Journey Through the Madness Industry
2026-05-20 07:13:30 | INFO     | main | ✅ The Firm
2026-05-20 07:13:30 | INFO     | main | ✅ The Third Wave: An Entrepreneur’s Vision of the Future
2026-05-20 07:13:31 | INFO     | main | ✅ The Natural History of Us (The Fine Art of Pretending #2)
2026-05-20 07:13:31 | INFO     | main | ✅ Camp Midnight
2026-05-20 07:13:32 | INFO     | main | ✅ Off the Hook (Fishing for Trouble #1)
2026-05-20 07:13:32 | INFO     | main | ✅ City of Ashes (The Mortal Instruments #2)
2026-05-20 07:13:33 | INFO     | main | ✅ The Purpose Driven Life: What on Earth Am I Here for?
2026-05-20 07:13:33 | INFO     | main | ✅ The Dirty Little Secrets of Getting Your Dream Job
2026-05-20 07:13:34 | INFO     | main | ✅ Secrets and Lace (Fatal Hearts #1)
2026-05-20 07:13:34 | INFO     | main | ✅ Night Shift (Night Shift #1-20)
2026-05-20 07:13:34 | INFO     | main | ✅ The Secret (The Secret #1)
2026-05-20 07:13:35 | INFO     | main | ✅ The Pioneer Woman Cooks: Dinnertime: Comfort Classics, Freezer Food, 16-Minute Meals, and Other Delicious Ways to Solve Supper!
2026-05-20 07:13:35 | INFO     | main | ✅ Vampire Girl (Vampire Girl #1)
2026-05-20 07:13:36 | INFO     | main | ✅ Why Not Me?
2026-05-20 07:13:36 | INFO     | main | ✅ Between Shades of Gray
2026-05-20 07:13:37 | INFO     | main | ✅ Outliers: The Story of Success
2026-05-20 07:13:37 | INFO     | main | ✅ Patience
2026-05-20 07:13:37 | INFO     | main | ✅ Island of Dragons (Unwanteds #7)
2026-05-20 07:13:38 | INFO     | main | ✅ H is for Hawk
2026-05-20 07:13:38 | INFO     | main | ✅ The Long Haul (Diary of a Wimpy Kid #9)
2026-05-20 07:13:39 | INFO     | main | ✅ Walk the Edge (Thunder Road #2)
2026-05-20 07:13:39 | INFO     | main | ✅ Red: The True Story of Red Riding Hood
2026-05-20 07:13:39 | INFO     | main | ✅ Killing Floor (Jack Reacher #1)
2026-05-20 07:13:40 | INFO     | main | ✅ Living Leadership by Insight: A Good Leader Achieves, a Great Leader Builds Monuments
2026-05-20 07:13:40 | INFO     | main | ✅ The E-Myth Revisited: Why Most Small Businesses Don't Work and What to Do About It
2026-05-20 07:13:41 | INFO     | main | ✅ Big Magic: Creative Living Beyond Fear
2026-05-20 07:13:41 | INFO     | main | ✅ Shiver (The Wolves of Mercy Falls #1)
2026-05-20 07:13:42 | INFO     | main | ✅ My Mrs. Brown
2026-05-20 07:13:42 | INFO     | main | ✅ The Good Girl
2026-05-20 07:13:42 | INFO     | main | ✅ The Course of Love
2026-05-20 07:13:43 | INFO     | main | ✅ Daredevils
2026-05-20 07:13:43 | INFO     | transform | 📊 986 lignes ajoutées avec succès dans data/books.csv
2026-05-20 07:13:43 | INFO     | __main__ | 🎉 Pipeline terminé avec succès.
2026-05-21 03:15:52 | INFO     | __main__ | 🚀 Démarrage du pipeline de scraping...
2026-05-21 03:15:52 | INFO     | main | 📑 Scan de la page : https://books.toscrape.com/catalogue/page-1.html
2026-05-21 03:16:00 | WARNING  | main | ⚠️ Tentative 1/3 échouée pour https://books.toscrape.com/catalogue/page-1.html. Erreur: HTTPSConnectionPool(host='books.toscrape.com', port=443): Max retries exceeded with url: /catalogue/page-1.html (Caused by NameResolutionError("HTTPSConnection(host='books.toscrape.com', port=443): Failed to resolve 'books.toscrape.com' ([Errno -5] No address associated with hostname)"))
2026-05-21 03:16:08 | INFO     | main | 📑 Scan de la page : https://books.toscrape.com/catalogue/page-2.html
2026-05-21 03:16:16 | WARNING  | main | ⚠️ Tentative 1/3 échouée pour https://books.toscrape.com/catalogue/page-2.html. Erreur: HTTPSConnectionPool(host='books.toscrape.com', port=443): Max retries exceeded with url: /catalogue/page-2.html (Caused by NameResolutionError("HTTPSConnection(host='books.toscrape.com', port=443): Failed to resolve 'books.toscrape.com' ([Errno -5] No address associated with hostname)"))
2026-05-21 03:16:23 | WARNING  | main | ⚠️ Tentative 2/3 échouée pour https://books.toscrape.com/catalogue/page-2.html. Erreur: HTTPSConnectionPool(host='books.toscrape.com', port=443): Max retries exceeded with url: /catalogue/page-2.html (Caused by NameResolutionError("HTTPSConnection(host='books.toscrape.com', port=443): Failed to resolve 'books.toscrape.com' ([Errno -5] No address associated with hostname)"))
2026-05-21 03:33:24 | INFO     | main | 📑 Scan de la page : https://books.toscrape.com/catalogue/page-3.html
2026-05-21 03:33:32 | WARNING  | main | ⚠️ Tentative 1/3 échouée pour https://books.toscrape.com/catalogue/page-3.html. Erreur: HTTPSConnectionPool(host='books.toscrape.com', port=443): Max retries exceeded with url: /catalogue/page-3.html (Caused by NameResolutionError("HTTPSConnection(host='books.toscrape.com', port=443): Failed to resolve 'books.toscrape.com' ([Errno -5] No address associated with hostname)"))
2026-05-21 04:08:27 | INFO     | main | 📑 Scan de la page : https://books.toscrape.com/catalogue/page-4.html
2026-05-21 04:08:28 | INFO     | main | 📑 Scan de la page : https://books.toscrape.com/catalogue/page-5.html
2026-05-21 04:08:33 | WARNING  | main | ⚠️ Tentative 1/3 échouée pour https://books.toscrape.com/catalogue/page-5.html. Erreur: HTTPSConnectionPool(host='books.toscrape.com', port=443): Max retries exceeded with url: /catalogue/page-5.html (Caused by NameResolutionError("HTTPSConnection(host='books.toscrape.com', port=443): Failed to resolve 'books.toscrape.com' ([Errno -5] No address associated with hostname)"))
2026-05-21 04:08:40 | INFO     | main | 📑 Scan de la page : https://books.toscrape.com/catalogue/page-6.html
2026-05-21 04:08:42 | INFO     | main | 📑 Scan de la page : https://books.toscrape.com/catalogue/page-7.html
2026-05-21 04:08:42 | INFO     | main | 📑 Scan de la page : https://books.toscrape.com/catalogue/page-8.html
2026-05-21 04:08:43 | INFO     | main | 📑 Scan de la page : https://books.toscrape.com/catalogue/page-9.html
2026-05-21 04:08:45 | INFO     | main | 📑 Scan de la page : https://books.toscrape.com/catalogue/page-10.html
2026-05-21 04:08:47 | INFO     | main | 📑 Scan de la page : https://books.toscrape.com/catalogue/page-11.html
2026-05-21 04:08:47 | INFO     | main | 📑 Scan de la page : https://books.toscrape.com/catalogue/page-12.html
2026-05-21 04:08:48 | INFO     | main | 📑 Scan de la page : https://books.toscrape.com/catalogue/page-13.html
2026-05-21 05:01:08 | WARNING  | main | ⚠️ Tentative 1/3 échouée pour https://books.toscrape.com/catalogue/page-13.html. Erreur: HTTPSConnectionPool(host='books.toscrape.com', port=443): Read timed out. (read timeout=20)
2026-05-21 05:28:45 | INFO     | main | 📑 Scan de la page : https://books.toscrape.com/catalogue/page-14.html
2026-05-21 05:28:50 | INFO     | main | 📑 Scan de la page : https://books.toscrape.com/catalogue/page-15.html
2026-05-21 05:28:50 | INFO     | main | 📑 Scan de la page : https://books.toscrape.com/catalogue/page-16.html
2026-05-21 05:28:51 | INFO     | main | 📑 Scan de la page : https://books.toscrape.com/catalogue/page-17.html
2026-05-21 05:28:52 | INFO     | main | 📑 Scan de la page : https://books.toscrape.com/catalogue/page-18.html
2026-05-21 05:28:54 | INFO     | main | 📑 Scan de la page : https://books.toscrape.com/catalogue/page-19.html
2026-05-21 05:28:55 | INFO     | main | 📑 Scan de la page : https://books.toscrape.com/catalogue/page-20.html
2026-05-21 05:28:56 | INFO     | main | 📑 Scan de la page : https://books.toscrape.com/catalogue/page-21.html
2026-05-21 05:28:56 | INFO     | main | 📑 Scan de la page : https://books.toscrape.com/catalogue/page-22.html
2026-05-21 06:03:41 | WARNING  | main | ⚠️ Tentative 1/3 échouée pour https://books.toscrape.com/catalogue/page-22.html. Erreur: HTTPSConnectionPool(host='books.toscrape.com', port=443): Max retries exceeded with url: /catalogue/page-22.html (Caused by NewConnectionError("HTTPSConnection(host='books.toscrape.com', port=443): Failed to establish a new connection: [Errno 111] Connection refused"))
2026-05-21 06:03:45 | INFO     | main | 📑 Scan de la page : https://books.toscrape.com/catalogue/page-23.html
2026-05-21 06:03:47 | INFO     | main | 📑 Scan de la page : https://books.toscrape.com/catalogue/page-24.html
2026-05-21 06:03:47 | INFO     | main | 📑 Scan de la page : https://books.toscrape.com/catalogue/page-25.html
2026-05-21 06:03:50 | INFO     | main | 📑 Scan de la page : https://books.toscrape.com/catalogue/page-26.html
2026-05-21 06:03:55 | INFO     | main | 📑 Scan de la page : https://books.toscrape.com/catalogue/page-27.html
2026-05-21 06:03:56 | INFO     | main | 📑 Scan de la page : https://books.toscrape.com/catalogue/page-28.html
2026-05-21 06:03:57 | INFO     | main | 📑 Scan de la page : https://books.toscrape.com/catalogue/page-29.html
2026-05-21 06:04:03 | INFO     | main | 📑 Scan de la page : https://books.toscrape.com/catalogue/page-30.html
2026-05-21 06:04:04 | INFO     | main | 📑 Scan de la page : https://books.toscrape.com/catalogue/page-31.html
2026-05-21 06:04:05 | INFO     | main | 📑 Scan de la page : https://books.toscrape.com/catalogue/page-32.html
2026-05-21 06:29:54 | WARNING  | main | ⚠️ Tentative 1/3 échouée pour https://books.toscrape.com/catalogue/page-32.html. Erreur: HTTPSConnectionPool(host='books.toscrape.com', port=443): Read timed out. (read timeout=20)
2026-05-21 06:29:58 | INFO     | main | 📑 Scan de la page : https://books.toscrape.com/catalogue/page-33.html
2026-05-21 06:29:59 | INFO     | main | 📑 Scan de la page : https://books.toscrape.com/catalogue/page-34.html
2026-05-21 06:29:59 | INFO     | main | 📑 Scan de la page : https://books.toscrape.com/catalogue/page-35.html
2026-05-21 06:30:02 | INFO     | main | 📑 Scan de la page : https://books.toscrape.com/catalogue/page-36.html
2026-05-21 06:30:07 | WARNING  | main | ⚠️ Tentative 1/3 échouée pour https://books.toscrape.com/catalogue/page-36.html. Erreur: HTTPSConnectionPool(host='books.toscrape.com', port=443): Max retries exceeded with url: /catalogue/page-36.html (Caused by NameResolutionError("HTTPSConnection(host='books.toscrape.com', port=443): Failed to resolve 'books.toscrape.com' ([Errno -2] Name or service not known)"))
2026-05-21 06:31:32 | WARNING  | main | ⚠️ Tentative 2/3 échouée pour https://books.toscrape.com/catalogue/page-36.html. Erreur: HTTPSConnectionPool(host='books.toscrape.com', port=443): Max retries exceeded with url: /catalogue/page-36.html (Caused by NameResolutionError("HTTPSConnection(host='books.toscrape.com', port=443): Failed to resolve 'books.toscrape.com' ([Errno -5] No address associated with hostname)"))
2026-05-21 06:31:38 | INFO     | main | 📑 Scan de la page : https://books.toscrape.com/catalogue/page-37.html
2026-05-21 06:31:39 | INFO     | main | 📑 Scan de la page : https://books.toscrape.com/catalogue/page-38.html
2026-05-21 06:49:37 | WARNING  | main | ⚠️ Tentative 1/3 échouée pour https://books.toscrape.com/catalogue/page-38.html. Erreur: HTTPSConnectionPool(host='books.toscrape.com', port=443): Max retries exceeded with url: /catalogue/page-38.html (Caused by NameResolutionError("HTTPSConnection(host='books.toscrape.com', port=443): Failed to resolve 'books.toscrape.com' ([Errno -2] Name or service not known)"))
2026-05-21 06:49:43 | WARNING  | main | ⚠️ Tentative 2/3 échouée pour https://books.toscrape.com/catalogue/page-38.html. Erreur: HTTPSConnectionPool(host='books.toscrape.com', port=443): Max retries exceeded with url: /catalogue/page-38.html (Caused by NameResolutionError("HTTPSConnection(host='books.toscrape.com', port=443): Failed to resolve 'books.toscrape.com' ([Errno -5] No address associated with hostname)"))
2026-05-21 06:49:48 | INFO     | main | 📑 Scan de la page : https://books.toscrape.com/catalogue/page-39.html
2026-05-21 06:49:50 | INFO     | main | 📑 Scan de la page : https://books.toscrape.com/catalogue/page-40.html
2026-05-21 06:49:52 | INFO     | main | 📑 Scan de la page : https://books.toscrape.com/catalogue/page-41.html
2026-05-21 07:05:38 | INFO     | main | 📑 Scan de la page : https://books.toscrape.com/catalogue/page-42.html
2026-05-21 07:05:39 | INFO     | main | 📑 Scan de la page : https://books.toscrape.com/catalogue/page-43.html
2026-05-21 07:05:40 | INFO     | main | 📑 Scan de la page : https://books.toscrape.com/catalogue/page-44.html
2026-05-21 07:05:48 | WARNING  | main | ⚠️ Tentative 1/3 échouée pour https://books.toscrape.com/catalogue/page-44.html. Erreur: HTTPSConnectionPool(host='books.toscrape.com', port=443): Max retries exceeded with url: /catalogue/page-44.html (Caused by NameResolutionError("HTTPSConnection(host='books.toscrape.com', port=443): Failed to resolve 'books.toscrape.com' ([Errno -5] No address associated with hostname)"))
2026-05-21 07:05:51 | INFO     | main | 📑 Scan de la page : https://books.toscrape.com/catalogue/page-45.html
2026-05-21 07:05:51 | INFO     | main | 📑 Scan de la page : https://books.toscrape.com/catalogue/page-46.html
2026-05-21 07:05:52 | INFO     | main | 📑 Scan de la page : https://books.toscrape.com/catalogue/page-47.html
2026-05-21 07:05:52 | INFO     | main | 📑 Scan de la page : https://books.toscrape.com/catalogue/page-48.html
2026-05-21 07:05:53 | INFO     | main | 📑 Scan de la page : https://books.toscrape.com/catalogue/page-49.html
2026-05-21 07:05:54 | INFO     | main | 📑 Scan de la page : https://books.toscrape.com/catalogue/page-50.html
2026-05-21 07:05:54 | INFO     | main | 📑 Scan de la page : https://books.toscrape.com/catalogue/page-51.html
2026-05-21 07:17:42 | WARNING  | main | ⚠️ Tentative 1/3 échouée pour https://books.toscrape.com/catalogue/page-51.html. Erreur: HTTPSConnectionPool(host='books.toscrape.com', port=443): Max retries exceeded with url: /catalogue/page-51.html (Caused by NameResolutionError("HTTPSConnection(host='books.toscrape.com', port=443): Failed to resolve 'books.toscrape.com' ([Errno -5] No address associated with hostname)"))
2026-05-21 07:17:51 | WARNING  | main | ⚠️ Tentative 2/3 échouée pour https://books.toscrape.com/catalogue/page-51.html. Erreur: HTTPSConnectionPool(host='books.toscrape.com', port=443): Max retries exceeded with url: /catalogue/page-51.html (Caused by NameResolutionError("HTTPSConnection(host='books.toscrape.com', port=443): Failed to resolve 'books.toscrape.com' ([Errno -5] No address associated with hostname)"))
2026-05-21 07:17:53 | WARNING  | main | ⚠️ Tentative 3/3 échouée pour https://books.toscrape.com/catalogue/page-51.html. Erreur: HTTPSConnectionPool(host='books.toscrape.com', port=443): Max retries exceeded with url: /catalogue/page-51.html (Caused by NameResolutionError("HTTPSConnection(host='books.toscrape.com', port=443): Failed to resolve 'books.toscrape.com' ([Errno -2] Name or service not known)"))
2026-05-21 07:17:55 | INFO     | main | 📑 Scan de la page : https://books.toscrape.com/catalogue/page-52.html
2026-05-21 07:17:55 | WARNING  | main | ⚠️ Tentative 1/3 échouée pour https://books.toscrape.com/catalogue/page-52.html. Erreur: HTTPSConnectionPool(host='books.toscrape.com', port=443): Max retries exceeded with url: /catalogue/page-52.html (Caused by NameResolutionError("HTTPSConnection(host='books.toscrape.com', port=443): Failed to resolve 'books.toscrape.com' ([Errno -2] Name or service not known)"))
2026-05-21 07:17:57 | WARNING  | main | ⚠️ Tentative 2/3 échouée pour https://books.toscrape.com/catalogue/page-52.html. Erreur: HTTPSConnectionPool(host='books.toscrape.com', port=443): Max retries exceeded with url: /catalogue/page-52.html (Caused by NameResolutionError("HTTPSConnection(host='books.toscrape.com', port=443): Failed to resolve 'books.toscrape.com' ([Errno -2] Name or service not known)"))
2026-05-21 07:17:59 | WARNING  | main | ⚠️ Tentative 3/3 échouée pour https://books.toscrape.com/catalogue/page-52.html. Erreur: HTTPSConnectionPool(host='books.toscrape.com', port=443): Max retries exceeded with url: /catalogue/page-52.html (Caused by NameResolutionError("HTTPSConnection(host='books.toscrape.com', port=443): Failed to resolve 'books.toscrape.com' ([Errno -2] Name or service not known)"))
2026-05-21 07:26:08 | INFO     | main | 📑 Scan de la page : https://books.toscrape.com/catalogue/page-53.html
2026-05-21 07:26:08 | WARNING  | main | ⚠️ Tentative 1/3 échouée pour https://books.toscrape.com/catalogue/page-53.html. Erreur: HTTPSConnectionPool(host='books.toscrape.com', port=443): Max retries exceeded with url: /catalogue/page-53.html (Caused by NameResolutionError("HTTPSConnection(host='books.toscrape.com', port=443): Failed to resolve 'books.toscrape.com' ([Errno -2] Name or service not known)"))
2026-05-21 07:26:10 | WARNING  | main | ⚠️ Tentative 2/3 échouée pour https://books.toscrape.com/catalogue/page-53.html. Erreur: HTTPSConnectionPool(host='books.toscrape.com', port=443): Max retries exceeded with url: /catalogue/page-53.html (Caused by NameResolutionError("HTTPSConnection(host='books.toscrape.com', port=443): Failed to resolve 'books.toscrape.com' ([Errno -2] Name or service not known)"))
2026-05-21 07:26:12 | WARNING  | main | ⚠️ Tentative 3/3 échouée pour https://books.toscrape.com/catalogue/page-53.html. Erreur: HTTPSConnectionPool(host='books.toscrape.com', port=443): Max retries exceeded with url: /catalogue/page-53.html (Caused by NameResolutionError("HTTPSConnection(host='books.toscrape.com', port=443): Failed to resolve 'books.toscrape.com' ([Errno -2] Name or service not known)"))
2026-05-21 07:26:14 | ERROR    | main | 🛑 Connexion perdue. Arrêt du scan.
2026-05-21 07:26:14 | WARNING  | main | ⚠️ Tentative 1/3 échouée pour https://books.toscrape.com/catalogue/frostbite-vampire-academy-2_810/index.html. Erreur: HTTPSConnectionPool(host='books.toscrape.com', port=443): Max retries exceeded with url: /catalogue/frostbite-vampire-academy-2_810/index.html (Caused by NameResolutionError("HTTPSConnection(host='books.toscrape.com', port=443): Failed to resolve 'books.toscrape.com' ([Errno -2] Name or service not known)"))
2026-05-21 07:26:16 | WARNING  | main | ⚠️ Tentative 2/3 échouée pour https://books.toscrape.com/catalogue/frostbite-vampire-academy-2_810/index.html. Erreur: HTTPSConnectionPool(host='books.toscrape.com', port=443): Max retries exceeded with url: /catalogue/frostbite-vampire-academy-2_810/index.html (Caused by NameResolutionError("HTTPSConnection(host='books.toscrape.com', port=443): Failed to resolve 'books.toscrape.com' ([Errno -2] Name or service not known)"))
2026-05-21 07:30:43 | WARNING  | main | ⚠️ Tentative 3/3 échouée pour https://books.toscrape.com/catalogue/frostbite-vampire-academy-2_810/index.html. Erreur: HTTPSConnectionPool(host='books.toscrape.com', port=443): Max retries exceeded with url: /catalogue/frostbite-vampire-academy-2_810/index.html (Caused by NameResolutionError("HTTPSConnection(host='books.toscrape.com', port=443): Failed to resolve 'books.toscrape.com' ([Errno -2] Name or service not known)"))
2026-05-21 07:30:46 | WARNING  | main | ⚠️ Tentative 1/3 échouée pour https://books.toscrape.com/catalogue/lilac-girls_597/index.html. Erreur: HTTPSConnectionPool(host='books.toscrape.com', port=443): Max retries exceeded with url: /catalogue/lilac-girls_597/index.html (Caused by NameResolutionError("HTTPSConnection(host='books.toscrape.com', port=443): Failed to resolve 'books.toscrape.com' ([Errno -2] Name or service not known)"))
2026-05-21 07:30:48 | WARNING  | main | ⚠️ Tentative 2/3 échouée pour https://books.toscrape.com/catalogue/lilac-girls_597/index.html. Erreur: HTTPSConnectionPool(host='books.toscrape.com', port=443): Max retries exceeded with url: /catalogue/lilac-girls_597/index.html (Caused by NameResolutionError("HTTPSConnection(host='books.toscrape.com', port=443): Failed to resolve 'books.toscrape.com' ([Errno -2] Name or service not known)"))
2026-05-21 07:30:50 | WARNING  | main | ⚠️ Tentative 3/3 échouée pour https://books.toscrape.com/catalogue/lilac-girls_597/index.html. Erreur: HTTPSConnectionPool(host='books.toscrape.com', port=443): Max retries exceeded with url: /catalogue/lilac-girls_597/index.html (Caused by NameResolutionError("HTTPSConnection(host='books.toscrape.com', port=443): Failed to resolve 'books.toscrape.com' ([Errno -2] Name or service not known)"))
2026-05-21 07:30:52 | WARNING  | main | ⚠️ Tentative 1/3 échouée pour https://books.toscrape.com/catalogue/the-glass-castle_496/index.html. Erreur: HTTPSConnectionPool(host='books.toscrape.com', port=443): Max retries exceeded with url: /catalogue/the-glass-castle_496/index.html (Caused by NameResolutionError("HTTPSConnection(host='books.toscrape.com', port=443): Failed to resolve 'books.toscrape.com' ([Errno -2] Name or service not known)"))
2026-05-21 07:48:08 | WARNING  | main | ⚠️ Tentative 2/3 échouée pour https://books.toscrape.com/catalogue/the-glass-castle_496/index.html. Erreur: HTTPSConnectionPool(host='books.toscrape.com', port=443): Max retries exceeded with url: /catalogue/the-glass-castle_496/index.html (Caused by NameResolutionError("HTTPSConnection(host='books.toscrape.com', port=443): Failed to resolve 'books.toscrape.com' ([Errno -2] Name or service not known)"))
2026-05-21 07:48:10 | WARNING  | main | ⚠️ Tentative 3/3 échouée pour https://books.toscrape.com/catalogue/the-glass-castle_496/index.html. Erreur: HTTPSConnectionPool(host='books.toscrape.com', port=443): Max retries exceeded with url: /catalogue/the-glass-castle_496/index.html (Caused by NameResolutionError("HTTPSConnection(host='books.toscrape.com', port=443): Failed to resolve 'books.toscrape.com' ([Errno -2] Name or service not known)"))
2026-05-21 07:48:12 | WARNING  | main | ⚠️ Tentative 1/3 échouée pour https://books.toscrape.com/catalogue/the-tipping-point-how-little-things-can-make-a-big-difference_284/index.html. Erreur: HTTPSConnectionPool(host='books.toscrape.com', port=443): Max retries exceeded with url: /catalogue/the-tipping-point-how-little-things-can-make-a-big-difference_284/index.html (Caused by NameResolutionError("HTTPSConnection(host='books.toscrape.com', port=443): Failed to resolve 'books.toscrape.com' ([Errno -2] Name or service not known)"))
2026-05-21 07:48:14 | WARNING  | main | ⚠️ Tentative 2/3 échouée pour https://books.toscrape.com/catalogue/the-tipping-point-how-little-things-can-make-a-big-difference_284/index.html. Erreur: HTTPSConnectionPool(host='books.toscrape.com', port=443): Max retries exceeded with url: /catalogue/the-tipping-point-how-little-things-can-make-a-big-difference_284/index.html (Caused by NameResolutionError("HTTPSConnection(host='books.toscrape.com', port=443): Failed to resolve 'books.toscrape.com' ([Errno -2] Name or service not known)"))
2026-05-21 07:48:16 | WARNING  | main | ⚠️ Tentative 3/3 échouée pour https://books.toscrape.com/catalogue/the-tipping-point-how-little-things-can-make-a-big-difference_284/index.html. Erreur: HTTPSConnectionPool(host='books.toscrape.com', port=443): Max retries exceeded with url: /catalogue/the-tipping-point-how-little-things-can-make-a-big-difference_284/index.html (Caused by NameResolutionError("HTTPSConnection(host='books.toscrape.com', port=443): Failed to resolve 'books.toscrape.com' ([Errno -2] Name or service not known)"))
2026-05-21 07:48:58 | WARNING  | main | ⚠️ Tentative 1/3 échouée pour https://books.toscrape.com/catalogue/eat-pray-love_16/index.html. Erreur: HTTPSConnectionPool(host='books.toscrape.com', port=443): Max retries exceeded with url: /catalogue/eat-pray-love_16/index.html (Caused by NameResolutionError("HTTPSConnection(host='books.toscrape.com', port=443): Failed to resolve 'books.toscrape.com' ([Errno -2] Name or service not known)"))
2026-05-21 07:49:01 | INFO     | main | ✅ Eat, Pray, Love
2026-05-21 07:49:01 | INFO     | transform | 📊 1 lignes ajoutées avec succès dans data/books.csv
2026-05-21 07:49:01 | INFO     | __main__ | 🎉 Pipeline terminé avec succès.
2026-05-22 03:24:16 | INFO     | __main__ | 🚀 Démarrage du pipeline de scraping...
2026-05-22 03:24:16 | INFO     | main | 📑 Scan de la page : https://books.toscrape.com/catalogue/page-1.html
2026-05-22 03:56:36 | WARNING  | main | ⚠️ Tentative 1/3 échouée pour https://books.toscrape.com/catalogue/page-1.html. Erreur: HTTPSConnectionPool(host='books.toscrape.com', port=443): Max retries exceeded with url: /catalogue/page-1.html (Caused by NameResolutionError("HTTPSConnection(host='books.toscrape.com', port=443): Failed to resolve 'books.toscrape.com' ([Errno -2] Name or service not known)"))
2026-05-22 04:31:07 | WARNING  | main | ⚠️ Tentative 2/3 échouée pour https://books.toscrape.com/catalogue/page-1.html. Erreur: HTTPSConnectionPool(host='books.toscrape.com', port=443): Max retries exceeded with url: /catalogue/page-1.html (Caused by NameResolutionError("HTTPSConnection(host='books.toscrape.com', port=443): Failed to resolve 'books.toscrape.com' ([Errno -5] No address associated with hostname)"))
2026-05-22 04:52:37 | WARNING  | main | ⚠️ Tentative 3/3 échouée pour https://books.toscrape.com/catalogue/page-1.html. Erreur: HTTPSConnectionPool(host='books.toscrape.com', port=443): Max retries exceeded with url: /catalogue/page-1.html (Caused by NameResolutionError("HTTPSConnection(host='books.toscrape.com', port=443): Failed to resolve 'books.toscrape.com' ([Errno -5] No address associated with hostname)"))
2026-05-22 04:52:39 | INFO     | main | 📑 Scan de la page : https://books.toscrape.com/catalogue/page-2.html
2026-05-22 04:52:41 | WARNING  | main | ⚠️ Tentative 1/3 échouée pour https://books.toscrape.com/catalogue/page-2.html. Erreur: ('Connection aborted.', RemoteDisconnected('Remote end closed connection without response'))
2026-05-22 05:08:56 | WARNING  | main | ⚠️ Tentative 2/3 échouée pour https://books.toscrape.com/catalogue/page-2.html. Erreur: HTTPSConnectionPool(host='books.toscrape.com', port=443): Max retries exceeded with url: /catalogue/page-2.html (Caused by NameResolutionError("HTTPSConnection(host='books.toscrape.com', port=443): Failed to resolve 'books.toscrape.com' ([Errno -5] No address associated with hostname)"))
2026-05-22 05:41:12 | WARNING  | main | ⚠️ Tentative 3/3 échouée pour https://books.toscrape.com/catalogue/page-2.html. Erreur: HTTPSConnectionPool(host='books.toscrape.com', port=443): Max retries exceeded with url: /catalogue/page-2.html (Caused by NameResolutionError("HTTPSConnection(host='books.toscrape.com', port=443): Failed to resolve 'books.toscrape.com' ([Errno -5] No address associated with hostname)"))
2026-05-22 05:41:14 | INFO     | main | 📑 Scan de la page : https://books.toscrape.com/catalogue/page-3.html
2026-05-22 05:53:43 | WARNING  | main | ⚠️ Tentative 1/3 échouée pour https://books.toscrape.com/catalogue/page-3.html. Erreur: HTTPSConnectionPool(host='books.toscrape.com', port=443): Max retries exceeded with url: /catalogue/page-3.html (Caused by NameResolutionError("HTTPSConnection(host='books.toscrape.com', port=443): Failed to resolve 'books.toscrape.com' ([Errno -5] No address associated with hostname)"))
2026-05-22 05:53:46 | INFO     | main | 📑 Scan de la page : https://books.toscrape.com/catalogue/page-4.html
2026-05-22 05:53:47 | INFO     | main | 📑 Scan de la page : https://books.toscrape.com/catalogue/page-5.html
2026-05-22 06:26:06 | WARNING  | main | ⚠️ Tentative 1/3 échouée pour https://books.toscrape.com/catalogue/page-5.html. Erreur: HTTPSConnectionPool(host='books.toscrape.com', port=443): Max retries exceeded with url: /catalogue/page-5.html (Caused by NameResolutionError("HTTPSConnection(host='books.toscrape.com', port=443): Failed to resolve 'books.toscrape.com' ([Errno -5] No address associated with hostname)"))
2026-05-22 06:54:38 | WARNING  | main | ⚠️ Tentative 2/3 échouée pour https://books.toscrape.com/catalogue/page-5.html. Erreur: HTTPSConnectionPool(host='books.toscrape.com', port=443): Max retries exceeded with url: /catalogue/page-5.html (Caused by NameResolutionError("HTTPSConnection(host='books.toscrape.com', port=443): Failed to resolve 'books.toscrape.com' ([Errno -5] No address associated with hostname)"))
2026-05-22 06:54:42 | INFO     | main | 📑 Scan de la page : https://books.toscrape.com/catalogue/page-6.html
2026-05-22 07:11:44 | WARNING  | main | ⚠️ Tentative 1/3 échouée pour https://books.toscrape.com/catalogue/page-6.html. Erreur: HTTPSConnectionPool(host='books.toscrape.com', port=443): Max retries exceeded with url: /catalogue/page-6.html (Caused by NameResolutionError("HTTPSConnection(host='books.toscrape.com', port=443): Failed to resolve 'books.toscrape.com' ([Errno -5] No address associated with hostname)"))
2026-05-22 07:42:11 | INFO     | main | 📑 Scan de la page : https://books.toscrape.com/catalogue/page-7.html
2026-05-22 07:42:15 | WARNING  | main | ⚠️ Tentative 1/3 échouée pour https://books.toscrape.com/catalogue/page-7.html. Erreur: HTTPSConnectionPool(host='books.toscrape.com', port=443): Max retries exceeded with url: /catalogue/page-7.html (Caused by NameResolutionError("HTTPSConnection(host='books.toscrape.com', port=443): Failed to resolve 'books.toscrape.com' ([Errno -5] No address associated with hostname)"))
2026-05-22 07:42:19 | INFO     | main | 📑 Scan de la page : https://books.toscrape.com/catalogue/page-8.html
2026-05-22 07:42:20 | INFO     | main | 📑 Scan de la page : https://books.toscrape.com/catalogue/page-9.html
2026-05-22 07:42:21 | INFO     | main | 📑 Scan de la page : https://books.toscrape.com/catalogue/page-10.html
2026-05-22 07:42:22 | INFO     | main | 📑 Scan de la page : https://books.toscrape.com/catalogue/page-11.html
2026-05-22 07:42:23 | INFO     | main | 📑 Scan de la page : https://books.toscrape.com/catalogue/page-12.html
2026-05-22 07:42:23 | INFO     | main | 📑 Scan de la page : https://books.toscrape.com/catalogue/page-13.html
2026-05-22 07:42:24 | INFO     | main | 📑 Scan de la page : https://books.toscrape.com/catalogue/page-14.html
2026-05-22 07:42:25 | INFO     | main | 📑 Scan de la page : https://books.toscrape.com/catalogue/page-15.html
2026-05-22 07:42:26 | INFO     | main | 📑 Scan de la page : https://books.toscrape.com/catalogue/page-16.html
2026-05-22 07:42:27 | INFO     | main | 📑 Scan de la page : https://books.toscrape.com/catalogue/page-17.html
2026-05-22 07:42:28 | INFO     | main | 📑 Scan de la page : https://books.toscrape.com/catalogue/page-18.html
2026-05-22 07:42:29 | INFO     | main | 📑 Scan de la page : https://books.toscrape.com/catalogue/page-19.html
2026-05-22 07:42:29 | INFO     | main | 📑 Scan de la page : https://books.toscrape.com/catalogue/page-20.html
2026-05-22 07:42:30 | INFO     | main | 📑 Scan de la page : https://books.toscrape.com/catalogue/page-21.html
2026-05-22 07:42:31 | INFO     | main | 📑 Scan de la page : https://books.toscrape.com/catalogue/page-22.html
2026-05-22 07:42:31 | INFO     | main | 📑 Scan de la page : https://books.toscrape.com/catalogue/page-23.html
2026-05-22 07:42:32 | INFO     | main | 📑 Scan de la page : https://books.toscrape.com/catalogue/page-24.html
2026-05-22 07:42:33 | INFO     | main | 📑 Scan de la page : https://books.toscrape.com/catalogue/page-25.html
2026-05-22 07:42:34 | INFO     | main | 📑 Scan de la page : https://books.toscrape.com/catalogue/page-26.html
2026-05-22 07:42:35 | INFO     | main | 📑 Scan de la page : https://books.toscrape.com/catalogue/page-27.html
2026-05-22 07:42:36 | INFO     | main | 📑 Scan de la page : https://books.toscrape.com/catalogue/page-28.html
2026-05-22 07:42:37 | INFO     | main | 📑 Scan de la page : https://books.toscrape.com/catalogue/page-29.html
2026-05-22 07:42:38 | INFO     | main | 📑 Scan de la page : https://books.toscrape.com/catalogue/page-30.html
2026-05-22 07:42:38 | INFO     | main | 📑 Scan de la page : https://books.toscrape.com/catalogue/page-31.html
2026-05-22 07:42:39 | INFO     | main | 📑 Scan de la page : https://books.toscrape.com/catalogue/page-32.html
2026-05-22 07:42:39 | INFO     | main | 📑 Scan de la page : https://books.toscrape.com/catalogue/page-33.html
2026-05-22 07:42:40 | INFO     | main | 📑 Scan de la page : https://books.toscrape.com/catalogue/page-34.html
2026-05-22 07:42:41 | INFO     | main | 📑 Scan de la page : https://books.toscrape.com/catalogue/page-35.html
2026-05-22 07:42:41 | INFO     | main | 📑 Scan de la page : https://books.toscrape.com/catalogue/page-36.html
2026-05-22 07:42:42 | INFO     | main | 📑 Scan de la page : https://books.toscrape.com/catalogue/page-37.html
2026-05-22 07:42:43 | INFO     | main | 📑 Scan de la page : https://books.toscrape.com/catalogue/page-38.html
2026-05-22 07:42:43 | INFO     | main | 📑 Scan de la page : https://books.toscrape.com/catalogue/page-39.html
2026-05-22 07:42:44 | INFO     | main | 📑 Scan de la page : https://books.toscrape.com/catalogue/page-40.html
2026-05-22 07:42:44 | INFO     | main | 📑 Scan de la page : https://books.toscrape.com/catalogue/page-41.html
2026-05-22 07:42:45 | INFO     | main | 📑 Scan de la page : https://books.toscrape.com/catalogue/page-42.html
2026-05-22 07:42:46 | INFO     | main | 📑 Scan de la page : https://books.toscrape.com/catalogue/page-43.html
2026-05-22 07:42:46 | INFO     | main | 📑 Scan de la page : https://books.toscrape.com/catalogue/page-44.html
2026-05-22 07:42:47 | INFO     | main | 📑 Scan de la page : https://books.toscrape.com/catalogue/page-45.html
2026-05-22 07:42:48 | INFO     | main | 📑 Scan de la page : https://books.toscrape.com/catalogue/page-46.html
2026-05-22 07:42:48 | INFO     | main | 📑 Scan de la page : https://books.toscrape.com/catalogue/page-47.html
2026-05-22 07:42:49 | INFO     | main | 📑 Scan de la page : https://books.toscrape.com/catalogue/page-48.html
2026-05-22 07:42:49 | INFO     | main | 📑 Scan de la page : https://books.toscrape.com/catalogue/page-49.html
2026-05-22 07:42:50 | INFO     | main | 📑 Scan de la page : https://books.toscrape.com/catalogue/page-50.html
2026-05-22 07:42:51 | INFO     | main | 📑 Scan de la page : https://books.toscrape.com/catalogue/page-51.html
2026-05-22 07:42:51 | INFO     | main | 🏁 Fin du catalogue atteinte (Page 404). Passage au scraping...
2026-05-22 07:42:51 | INFO     | main | ✅ Close to You
2026-05-22 07:42:52 | INFO     | main | ✅ History of Beauty
2026-05-22 07:42:52 | INFO     | main | ✅ Under the Banner of Heaven: A Story of Violent Faith
2026-05-22 07:42:53 | INFO     | main | ✅ The Long Shadow of Small Ghosts: Murder and Memory in an American City
2026-05-22 07:42:53 | INFO     | main | ✅ Very Good Lives: The Fringe Benefits of Failure and the Importance of Imagination
2026-05-22 07:42:53 | INFO     | transform | 📊 5 lignes ajoutées avec succès dans data/books.csv
2026-05-22 07:42:53 | INFO     | __main__ | 🎉 Pipeline terminé avec succès.
2026-05-23 03:02:34 | INFO     | __main__ | 🚀 Démarrage du pipeline de scraping...
2026-05-23 03:02:34 | INFO     | main | 📑 Scan de la page : https://books.toscrape.com/catalogue/page-1.html
2026-05-23 03:02:36 | INFO     | main | 📑 Scan de la page : https://books.toscrape.com/catalogue/page-2.html
2026-05-23 03:02:44 | WARNING  | main | ⚠️ Tentative 1/3 échouée pour https://books.toscrape.com/catalogue/page-2.html. Erreur: HTTPSConnectionPool(host='books.toscrape.com', port=443): Max retries exceeded with url: /catalogue/page-2.html (Caused by NameResolutionError("HTTPSConnection(host='books.toscrape.com', port=443): Failed to resolve 'books.toscrape.com' ([Errno -5] No address associated with hostname)"))
2026-05-23 03:18:05 | INFO     | main | 📑 Scan de la page : https://books.toscrape.com/catalogue/page-3.html
2026-05-23 03:18:06 | INFO     | main | 📑 Scan de la page : https://books.toscrape.com/catalogue/page-4.html
2026-05-23 03:18:06 | INFO     | main | 📑 Scan de la page : https://books.toscrape.com/catalogue/page-5.html
2026-05-23 03:18:07 | INFO     | main | 📑 Scan de la page : https://books.toscrape.com/catalogue/page-6.html
2026-05-23 03:18:09 | INFO     | main | 📑 Scan de la page : https://books.toscrape.com/catalogue/page-7.html
2026-05-23 03:18:09 | INFO     | main | 📑 Scan de la page : https://books.toscrape.com/catalogue/page-8.html
2026-05-23 03:18:10 | INFO     | main | 📑 Scan de la page : https://books.toscrape.com/catalogue/page-9.html
2026-05-23 03:18:11 | INFO     | main | 📑 Scan de la page : https://books.toscrape.com/catalogue/page-10.html
2026-05-23 03:18:12 | INFO     | main | 📑 Scan de la page : https://books.toscrape.com/catalogue/page-11.html
2026-05-23 03:18:13 | INFO     | main | 📑 Scan de la page : https://books.toscrape.com/catalogue/page-12.html
2026-05-23 03:18:14 | INFO     | main | 📑 Scan de la page : https://books.toscrape.com/catalogue/page-13.html
2026-05-23 03:18:15 | INFO     | main | 📑 Scan de la page : https://books.toscrape.com/catalogue/page-14.html
2026-05-23 03:18:15 | INFO     | main | 📑 Scan de la page : https://books.toscrape.com/catalogue/page-15.html
2026-05-23 03:18:16 | INFO     | main | 📑 Scan de la page : https://books.toscrape.com/catalogue/page-16.html
2026-05-23 03:50:52 | INFO     | main | 📑 Scan de la page : https://books.toscrape.com/catalogue/page-17.html
2026-05-23 03:50:53 | INFO     | main | 📑 Scan de la page : https://books.toscrape.com/catalogue/page-18.html
2026-05-23 03:50:53 | WARNING  | main | ⚠️ Tentative 1/3 échouée pour https://books.toscrape.com/catalogue/page-18.html. Erreur: ('Connection broken: IncompleteRead(15744 bytes read, 35128 more expected)', IncompleteRead(15744 bytes read, 35128 more expected))
2026-05-23 03:50:59 | WARNING  | main | ⚠️ Tentative 2/3 échouée pour https://books.toscrape.com/catalogue/page-18.html. Erreur: HTTPSConnectionPool(host='books.toscrape.com', port=443): Max retries exceeded with url: /catalogue/page-18.html (Caused by NewConnectionError("HTTPSConnection(host='books.toscrape.com', port=443): Failed to establish a new connection: [Errno 111] Connection refused"))
2026-05-23 04:22:58 | INFO     | main | 📑 Scan de la page : https://books.toscrape.com/catalogue/page-19.html
2026-05-23 04:29:17 | INFO     | main | 📑 Scan de la page : https://books.toscrape.com/catalogue/page-20.html
2026-05-23 04:29:18 | INFO     | main | 📑 Scan de la page : https://books.toscrape.com/catalogue/page-21.html
2026-05-23 04:29:19 | INFO     | main | 📑 Scan de la page : https://books.toscrape.com/catalogue/page-22.html
2026-05-23 04:29:20 | INFO     | main | 📑 Scan de la page : https://books.toscrape.com/catalogue/page-23.html
2026-05-23 04:29:21 | INFO     | main | 📑 Scan de la page : https://books.toscrape.com/catalogue/page-24.html
2026-05-23 05:04:01 | WARNING  | main | ⚠️ Tentative 1/3 échouée pour https://books.toscrape.com/catalogue/page-24.html. Erreur: HTTPSConnectionPool(host='books.toscrape.com', port=443): Max retries exceeded with url: /catalogue/page-24.html (Caused by SSLError(SSLEOFError(8, '[SSL: UNEXPECTED_EOF_WHILE_READING] EOF occurred in violation of protocol (_ssl.c:1016)')))
2026-05-23 05:04:09 | WARNING  | main | ⚠️ Tentative 2/3 échouée pour https://books.toscrape.com/catalogue/page-24.html. Erreur: HTTPSConnectionPool(host='books.toscrape.com', port=443): Max retries exceeded with url: /catalogue/page-24.html (Caused by NameResolutionError("HTTPSConnection(host='books.toscrape.com', port=443): Failed to resolve 'books.toscrape.com' ([Errno -5] No address associated with hostname)"))
2026-05-23 05:04:12 | INFO     | main | 📑 Scan de la page : https://books.toscrape.com/catalogue/page-25.html
2026-05-23 05:04:13 | INFO     | main | 📑 Scan de la page : https://books.toscrape.com/catalogue/page-26.html
2026-05-23 05:04:13 | INFO     | main | 📑 Scan de la page : https://books.toscrape.com/catalogue/page-27.html
2026-05-23 05:04:14 | INFO     | main | 📑 Scan de la page : https://books.toscrape.com/catalogue/page-28.html
2026-05-23 05:04:14 | INFO     | main | 📑 Scan de la page : https://books.toscrape.com/catalogue/page-29.html
2026-05-23 05:04:15 | INFO     | main | 📑 Scan de la page : https://books.toscrape.com/catalogue/page-30.html
2026-05-23 05:04:16 | INFO     | main | 📑 Scan de la page : https://books.toscrape.com/catalogue/page-31.html
2026-05-23 05:04:16 | INFO     | main | 📑 Scan de la page : https://books.toscrape.com/catalogue/page-32.html
2026-05-23 05:04:17 | INFO     | main | 📑 Scan de la page : https://books.toscrape.com/catalogue/page-33.html
2026-05-23 05:04:18 | INFO     | main | 📑 Scan de la page : https://books.toscrape.com/catalogue/page-34.html
2026-05-23 05:04:19 | INFO     | main | 📑 Scan de la page : https://books.toscrape.com/catalogue/page-35.html
2026-05-23 05:04:20 | INFO     | main | 📑 Scan de la page : https://books.toscrape.com/catalogue/page-36.html
2026-05-23 05:04:21 | INFO     | main | 📑 Scan de la page : https://books.toscrape.com/catalogue/page-37.html
2026-05-23 05:04:22 | INFO     | main | 📑 Scan de la page : https://books.toscrape.com/catalogue/page-38.html
2026-05-23 05:04:23 | INFO     | main | 📑 Scan de la page : https://books.toscrape.com/catalogue/page-39.html
2026-05-23 05:04:24 | INFO     | main | 📑 Scan de la page : https://books.toscrape.com/catalogue/page-40.html
2026-05-23 05:04:24 | INFO     | main | 📑 Scan de la page : https://books.toscrape.com/catalogue/page-41.html
2026-05-23 05:04:25 | INFO     | main | 📑 Scan de la page : https://books.toscrape.com/catalogue/page-42.html
2026-05-23 05:04:26 | INFO     | main | 📑 Scan de la page : https://books.toscrape.com/catalogue/page-43.html
2026-05-23 05:04:26 | WARNING  | main | ⚠️ Tentative 1/3 échouée pour https://books.toscrape.com/catalogue/page-43.html. Erreur: HTTPSConnectionPool(host='books.toscrape.com', port=443): Max retries exceeded with url: /catalogue/page-43.html (Caused by NewConnectionError("HTTPSConnection(host='books.toscrape.com', port=443): Failed to establish a new connection: [Errno 111] Connection refused"))
2026-05-23 05:30:27 | WARNING  | main | ⚠️ Tentative 2/3 échouée pour https://books.toscrape.com/catalogue/page-43.html. Erreur: HTTPSConnectionPool(host='books.toscrape.com', port=443): Read timed out. (read timeout=20)
2026-05-23 05:30:35 | WARNING  | main | ⚠️ Tentative 3/3 échouée pour https://books.toscrape.com/catalogue/page-43.html. Erreur: HTTPSConnectionPool(host='books.toscrape.com', port=443): Max retries exceeded with url: /catalogue/page-43.html (Caused by NameResolutionError("HTTPSConnection(host='books.toscrape.com', port=443): Failed to resolve 'books.toscrape.com' ([Errno -5] No address associated with hostname)"))
2026-05-23 05:30:37 | INFO     | main | 📑 Scan de la page : https://books.toscrape.com/catalogue/page-44.html
2026-05-23 06:04:14 | WARNING  | main | ⚠️ Tentative 1/3 échouée pour https://books.toscrape.com/catalogue/page-44.html. Erreur: HTTPSConnectionPool(host='books.toscrape.com', port=443): Max retries exceeded with url: /catalogue/page-44.html (Caused by NameResolutionError("HTTPSConnection(host='books.toscrape.com', port=443): Failed to resolve 'books.toscrape.com' ([Errno -5] No address associated with hostname)"))
2026-05-23 06:31:13 | WARNING  | main | ⚠️ Tentative 2/3 échouée pour https://books.toscrape.com/catalogue/page-44.html. Erreur: HTTPSConnectionPool(host='books.toscrape.com', port=443): Max retries exceeded with url: /catalogue/page-44.html (Caused by NameResolutionError("HTTPSConnection(host='books.toscrape.com', port=443): Failed to resolve 'books.toscrape.com' ([Errno -5] No address associated with hostname)"))
2026-05-23 06:31:17 | INFO     | main | 📑 Scan de la page : https://books.toscrape.com/catalogue/page-45.html
2026-05-23 06:31:25 | WARNING  | main | ⚠️ Tentative 1/3 échouée pour https://books.toscrape.com/catalogue/page-45.html. Erreur: HTTPSConnectionPool(host='books.toscrape.com', port=443): Max retries exceeded with url: /catalogue/page-45.html (Caused by NameResolutionError("HTTPSConnection(host='books.toscrape.com', port=443): Failed to resolve 'books.toscrape.com' ([Errno -5] No address associated with hostname)"))
2026-05-23 06:46:47 | WARNING  | main | ⚠️ Tentative 2/3 échouée pour https://books.toscrape.com/catalogue/page-45.html. Erreur: HTTPSConnectionPool(host='books.toscrape.com', port=443): Max retries exceeded with url: /catalogue/page-45.html (Caused by NameResolutionError("HTTPSConnection(host='books.toscrape.com', port=443): Failed to resolve 'books.toscrape.com' ([Errno -5] No address associated with hostname)"))
2026-05-23 06:46:50 | INFO     | main | 📑 Scan de la page : https://books.toscrape.com/catalogue/page-46.html
2026-05-23 06:46:51 | INFO     | main | 📑 Scan de la page : https://books.toscrape.com/catalogue/page-47.html
2026-05-23 06:46:52 | INFO     | main | 📑 Scan de la page : https://books.toscrape.com/catalogue/page-48.html
2026-05-23 06:46:52 | INFO     | main | 📑 Scan de la page : https://books.toscrape.com/catalogue/page-49.html
2026-05-23 06:46:53 | INFO     | main | 📑 Scan de la page : https://books.toscrape.com/catalogue/page-50.html
2026-05-23 06:46:53 | INFO     | main | 📑 Scan de la page : https://books.toscrape.com/catalogue/page-51.html
2026-05-23 06:46:54 | INFO     | main | 🏁 Fin du catalogue atteinte (Page 404). Passage au scraping...
2026-05-23 06:46:54 | INFO     | main | ✅ Diary of a Citizen Scientist: Chasing Tiger Beetles and Other New Ways of Engaging the World
2026-05-23 06:46:54 | INFO     | main | ✅ Looking for Lovely: Collecting the Moments that Matter
2026-05-23 06:46:55 | INFO     | main | ✅ Follow You Home
2026-05-23 06:46:55 | INFO     | main | ✅ You Are a Badass: How to Stop Doubting Your Greatness and Start Living an Awesome Life
2026-05-23 06:46:56 | INFO     | main | ✅ The Sound Of Love
2026-05-23 06:46:56 | INFO     | transform | 📊 5 lignes ajoutées avec succès dans data/books.csv
2026-05-23 06:46:56 | INFO     | __main__ | 🎉 Pipeline terminé avec succès.
2026-05-24 03:07:39 | INFO     | __main__ | 🚀 Démarrage du pipeline de scraping...
2026-05-24 03:07:39 | INFO     | main | 📑 Scan de la page : https://books.toscrape.com/catalogue/page-1.html
2026-05-24 03:07:40 | INFO     | main | 📑 Scan de la page : https://books.toscrape.com/catalogue/page-2.html
2026-05-24 03:07:41 | INFO     | main | 📑 Scan de la page : https://books.toscrape.com/catalogue/page-3.html
2026-05-24 03:07:48 | WARNING  | main | ⚠️ Tentative 1/3 échouée pour https://books.toscrape.com/catalogue/page-3.html. Erreur: HTTPSConnectionPool(host='books.toscrape.com', port=443): Max retries exceeded with url: /catalogue/page-3.html (Caused by NameResolutionError("HTTPSConnection(host='books.toscrape.com', port=443): Failed to resolve 'books.toscrape.com' ([Errno -5] No address associated with hostname)"))
2026-05-24 03:07:51 | INFO     | main | 📑 Scan de la page : https://books.toscrape.com/catalogue/page-4.html
2026-05-24 03:24:16 | WARNING  | main | ⚠️ Tentative 1/3 échouée pour https://books.toscrape.com/catalogue/page-4.html. Erreur: HTTPSConnectionPool(host='books.toscrape.com', port=443): Max retries exceeded with url: /catalogue/page-4.html (Caused by SSLError(SSLEOFError(8, '[SSL: UNEXPECTED_EOF_WHILE_READING] EOF occurred in violation of protocol (_ssl.c:1016)')))
2026-05-24 03:24:21 | INFO     | main | 📑 Scan de la page : https://books.toscrape.com/catalogue/page-5.html
2026-05-24 03:24:22 | INFO     | main | 📑 Scan de la page : https://books.toscrape.com/catalogue/page-6.html
2026-05-24 03:29:06 | WARNING  | main | ⚠️ Tentative 1/3 échouée pour https://books.toscrape.com/catalogue/page-6.html. Erreur: HTTPSConnectionPool(host='books.toscrape.com', port=443): Max retries exceeded with url: /catalogue/page-6.html (Caused by SSLError(SSLEOFError(8, '[SSL: UNEXPECTED_EOF_WHILE_READING] EOF occurred in violation of protocol (_ssl.c:1016)')))
2026-05-24 03:47:03 | INFO     | main | 📑 Scan de la page : https://books.toscrape.com/catalogue/page-7.html
2026-05-24 03:47:04 | INFO     | main | 📑 Scan de la page : https://books.toscrape.com/catalogue/page-8.html
2026-05-24 03:47:04 | INFO     | main | 📑 Scan de la page : https://books.toscrape.com/catalogue/page-9.html
2026-05-24 03:47:07 | WARNING  | main | ⚠️ Tentative 1/3 échouée pour https://books.toscrape.com/catalogue/page-9.html. Erreur: ('Connection aborted.', RemoteDisconnected('Remote end closed connection without response'))
2026-05-24 04:21:03 | INFO     | main | 📑 Scan de la page : https://books.toscrape.com/catalogue/page-10.html
2026-05-24 04:21:04 | INFO     | main | 📑 Scan de la page : https://books.toscrape.com/catalogue/page-11.html
2026-05-24 04:21:05 | INFO     | main | 📑 Scan de la page : https://books.toscrape.com/catalogue/page-12.html
2026-05-24 04:21:07 | WARNING  | main | ⚠️ Tentative 1/3 échouée pour https://books.toscrape.com/catalogue/page-12.html. Erreur: HTTPSConnectionPool(host='books.toscrape.com', port=443): Max retries exceeded with url: /catalogue/page-12.html (Caused by NameResolutionError("HTTPSConnection(host='books.toscrape.com', port=443): Failed to resolve 'books.toscrape.com' ([Errno -2] Name or service not known)"))
2026-05-24 04:30:08 | WARNING  | main | ⚠️ Tentative 2/3 échouée pour https://books.toscrape.com/catalogue/page-12.html. Erreur: HTTPSConnectionPool(host='books.toscrape.com', port=443): Max retries exceeded with url: /catalogue/page-12.html (Caused by NameResolutionError("HTTPSConnection(host='books.toscrape.com', port=443): Failed to resolve 'books.toscrape.com' ([Errno -5] No address associated with hostname)"))
2026-05-24 04:30:11 | INFO     | main | 📑 Scan de la page : https://books.toscrape.com/catalogue/page-13.html
2026-05-24 04:30:12 | INFO     | main | 📑 Scan de la page : https://books.toscrape.com/catalogue/page-14.html
2026-05-24 04:30:13 | INFO     | main | 📑 Scan de la page : https://books.toscrape.com/catalogue/page-15.html
2026-05-24 04:30:13 | INFO     | main | 📑 Scan de la page : https://books.toscrape.com/catalogue/page-16.html
2026-05-24 04:30:14 | INFO     | main | 📑 Scan de la page : https://books.toscrape.com/catalogue/page-17.html
2026-05-24 04:30:15 | INFO     | main | 📑 Scan de la page : https://books.toscrape.com/catalogue/page-18.html
2026-05-24 05:18:40 | WARNING  | main | ⚠️ Tentative 1/3 échouée pour https://books.toscrape.com/catalogue/page-18.html. Erreur: HTTPSConnectionPool(host='books.toscrape.com', port=443): Read timed out. (read timeout=20)
2026-05-24 05:18:43 | INFO     | main | 📑 Scan de la page : https://books.toscrape.com/catalogue/page-19.html
2026-05-24 05:18:43 | INFO     | main | 📑 Scan de la page : https://books.toscrape.com/catalogue/page-20.html
2026-05-24 05:18:44 | INFO     | main | 📑 Scan de la page : https://books.toscrape.com/catalogue/page-21.html
2026-05-24 05:18:45 | INFO     | main | 📑 Scan de la page : https://books.toscrape.com/catalogue/page-22.html
2026-05-24 05:18:45 | INFO     | main | 📑 Scan de la page : https://books.toscrape.com/catalogue/page-23.html
2026-05-24 05:18:46 | INFO     | main | 📑 Scan de la page : https://books.toscrape.com/catalogue/page-24.html
2026-05-24 05:18:46 | INFO     | main | 📑 Scan de la page : https://books.toscrape.com/catalogue/page-25.html
2026-05-24 05:18:47 | INFO     | main | 📑 Scan de la page : https://books.toscrape.com/catalogue/page-26.html
2026-05-24 05:18:48 | INFO     | main | 📑 Scan de la page : https://books.toscrape.com/catalogue/page-27.html
2026-05-24 05:18:48 | INFO     | main | 📑 Scan de la page : https://books.toscrape.com/catalogue/page-28.html
2026-05-24 05:18:49 | INFO     | main | 📑 Scan de la page : https://books.toscrape.com/catalogue/page-29.html
2026-05-24 05:18:49 | INFO     | main | 📑 Scan de la page : https://books.toscrape.com/catalogue/page-30.html
2026-05-24 05:18:50 | INFO     | main | 📑 Scan de la page : https://books.toscrape.com/catalogue/page-31.html
2026-05-24 05:18:50 | INFO     | main | 📑 Scan de la page : https://books.toscrape.com/catalogue/page-32.html
2026-05-24 05:30:56 | INFO     | main | 📑 Scan de la page : https://books.toscrape.com/catalogue/page-33.html
2026-05-24 05:30:57 | INFO     | main | 📑 Scan de la page : https://books.toscrape.com/catalogue/page-34.html
2026-05-24 05:31:00 | INFO     | main | 📑 Scan de la page : https://books.toscrape.com/catalogue/page-35.html
2026-05-24 05:31:01 | INFO     | main | 📑 Scan de la page : https://books.toscrape.com/catalogue/page-36.html
2026-05-24 05:31:02 | INFO     | main | 📑 Scan de la page : https://books.toscrape.com/catalogue/page-37.html
2026-05-24 05:31:03 | INFO     | main | 📑 Scan de la page : https://books.toscrape.com/catalogue/page-38.html
2026-05-24 05:31:04 | INFO     | main | 📑 Scan de la page : https://books.toscrape.com/catalogue/page-39.html
2026-05-24 05:31:05 | INFO     | main | 📑 Scan de la page : https://books.toscrape.com/catalogue/page-40.html
2026-05-24 05:31:06 | INFO     | main | 📑 Scan de la page : https://books.toscrape.com/catalogue/page-41.html
2026-05-24 05:31:06 | INFO     | main | 📑 Scan de la page : https://books.toscrape.com/catalogue/page-42.html
2026-05-24 05:31:08 | INFO     | main | 📑 Scan de la page : https://books.toscrape.com/catalogue/page-43.html
2026-05-24 05:31:10 | INFO     | main | 📑 Scan de la page : https://books.toscrape.com/catalogue/page-44.html
2026-05-24 05:47:09 | WARNING  | main | ⚠️ Tentative 1/3 échouée pour https://books.toscrape.com/catalogue/page-44.html. Erreur: ('Connection aborted.', RemoteDisconnected('Remote end closed connection without response'))
2026-05-24 05:47:13 | INFO     | main | 📑 Scan de la page : https://books.toscrape.com/catalogue/page-45.html
2026-05-24 06:02:47 | WARNING  | main | ⚠️ Tentative 1/3 échouée pour https://books.toscrape.com/catalogue/page-45.html. Erreur: HTTPSConnectionPool(host='books.toscrape.com', port=443): Max retries exceeded with url: /catalogue/page-45.html (Caused by NameResolutionError("HTTPSConnection(host='books.toscrape.com', port=443): Failed to resolve 'books.toscrape.com' ([Errno -5] No address associated with hostname)"))
2026-05-24 06:02:50 | INFO     | main | 📑 Scan de la page : https://books.toscrape.com/catalogue/page-46.html
2026-05-24 06:02:51 | INFO     | main | 📑 Scan de la page : https://books.toscrape.com/catalogue/page-47.html
2026-05-24 06:02:52 | INFO     | main | 📑 Scan de la page : https://books.toscrape.com/catalogue/page-48.html
2026-05-24 06:02:56 | INFO     | main | 📑 Scan de la page : https://books.toscrape.com/catalogue/page-49.html
2026-05-24 06:31:59 | INFO     | main | 📑 Scan de la page : https://books.toscrape.com/catalogue/page-50.html
2026-05-24 06:32:07 | WARNING  | main | ⚠️ Tentative 1/3 échouée pour https://books.toscrape.com/catalogue/page-50.html. Erreur: HTTPSConnectionPool(host='books.toscrape.com', port=443): Max retries exceeded with url: /catalogue/page-50.html (Caused by NameResolutionError("HTTPSConnection(host='books.toscrape.com', port=443): Failed to resolve 'books.toscrape.com' ([Errno -5] No address associated with hostname)"))
2026-05-24 06:32:17 | WARNING  | main | ⚠️ Tentative 2/3 échouée pour https://books.toscrape.com/catalogue/page-50.html. Erreur: HTTPSConnectionPool(host='books.toscrape.com', port=443): Max retries exceeded with url: /catalogue/page-50.html (Caused by NameResolutionError("HTTPSConnection(host='books.toscrape.com', port=443): Failed to resolve 'books.toscrape.com' ([Errno -5] No address associated with hostname)"))
2026-05-24 06:32:25 | WARNING  | main | ⚠️ Tentative 3/3 échouée pour https://books.toscrape.com/catalogue/page-50.html. Erreur: HTTPSConnectionPool(host='books.toscrape.com', port=443): Max retries exceeded with url: /catalogue/page-50.html (Caused by NameResolutionError("HTTPSConnection(host='books.toscrape.com', port=443): Failed to resolve 'books.toscrape.com' ([Errno -5] No address associated with hostname)"))
2026-05-24 06:49:34 | INFO     | main | 📑 Scan de la page : https://books.toscrape.com/catalogue/page-51.html
2026-05-24 06:49:40 | INFO     | main | 🏁 Fin du catalogue atteinte (Page 404). Passage au scraping...
2026-05-24 06:49:43 | INFO     | main | ✅ How to Be Miserable: 40 Strategies You Already Use
2026-05-24 06:49:43 | INFO     | main | ✅ The Matchmaker's Playbook (Wingmen Inc. #1)
2026-05-24 06:49:44 | INFO     | main | ✅ 23 Degrees South: A Tropical Tale of Changing Whether...
2026-05-24 06:49:44 | INFO     | main | ✅ In a Dark, Dark Wood
2026-05-24 06:49:45 | INFO     | main | ✅ A Summer In Europe
2026-05-24 06:49:46 | INFO     | transform | 📊 5 lignes ajoutées avec succès dans data/books.csv
2026-05-24 06:49:46 | INFO     | __main__ | 🎉 Pipeline terminé avec succès.
2026-05-25 03:11:37 | INFO     | __main__ | 🚀 Démarrage du pipeline de scraping...
2026-05-25 03:11:37 | INFO     | main | 📑 Scan de la page : https://books.toscrape.com/catalogue/page-1.html
2026-05-25 03:11:38 | INFO     | main | 📑 Scan de la page : https://books.toscrape.com/catalogue/page-2.html
2026-05-25 03:11:39 | INFO     | main | 📑 Scan de la page : https://books.toscrape.com/catalogue/page-3.html
2026-05-25 03:27:03 | INFO     | main | 📑 Scan de la page : https://books.toscrape.com/catalogue/page-4.html
2026-05-25 03:27:04 | INFO     | main | 📑 Scan de la page : https://books.toscrape.com/catalogue/page-5.html
2026-05-25 03:27:09 | WARNING  | main | ⚠️ Tentative 1/3 échouée pour https://books.toscrape.com/catalogue/page-5.html. Erreur: HTTPSConnectionPool(host='books.toscrape.com', port=443): Max retries exceeded with url: /catalogue/page-5.html (Caused by NameResolutionError("HTTPSConnection(host='books.toscrape.com', port=443): Failed to resolve 'books.toscrape.com' ([Errno -2] Name or service not known)"))
2026-05-25 03:32:54 | INFO     | main | 📑 Scan de la page : https://books.toscrape.com/catalogue/page-6.html
2026-05-25 03:32:56 | INFO     | main | 📑 Scan de la page : https://books.toscrape.com/catalogue/page-7.html
2026-05-25 03:33:03 | WARNING  | main | ⚠️ Tentative 1/3 échouée pour https://books.toscrape.com/catalogue/page-7.html. Erreur: HTTPSConnectionPool(host='books.toscrape.com', port=443): Max retries exceeded with url: /catalogue/page-7.html (Caused by NameResolutionError("HTTPSConnection(host='books.toscrape.com', port=443): Failed to resolve 'books.toscrape.com' ([Errno -5] No address associated with hostname)"))
2026-05-25 03:33:06 | INFO     | main | 📑 Scan de la page : https://books.toscrape.com/catalogue/page-8.html
2026-05-25 03:33:07 | INFO     | main | 📑 Scan de la page : https://books.toscrape.com/catalogue/page-9.html
2026-05-25 03:33:08 | INFO     | main | 📑 Scan de la page : https://books.toscrape.com/catalogue/page-10.html
2026-05-25 03:33:08 | INFO     | main | 📑 Scan de la page : https://books.toscrape.com/catalogue/page-11.html
2026-05-25 03:33:09 | INFO     | main | 📑 Scan de la page : https://books.toscrape.com/catalogue/page-12.html
2026-05-25 03:33:10 | INFO     | main | 📑 Scan de la page : https://books.toscrape.com/catalogue/page-13.html
2026-05-25 03:33:11 | INFO     | main | 📑 Scan de la page : https://books.toscrape.com/catalogue/page-14.html
2026-05-25 03:33:12 | INFO     | main | 📑 Scan de la page : https://books.toscrape.com/catalogue/page-15.html
2026-05-25 03:33:14 | INFO     | main | 📑 Scan de la page : https://books.toscrape.com/catalogue/page-16.html
2026-05-25 03:33:15 | INFO     | main | 📑 Scan de la page : https://books.toscrape.com/catalogue/page-17.html
2026-05-25 03:33:16 | INFO     | main | 📑 Scan de la page : https://books.toscrape.com/catalogue/page-18.html
2026-05-25 03:33:16 | INFO     | main | 📑 Scan de la page : https://books.toscrape.com/catalogue/page-19.html
2026-05-25 03:33:17 | INFO     | main | 📑 Scan de la page : https://books.toscrape.com/catalogue/page-20.html
2026-05-25 04:07:48 | INFO     | main | 📑 Scan de la page : https://books.toscrape.com/catalogue/page-21.html
2026-05-25 04:07:50 | INFO     | main | 📑 Scan de la page : https://books.toscrape.com/catalogue/page-22.html
2026-05-25 04:07:50 | INFO     | main | 📑 Scan de la page : https://books.toscrape.com/catalogue/page-23.html
2026-05-25 04:07:51 | INFO     | main | 📑 Scan de la page : https://books.toscrape.com/catalogue/page-24.html
2026-05-25 04:07:52 | INFO     | main | 📑 Scan de la page : https://books.toscrape.com/catalogue/page-25.html
2026-05-25 04:07:54 | INFO     | main | 📑 Scan de la page : https://books.toscrape.com/catalogue/page-26.html
2026-05-25 04:07:56 | WARNING  | main | ⚠️ Tentative 1/3 échouée pour https://books.toscrape.com/catalogue/page-26.html. Erreur: HTTPSConnectionPool(host='books.toscrape.com', port=443): Max retries exceeded with url: /catalogue/page-26.html (Caused by NewConnectionError("HTTPSConnection(host='books.toscrape.com', port=443): Failed to establish a new connection: [Errno 111] Connection refused"))
2026-05-25 04:39:49 | INFO     | main | 📑 Scan de la page : https://books.toscrape.com/catalogue/page-27.html
2026-05-25 04:39:53 | INFO     | main | 📑 Scan de la page : https://books.toscrape.com/catalogue/page-28.html
2026-05-25 04:39:54 | INFO     | main | 📑 Scan de la page : https://books.toscrape.com/catalogue/page-29.html
2026-05-25 04:39:55 | INFO     | main | 📑 Scan de la page : https://books.toscrape.com/catalogue/page-30.html
2026-05-25 04:39:56 | INFO     | main | 📑 Scan de la page : https://books.toscrape.com/catalogue/page-31.html
2026-05-25 04:39:57 | INFO     | main | 📑 Scan de la page : https://books.toscrape.com/catalogue/page-32.html
2026-05-25 04:39:58 | INFO     | main | 📑 Scan de la page : https://books.toscrape.com/catalogue/page-33.html
2026-05-25 04:39:58 | INFO     | main | 📑 Scan de la page : https://books.toscrape.com/catalogue/page-34.html
2026-05-25 04:39:59 | INFO     | main | 📑 Scan de la page : https://books.toscrape.com/catalogue/page-35.html
2026-05-25 04:40:00 | INFO     | main | 📑 Scan de la page : https://books.toscrape.com/catalogue/page-36.html
2026-05-25 04:40:00 | INFO     | main | 📑 Scan de la page : https://books.toscrape.com/catalogue/page-37.html
2026-05-25 04:40:01 | INFO     | main | 📑 Scan de la page : https://books.toscrape.com/catalogue/page-38.html
2026-05-25 04:40:02 | INFO     | main | 📑 Scan de la page : https://books.toscrape.com/catalogue/page-39.html
2026-05-25 04:40:02 | INFO     | main | 📑 Scan de la page : https://books.toscrape.com/catalogue/page-40.html
2026-05-25 04:40:03 | INFO     | main | 📑 Scan de la page : https://books.toscrape.com/catalogue/page-41.html
2026-05-25 04:40:04 | INFO     | main | 📑 Scan de la page : https://books.toscrape.com/catalogue/page-42.html
2026-05-25 04:40:05 | INFO     | main | 📑 Scan de la page : https://books.toscrape.com/catalogue/page-43.html
2026-05-25 04:40:06 | INFO     | main | 📑 Scan de la page : https://books.toscrape.com/catalogue/page-44.html
2026-05-25 04:40:07 | INFO     | main | 📑 Scan de la page : https://books.toscrape.com/catalogue/page-45.html
2026-05-25 04:40:08 | INFO     | main | 📑 Scan de la page : https://books.toscrape.com/catalogue/page-46.html
2026-05-25 04:40:09 | INFO     | main | 📑 Scan de la page : https://books.toscrape.com/catalogue/page-47.html
2026-05-25 05:29:40 | WARNING  | main | ⚠️ Tentative 1/3 échouée pour https://books.toscrape.com/catalogue/page-47.html. Erreur: HTTPSConnectionPool(host='books.toscrape.com', port=443): Read timed out. (read timeout=20)
2026-05-25 05:29:43 | INFO     | main | 📑 Scan de la page : https://books.toscrape.com/catalogue/page-48.html
2026-05-25 05:29:44 | INFO     | main | 📑 Scan de la page : https://books.toscrape.com/catalogue/page-49.html
2026-05-25 05:29:44 | INFO     | main | 📑 Scan de la page : https://books.toscrape.com/catalogue/page-50.html
2026-05-25 05:29:45 | INFO     | main | 📑 Scan de la page : https://books.toscrape.com/catalogue/page-51.html
2026-05-25 05:29:48 | INFO     | main | 🏁 Fin du catalogue atteinte (Page 404). Passage au scraping...
2026-05-25 05:29:48 | INFO     | main | ✅ In the Country We Love: My Family Divided
2026-05-25 05:29:49 | INFO     | main | ✅ Algorithms to Live By: The Computer Science of Human Decisions
2026-05-25 05:29:50 | INFO     | main | ✅ Far & Away: Places on the Brink of Change: Seven Continents, Twenty-Five Years
2026-05-25 05:29:51 | INFO     | main | ✅ Sharp Objects
2026-05-25 05:29:52 | INFO     | main | ✅ The Cat in the Hat (Beginner Books B-1)
2026-05-25 05:29:52 | INFO     | transform | 📊 5 lignes ajoutées avec succès dans data/books.csv
2026-05-25 05:29:52 | INFO     | __main__ | 🎉 Pipeline terminé avec succès.
2026-05-26 03:28:00 | INFO     | __main__ | 🚀 Démarrage du pipeline de scraping...
2026-05-26 03:28:00 | INFO     | main | 📑 Scan de la page : https://books.toscrape.com/catalogue/page-1.html
2026-05-26 03:28:01 | INFO     | main | 📑 Scan de la page : https://books.toscrape.com/catalogue/page-2.html
2026-05-26 03:28:02 | INFO     | main | 📑 Scan de la page : https://books.toscrape.com/catalogue/page-3.html
2026-05-26 03:28:03 | INFO     | main | 📑 Scan de la page : https://books.toscrape.com/catalogue/page-4.html
2026-05-26 03:28:04 | INFO     | main | 📑 Scan de la page : https://books.toscrape.com/catalogue/page-5.html
2026-05-26 03:28:05 | INFO     | main | 📑 Scan de la page : https://books.toscrape.com/catalogue/page-6.html
2026-05-26 03:33:16 | WARNING  | main | ⚠️ Tentative 1/3 échouée pour https://books.toscrape.com/catalogue/page-6.html. Erreur: HTTPSConnectionPool(host='books.toscrape.com', port=443): Read timed out.
2026-05-26 04:06:23 | WARNING  | main | ⚠️ Tentative 2/3 échouée pour https://books.toscrape.com/catalogue/page-6.html. Erreur: HTTPSConnectionPool(host='books.toscrape.com', port=443): Max retries exceeded with url: /catalogue/page-6.html (Caused by NewConnectionError("HTTPSConnection(host='books.toscrape.com', port=443): Failed to establish a new connection: [Errno 111] Connection refused"))
2026-05-26 04:22:38 | WARNING  | main | ⚠️ Tentative 3/3 échouée pour https://books.toscrape.com/catalogue/page-6.html. Erreur: HTTPSConnectionPool(host='books.toscrape.com', port=443): Max retries exceeded with url: /catalogue/page-6.html (Caused by NameResolutionError("HTTPSConnection(host='books.toscrape.com', port=443): Failed to resolve 'books.toscrape.com' ([Errno -5] No address associated with hostname)"))
2026-05-26 04:22:40 | INFO     | main | 📑 Scan de la page : https://books.toscrape.com/catalogue/page-7.html
2026-05-26 04:22:48 | WARNING  | main | ⚠️ Tentative 1/3 échouée pour https://books.toscrape.com/catalogue/page-7.html. Erreur: HTTPSConnectionPool(host='books.toscrape.com', port=443): Max retries exceeded with url: /catalogue/page-7.html (Caused by NameResolutionError("HTTPSConnection(host='books.toscrape.com', port=443): Failed to resolve 'books.toscrape.com' ([Errno -5] No address associated with hostname)"))
2026-05-26 04:34:05 | WARNING  | main | ⚠️ Tentative 2/3 échouée pour https://books.toscrape.com/catalogue/page-7.html. Erreur: HTTPSConnectionPool(host='books.toscrape.com', port=443): Max retries exceeded with url: /catalogue/page-7.html (Caused by NameResolutionError("HTTPSConnection(host='books.toscrape.com', port=443): Failed to resolve 'books.toscrape.com' ([Errno -5] No address associated with hostname)"))
2026-05-26 04:34:14 | WARNING  | main | ⚠️ Tentative 3/3 échouée pour https://books.toscrape.com/catalogue/page-7.html. Erreur: HTTPSConnectionPool(host='books.toscrape.com', port=443): Max retries exceeded with url: /catalogue/page-7.html (Caused by NameResolutionError("HTTPSConnection(host='books.toscrape.com', port=443): Failed to resolve 'books.toscrape.com' ([Errno -5] No address associated with hostname)"))
2026-05-26 04:34:16 | INFO     | main | 📑 Scan de la page : https://books.toscrape.com/catalogue/page-8.html
2026-05-26 04:34:17 | INFO     | main | 📑 Scan de la page : https://books.toscrape.com/catalogue/page-9.html
2026-05-26 05:22:52 | WARNING  | main | ⚠️ Tentative 1/3 échouée pour https://books.toscrape.com/catalogue/page-9.html. Erreur: HTTPSConnectionPool(host='books.toscrape.com', port=443): Read timed out. (read timeout=20)
2026-05-26 05:22:56 | INFO     | main | 📑 Scan de la page : https://books.toscrape.com/catalogue/page-10.html
2026-05-26 05:22:58 | INFO     | main | 📑 Scan de la page : https://books.toscrape.com/catalogue/page-11.html
2026-05-26 05:22:59 | INFO     | main | 📑 Scan de la page : https://books.toscrape.com/catalogue/page-12.html
2026-05-26 05:23:00 | INFO     | main | 📑 Scan de la page : https://books.toscrape.com/catalogue/page-13.html
2026-05-26 05:23:01 | INFO     | main | 📑 Scan de la page : https://books.toscrape.com/catalogue/page-14.html
2026-05-26 05:23:02 | INFO     | main | 📑 Scan de la page : https://books.toscrape.com/catalogue/page-15.html
2026-05-26 05:23:03 | INFO     | main | 📑 Scan de la page : https://books.toscrape.com/catalogue/page-16.html
2026-05-26 05:23:04 | INFO     | main | 📑 Scan de la page : https://books.toscrape.com/catalogue/page-17.html
2026-05-26 05:23:05 | INFO     | main | 📑 Scan de la page : https://books.toscrape.com/catalogue/page-18.html
2026-05-26 05:23:10 | INFO     | main | 📑 Scan de la page : https://books.toscrape.com/catalogue/page-19.html
2026-05-26 05:23:11 | INFO     | main | 📑 Scan de la page : https://books.toscrape.com/catalogue/page-20.html
2026-05-26 05:23:12 | INFO     | main | 📑 Scan de la page : https://books.toscrape.com/catalogue/page-21.html
2026-05-26 05:23:13 | INFO     | main | 📑 Scan de la page : https://books.toscrape.com/catalogue/page-22.html
2026-05-26 05:23:14 | INFO     | main | 📑 Scan de la page : https://books.toscrape.com/catalogue/page-23.html
2026-05-26 05:23:15 | INFO     | main | 📑 Scan de la page : https://books.toscrape.com/catalogue/page-24.html
2026-05-26 05:23:16 | INFO     | main | 📑 Scan de la page : https://books.toscrape.com/catalogue/page-25.html
2026-05-26 05:35:04 | WARNING  | main | ⚠️ Tentative 1/3 échouée pour https://books.toscrape.com/catalogue/page-25.html. Erreur: HTTPSConnectionPool(host='books.toscrape.com', port=443): Max retries exceeded with url: /catalogue/page-25.html (Caused by SSLError(SSLEOFError(8, '[SSL: UNEXPECTED_EOF_WHILE_READING] EOF occurred in violation of protocol (_ssl.c:1016)')))
2026-05-26 05:35:07 | INFO     | main | 📑 Scan de la page : https://books.toscrape.com/catalogue/page-26.html
2026-05-26 05:35:08 | INFO     | main | 📑 Scan de la page : https://books.toscrape.com/catalogue/page-27.html
2026-05-26 05:35:08 | INFO     | main | 📑 Scan de la page : https://books.toscrape.com/catalogue/page-28.html
2026-05-26 05:35:09 | INFO     | main | 📑 Scan de la page : https://books.toscrape.com/catalogue/page-29.html
2026-05-26 05:35:10 | INFO     | main | 📑 Scan de la page : https://books.toscrape.com/catalogue/page-30.html
2026-05-26 05:35:10 | INFO     | main | 📑 Scan de la page : https://books.toscrape.com/catalogue/page-31.html
2026-05-26 05:35:11 | INFO     | main | 📑 Scan de la page : https://books.toscrape.com/catalogue/page-32.html
2026-05-26 05:35:12 | INFO     | main | 📑 Scan de la page : https://books.toscrape.com/catalogue/page-33.html
2026-05-26 05:35:12 | INFO     | main | 📑 Scan de la page : https://books.toscrape.com/catalogue/page-34.html
2026-05-26 05:35:13 | INFO     | main | 📑 Scan de la page : https://books.toscrape.com/catalogue/page-35.html
2026-05-26 05:35:14 | INFO     | main | 📑 Scan de la page : https://books.toscrape.com/catalogue/page-36.html
2026-05-26 05:35:20 | WARNING  | main | ⚠️ Tentative 1/3 échouée pour https://books.toscrape.com/catalogue/page-36.html. Erreur: HTTPSConnectionPool(host='books.toscrape.com', port=443): Max retries exceeded with url: /catalogue/page-36.html (Caused by SSLError(SSLEOFError(8, '[SSL: UNEXPECTED_EOF_WHILE_READING] EOF occurred in violation of protocol (_ssl.c:1016)')))
2026-05-26 06:07:51 | INFO     | main | 📑 Scan de la page : https://books.toscrape.com/catalogue/page-37.html
2026-05-26 06:25:29 | INFO     | main | 📑 Scan de la page : https://books.toscrape.com/catalogue/page-38.html
2026-05-26 06:25:37 | WARNING  | main | ⚠️ Tentative 1/3 échouée pour https://books.toscrape.com/catalogue/page-38.html. Erreur: HTTPSConnectionPool(host='books.toscrape.com', port=443): Max retries exceeded with url: /catalogue/page-38.html (Caused by NameResolutionError("HTTPSConnection(host='books.toscrape.com', port=443): Failed to resolve 'books.toscrape.com' ([Errno -5] No address associated with hostname)"))
2026-05-26 06:25:41 | INFO     | main | 📑 Scan de la page : https://books.toscrape.com/catalogue/page-39.html
2026-05-26 06:25:42 | INFO     | main | 📑 Scan de la page : https://books.toscrape.com/catalogue/page-40.html
2026-05-26 06:25:43 | INFO     | main | 📑 Scan de la page : https://books.toscrape.com/catalogue/page-41.html
2026-05-26 06:25:45 | INFO     | main | 📑 Scan de la page : https://books.toscrape.com/catalogue/page-42.html
2026-05-26 06:25:47 | INFO     | main | 📑 Scan de la page : https://books.toscrape.com/catalogue/page-43.html
2026-05-26 06:25:48 | INFO     | main | 📑 Scan de la page : https://books.toscrape.com/catalogue/page-44.html
2026-05-26 06:35:58 | WARNING  | main | ⚠️ Tentative 1/3 échouée pour https://books.toscrape.com/catalogue/page-44.html. Erreur: HTTPSConnectionPool(host='books.toscrape.com', port=443): Max retries exceeded with url: /catalogue/page-44.html (Caused by NewConnectionError("HTTPSConnection(host='books.toscrape.com', port=443): Failed to establish a new connection: [Errno 111] Connection refused"))
2026-05-26 06:36:01 | INFO     | main | 📑 Scan de la page : https://books.toscrape.com/catalogue/page-45.html
2026-05-26 06:36:02 | INFO     | main | 📑 Scan de la page : https://books.toscrape.com/catalogue/page-46.html
2026-05-26 06:36:03 | INFO     | main | 📑 Scan de la page : https://books.toscrape.com/catalogue/page-47.html
2026-05-26 06:36:07 | INFO     | main | 📑 Scan de la page : https://books.toscrape.com/catalogue/page-48.html
2026-05-26 06:36:07 | INFO     | main | 📑 Scan de la page : https://books.toscrape.com/catalogue/page-49.html
2026-05-26 06:36:08 | INFO     | main | 📑 Scan de la page : https://books.toscrape.com/catalogue/page-50.html
2026-05-26 06:36:09 | INFO     | main | 📑 Scan de la page : https://books.toscrape.com/catalogue/page-51.html
2026-05-26 06:36:09 | INFO     | main | 🏁 Fin du catalogue atteinte (Page 404). Passage au scraping...
2026-05-26 06:36:11 | INFO     | main | ✅ Balloon Animals
2026-05-26 06:36:12 | INFO     | main | ✅ A Study in Scarlet (Sherlock Holmes #1)
2026-05-26 06:36:16 | INFO     | main | ✅ Libertarianism for Beginners
2026-05-26 06:36:17 | INFO     | main | ✅ Letter to a Christian Nation
2026-05-26 06:51:30 | INFO     | main | ✅ Saga, Volume 5 (Saga (Collected Editions) #5)
2026-05-26 06:51:30 | INFO     | transform | 📊 5 lignes ajoutées avec succès dans data/books.csv
2026-05-26 06:51:30 | INFO     | __main__ | 🎉 Pipeline terminé avec succès.
2026-05-27 04:15:47 | INFO     | __main__ | 🚀 Démarrage du pipeline de scraping...
2026-05-27 04:15:47 | INFO     | main | 📑 Scan de la page : https://books.toscrape.com/catalogue/page-1.html
2026-05-27 04:15:55 | WARNING  | main | ⚠️ Tentative 1/3 échouée pour https://books.toscrape.com/catalogue/page-1.html. Erreur: HTTPSConnectionPool(host='books.toscrape.com', port=443): Max retries exceeded with url: /catalogue/page-1.html (Caused by NameResolutionError("HTTPSConnection(host='books.toscrape.com', port=443): Failed to resolve 'books.toscrape.com' ([Errno -5] No address associated with hostname)"))
2026-05-27 04:16:01 | INFO     | main | 📑 Scan de la page : https://books.toscrape.com/catalogue/page-2.html
2026-05-27 04:16:03 | INFO     | main | 📑 Scan de la page : https://books.toscrape.com/catalogue/page-3.html
2026-05-27 04:16:04 | INFO     | main | 📑 Scan de la page : https://books.toscrape.com/catalogue/page-4.html
2026-05-27 04:33:21 | WARNING  | main | ⚠️ Tentative 1/3 échouée pour https://books.toscrape.com/catalogue/page-4.html. Erreur: HTTPSConnectionPool(host='books.toscrape.com', port=443): Max retries exceeded with url: /catalogue/page-4.html (Caused by NameResolutionError("HTTPSConnection(host='books.toscrape.com', port=443): Failed to resolve 'books.toscrape.com' ([Errno -2] Name or service not known)"))
2026-05-27 04:33:27 | WARNING  | main | ⚠️ Tentative 2/3 échouée pour https://books.toscrape.com/catalogue/page-4.html. Erreur: HTTPSConnectionPool(host='books.toscrape.com', port=443): Max retries exceeded with url: /catalogue/page-4.html (Caused by NameResolutionError("HTTPSConnection(host='books.toscrape.com', port=443): Failed to resolve 'books.toscrape.com' ([Errno -5] No address associated with hostname)"))
2026-05-27 04:33:31 | INFO     | main | 📑 Scan de la page : https://books.toscrape.com/catalogue/page-5.html
2026-05-27 04:33:32 | INFO     | main | 📑 Scan de la page : https://books.toscrape.com/catalogue/page-6.html
2026-05-27 04:33:32 | INFO     | main | 📑 Scan de la page : https://books.toscrape.com/catalogue/page-7.html
2026-05-27 04:33:33 | INFO     | main | 📑 Scan de la page : https://books.toscrape.com/catalogue/page-8.html
2026-05-27 04:33:34 | INFO     | main | 📑 Scan de la page : https://books.toscrape.com/catalogue/page-9.html
2026-05-27 04:33:35 | INFO     | main | 📑 Scan de la page : https://books.toscrape.com/catalogue/page-10.html
2026-05-27 04:33:36 | INFO     | main | 📑 Scan de la page : https://books.toscrape.com/catalogue/page-11.html
2026-05-27 04:51:50 | WARNING  | main | ⚠️ Tentative 1/3 échouée pour https://books.toscrape.com/catalogue/page-11.html. Erreur: HTTPSConnectionPool(host='books.toscrape.com', port=443): Read timed out. (read timeout=20)
2026-05-27 04:51:53 | INFO     | main | 📑 Scan de la page : https://books.toscrape.com/catalogue/page-12.html
2026-05-27 04:51:54 | INFO     | main | 📑 Scan de la page : https://books.toscrape.com/catalogue/page-13.html
2026-05-27 04:51:55 | INFO     | main | 📑 Scan de la page : https://books.toscrape.com/catalogue/page-14.html
2026-05-27 04:51:56 | INFO     | main | 📑 Scan de la page : https://books.toscrape.com/catalogue/page-15.html
2026-05-27 04:51:57 | INFO     | main | 📑 Scan de la page : https://books.toscrape.com/catalogue/page-16.html
2026-05-27 04:51:58 | INFO     | main | 📑 Scan de la page : https://books.toscrape.com/catalogue/page-17.html
2026-05-27 04:51:59 | INFO     | main | 📑 Scan de la page : https://books.toscrape.com/catalogue/page-18.html
2026-05-27 05:07:51 | WARNING  | main | ⚠️ Tentative 1/3 échouée pour https://books.toscrape.com/catalogue/page-18.html. Erreur: HTTPSConnectionPool(host='books.toscrape.com', port=443): Max retries exceeded with url: /catalogue/page-18.html (Caused by SSLError(SSLEOFError(8, '[SSL: UNEXPECTED_EOF_WHILE_READING] EOF occurred in violation of protocol (_ssl.c:1016)')))
2026-05-27 05:23:03 | INFO     | main | 📑 Scan de la page : https://books.toscrape.com/catalogue/page-19.html
2026-05-27 05:23:06 | INFO     | main | 📑 Scan de la page : https://books.toscrape.com/catalogue/page-20.html
2026-05-27 05:23:07 | INFO     | main | 📑 Scan de la page : https://books.toscrape.com/catalogue/page-21.html
2026-05-27 05:23:08 | INFO     | main | 📑 Scan de la page : https://books.toscrape.com/catalogue/page-22.html
2026-05-27 05:24:30 | WARNING  | main | ⚠️ Tentative 1/3 échouée pour https://books.toscrape.com/catalogue/page-22.html. Erreur: HTTPSConnectionPool(host='books.toscrape.com', port=443): Max retries exceeded with url: /catalogue/page-22.html (Caused by NameResolutionError("HTTPSConnection(host='books.toscrape.com', port=443): Failed to resolve 'books.toscrape.com' ([Errno -5] No address associated with hostname)"))
2026-05-27 05:24:33 | INFO     | main | 📑 Scan de la page : https://books.toscrape.com/catalogue/page-23.html
2026-05-27 05:24:34 | INFO     | main | 📑 Scan de la page : https://books.toscrape.com/catalogue/page-24.html
2026-05-27 05:24:35 | INFO     | main | 📑 Scan de la page : https://books.toscrape.com/catalogue/page-25.html
2026-05-27 05:24:36 | INFO     | main | 📑 Scan de la page : https://books.toscrape.com/catalogue/page-26.html
2026-05-27 05:42:40 | INFO     | main | 📑 Scan de la page : https://books.toscrape.com/catalogue/page-27.html
2026-05-27 05:42:41 | INFO     | main | 📑 Scan de la page : https://books.toscrape.com/catalogue/page-28.html
2026-05-27 05:42:42 | INFO     | main | 📑 Scan de la page : https://books.toscrape.com/catalogue/page-29.html
2026-05-27 05:42:43 | WARNING  | main | ⚠️ Tentative 1/3 échouée pour https://books.toscrape.com/catalogue/page-29.html. Erreur: ('Connection aborted.', RemoteDisconnected('Remote end closed connection without response'))
2026-05-27 05:42:53 | WARNING  | main | ⚠️ Tentative 2/3 échouée pour https://books.toscrape.com/catalogue/page-29.html. Erreur: HTTPSConnectionPool(host='books.toscrape.com', port=443): Max retries exceeded with url: /catalogue/page-29.html (Caused by NameResolutionError("HTTPSConnection(host='books.toscrape.com', port=443): Failed to resolve 'books.toscrape.com' ([Errno -5] No address associated with hostname)"))
2026-05-27 05:42:58 | INFO     | main | 📑 Scan de la page : https://books.toscrape.com/catalogue/page-30.html
2026-05-27 05:42:59 | INFO     | main | 📑 Scan de la page : https://books.toscrape.com/catalogue/page-31.html
2026-05-27 05:43:00 | INFO     | main | 📑 Scan de la page : https://books.toscrape.com/catalogue/page-32.html
2026-05-27 06:25:23 | WARNING  | main | ⚠️ Tentative 1/3 échouée pour https://books.toscrape.com/catalogue/page-32.html. Erreur: HTTPSConnectionPool(host='books.toscrape.com', port=443): Read timed out. (read timeout=20)
2026-05-27 06:25:30 | WARNING  | main | ⚠️ Tentative 2/3 échouée pour https://books.toscrape.com/catalogue/page-32.html. Erreur: HTTPSConnectionPool(host='books.toscrape.com', port=443): Max retries exceeded with url: /catalogue/page-32.html (Caused by NameResolutionError("HTTPSConnection(host='books.toscrape.com', port=443): Failed to resolve 'books.toscrape.com' ([Errno -5] No address associated with hostname)"))
2026-05-27 06:25:43 | WARNING  | main | ⚠️ Tentative 3/3 échouée pour https://books.toscrape.com/catalogue/page-32.html. Erreur: HTTPSConnectionPool(host='books.toscrape.com', port=443): Max retries exceeded with url: /catalogue/page-32.html (Caused by NewConnectionError("HTTPSConnection(host='books.toscrape.com', port=443): Failed to establish a new connection: [Errno 111] Connection refused"))
2026-05-27 06:25:45 | INFO     | main | 📑 Scan de la page : https://books.toscrape.com/catalogue/page-33.html
2026-05-27 06:25:47 | INFO     | main | 📑 Scan de la page : https://books.toscrape.com/catalogue/page-34.html
2026-05-27 06:25:48 | WARNING  | main | ⚠️ Tentative 1/3 échouée pour https://books.toscrape.com/catalogue/page-34.html. Erreur: HTTPSConnectionPool(host='books.toscrape.com', port=443): Max retries exceeded with url: /catalogue/page-34.html (Caused by NameResolutionError("HTTPSConnection(host='books.toscrape.com', port=443): Failed to resolve 'books.toscrape.com' ([Errno -2] Name or service not known)"))
2026-05-27 06:25:50 | INFO     | main | 📑 Scan de la page : https://books.toscrape.com/catalogue/page-35.html
2026-05-27 06:59:52 | INFO     | main | 📑 Scan de la page : https://books.toscrape.com/catalogue/page-36.html
2026-05-27 07:00:00 | WARNING  | main | ⚠️ Tentative 1/3 échouée pour https://books.toscrape.com/catalogue/page-36.html. Erreur: HTTPSConnectionPool(host='books.toscrape.com', port=443): Max retries exceeded with url: /catalogue/page-36.html (Caused by NameResolutionError("HTTPSConnection(host='books.toscrape.com', port=443): Failed to resolve 'books.toscrape.com' ([Errno -5] No address associated with hostname)"))
2026-05-27 07:13:30 | WARNING  | main | ⚠️ Tentative 2/3 échouée pour https://books.toscrape.com/catalogue/page-36.html. Erreur: HTTPSConnectionPool(host='books.toscrape.com', port=443): Max retries exceeded with url: /catalogue/page-36.html (Caused by NameResolutionError("HTTPSConnection(host='books.toscrape.com', port=443): Failed to resolve 'books.toscrape.com' ([Errno -2] Name or service not known)"))
2026-05-27 07:13:32 | WARNING  | main | ⚠️ Tentative 3/3 échouée pour https://books.toscrape.com/catalogue/page-36.html. Erreur: HTTPSConnectionPool(host='books.toscrape.com', port=443): Max retries exceeded with url: /catalogue/page-36.html (Caused by NameResolutionError("HTTPSConnection(host='books.toscrape.com', port=443): Failed to resolve 'books.toscrape.com' ([Errno -2] Name or service not known)"))
2026-05-27 07:13:34 | INFO     | main | 📑 Scan de la page : https://books.toscrape.com/catalogue/page-37.html
2026-05-27 07:13:34 | WARNING  | main | ⚠️ Tentative 1/3 échouée pour https://books.toscrape.com/catalogue/page-37.html. Erreur: HTTPSConnectionPool(host='books.toscrape.com', port=443): Max retries exceeded with url: /catalogue/page-37.html (Caused by NameResolutionError("HTTPSConnection(host='books.toscrape.com', port=443): Failed to resolve 'books.toscrape.com' ([Errno -2] Name or service not known)"))
2026-05-27 07:13:36 | WARNING  | main | ⚠️ Tentative 2/3 échouée pour https://books.toscrape.com/catalogue/page-37.html. Erreur: HTTPSConnectionPool(host='books.toscrape.com', port=443): Max retries exceeded with url: /catalogue/page-37.html (Caused by NameResolutionError("HTTPSConnection(host='books.toscrape.com', port=443): Failed to resolve 'books.toscrape.com' ([Errno -2] Name or service not known)"))
2026-05-27 07:13:38 | WARNING  | main | ⚠️ Tentative 3/3 échouée pour https://books.toscrape.com/catalogue/page-37.html. Erreur: HTTPSConnectionPool(host='books.toscrape.com', port=443): Max retries exceeded with url: /catalogue/page-37.html (Caused by NameResolutionError("HTTPSConnection(host='books.toscrape.com', port=443): Failed to resolve 'books.toscrape.com' ([Errno -2] Name or service not known)"))
2026-05-27 07:13:40 | INFO     | main | 📑 Scan de la page : https://books.toscrape.com/catalogue/page-38.html
2026-05-27 07:13:40 | WARNING  | main | ⚠️ Tentative 1/3 échouée pour https://books.toscrape.com/catalogue/page-38.html. Erreur: HTTPSConnectionPool(host='books.toscrape.com', port=443): Max retries exceeded with url: /catalogue/page-38.html (Caused by NameResolutionError("HTTPSConnection(host='books.toscrape.com', port=443): Failed to resolve 'books.toscrape.com' ([Errno -2] Name or service not known)"))
2026-05-27 07:13:42 | WARNING  | main | ⚠️ Tentative 2/3 échouée pour https://books.toscrape.com/catalogue/page-38.html. Erreur: HTTPSConnectionPool(host='books.toscrape.com', port=443): Max retries exceeded with url: /catalogue/page-38.html (Caused by NameResolutionError("HTTPSConnection(host='books.toscrape.com', port=443): Failed to resolve 'books.toscrape.com' ([Errno -2] Name or service not known)"))
2026-05-27 07:13:44 | WARNING  | main | ⚠️ Tentative 3/3 échouée pour https://books.toscrape.com/catalogue/page-38.html. Erreur: HTTPSConnectionPool(host='books.toscrape.com', port=443): Max retries exceeded with url: /catalogue/page-38.html (Caused by NameResolutionError("HTTPSConnection(host='books.toscrape.com', port=443): Failed to resolve 'books.toscrape.com' ([Errno -2] Name or service not known)"))
2026-05-27 07:13:46 | ERROR    | main | 🛑 Connexion perdue. Arrêt du scan.
2026-05-27 07:13:46 | WARNING  | main | ⚠️ Tentative 1/3 échouée pour https://books.toscrape.com/catalogue/kierkegaard-a-christian-missionary-to-christians_527/index.html. Erreur: HTTPSConnectionPool(host='books.toscrape.com', port=443): Max retries exceeded with url: /catalogue/kierkegaard-a-christian-missionary-to-christians_527/index.html (Caused by NameResolutionError("HTTPSConnection(host='books.toscrape.com', port=443): Failed to resolve 'books.toscrape.com' ([Errno -2] Name or service not known)"))
2026-05-27 07:13:48 | WARNING  | main | ⚠️ Tentative 2/3 échouée pour https://books.toscrape.com/catalogue/kierkegaard-a-christian-missionary-to-christians_527/index.html. Erreur: HTTPSConnectionPool(host='books.toscrape.com', port=443): Max retries exceeded with url: /catalogue/kierkegaard-a-christian-missionary-to-christians_527/index.html (Caused by NameResolutionError("HTTPSConnection(host='books.toscrape.com', port=443): Failed to resolve 'books.toscrape.com' ([Errno -2] Name or service not known)"))
2026-05-27 07:13:50 | WARNING  | main | ⚠️ Tentative 3/3 échouée pour https://books.toscrape.com/catalogue/kierkegaard-a-christian-missionary-to-christians_527/index.html. Erreur: HTTPSConnectionPool(host='books.toscrape.com', port=443): Max retries exceeded with url: /catalogue/kierkegaard-a-christian-missionary-to-christians_527/index.html (Caused by NameResolutionError("HTTPSConnection(host='books.toscrape.com', port=443): Failed to resolve 'books.toscrape.com' ([Errno -2] Name or service not known)"))
2026-05-27 07:13:52 | WARNING  | main | ⚠️ Tentative 1/3 échouée pour https://books.toscrape.com/catalogue/without-shame_580/index.html. Erreur: HTTPSConnectionPool(host='books.toscrape.com', port=443): Max retries exceeded with url: /catalogue/without-shame_580/index.html (Caused by NameResolutionError("HTTPSConnection(host='books.toscrape.com', port=443): Failed to resolve 'books.toscrape.com' ([Errno -2] Name or service not known)"))
2026-05-27 07:13:54 | WARNING  | main | ⚠️ Tentative 2/3 échouée pour https://books.toscrape.com/catalogue/without-shame_580/index.html. Erreur: HTTPSConnectionPool(host='books.toscrape.com', port=443): Max retries exceeded with url: /catalogue/without-shame_580/index.html (Caused by NameResolutionError("HTTPSConnection(host='books.toscrape.com', port=443): Failed to resolve 'books.toscrape.com' ([Errno -2] Name or service not known)"))
2026-05-27 07:13:56 | WARNING  | main | ⚠️ Tentative 3/3 échouée pour https://books.toscrape.com/catalogue/without-shame_580/index.html. Erreur: HTTPSConnectionPool(host='books.toscrape.com', port=443): Max retries exceeded with url: /catalogue/without-shame_580/index.html (Caused by NameResolutionError("HTTPSConnection(host='books.toscrape.com', port=443): Failed to resolve 'books.toscrape.com' ([Errno -2] Name or service not known)"))
2026-05-27 07:15:14 | WARNING  | main | ⚠️ Tentative 1/3 échouée pour https://books.toscrape.com/catalogue/hold-your-breath-search-and-rescue-1_700/index.html. Erreur: HTTPSConnectionPool(host='books.toscrape.com', port=443): Max retries exceeded with url: /catalogue/hold-your-breath-search-and-rescue-1_700/index.html (Caused by NameResolutionError("HTTPSConnection(host='books.toscrape.com', port=443): Failed to resolve 'books.toscrape.com' ([Errno -2] Name or service not known)"))
2026-05-27 07:15:16 | WARNING  | main | ⚠️ Tentative 2/3 échouée pour https://books.toscrape.com/catalogue/hold-your-breath-search-and-rescue-1_700/index.html. Erreur: HTTPSConnectionPool(host='books.toscrape.com', port=443): Max retries exceeded with url: /catalogue/hold-your-breath-search-and-rescue-1_700/index.html (Caused by NameResolutionError("HTTPSConnection(host='books.toscrape.com', port=443): Failed to resolve 'books.toscrape.com' ([Errno -2] Name or service not known)"))
2026-05-27 07:15:18 | WARNING  | main | ⚠️ Tentative 3/3 échouée pour https://books.toscrape.com/catalogue/hold-your-breath-search-and-rescue-1_700/index.html. Erreur: HTTPSConnectionPool(host='books.toscrape.com', port=443): Max retries exceeded with url: /catalogue/hold-your-breath-search-and-rescue-1_700/index.html (Caused by NameResolutionError("HTTPSConnection(host='books.toscrape.com', port=443): Failed to resolve 'books.toscrape.com' ([Errno -2] Name or service not known)"))
2026-05-27 07:15:20 | WARNING  | main | ⚠️ Tentative 1/3 échouée pour https://books.toscrape.com/catalogue/the-dirty-little-secrets-of-getting-your-dream-job_994/index.html. Erreur: HTTPSConnectionPool(host='books.toscrape.com', port=443): Max retries exceeded with url: /catalogue/the-dirty-little-secrets-of-getting-your-dream-job_994/index.html (Caused by NameResolutionError("HTTPSConnection(host='books.toscrape.com', port=443): Failed to resolve 'books.toscrape.com' ([Errno -2] Name or service not known)"))
2026-05-27 07:15:22 | WARNING  | main | ⚠️ Tentative 2/3 échouée pour https://books.toscrape.com/catalogue/the-dirty-little-secrets-of-getting-your-dream-job_994/index.html. Erreur: HTTPSConnectionPool(host='books.toscrape.com', port=443): Max retries exceeded with url: /catalogue/the-dirty-little-secrets-of-getting-your-dream-job_994/index.html (Caused by NameResolutionError("HTTPSConnection(host='books.toscrape.com', port=443): Failed to resolve 'books.toscrape.com' ([Errno -2] Name or service not known)"))
2026-05-27 07:15:24 | WARNING  | main | ⚠️ Tentative 3/3 échouée pour https://books.toscrape.com/catalogue/the-dirty-little-secrets-of-getting-your-dream-job_994/index.html. Erreur: HTTPSConnectionPool(host='books.toscrape.com', port=443): Max retries exceeded with url: /catalogue/the-dirty-little-secrets-of-getting-your-dream-job_994/index.html (Caused by NameResolutionError("HTTPSConnection(host='books.toscrape.com', port=443): Failed to resolve 'books.toscrape.com' ([Errno -2] Name or service not known)"))
2026-05-27 07:15:26 | WARNING  | main | ⚠️ Tentative 1/3 échouée pour https://books.toscrape.com/catalogue/how-to-speak-golf-an-illustrated-guide-to-links-lingo_621/index.html. Erreur: HTTPSConnectionPool(host='books.toscrape.com', port=443): Max retries exceeded with url: /catalogue/how-to-speak-golf-an-illustrated-guide-to-links-lingo_621/index.html (Caused by NameResolutionError("HTTPSConnection(host='books.toscrape.com', port=443): Failed to resolve 'books.toscrape.com' ([Errno -2] Name or service not known)"))
2026-05-27 07:15:28 | WARNING  | main | ⚠️ Tentative 2/3 échouée pour https://books.toscrape.com/catalogue/how-to-speak-golf-an-illustrated-guide-to-links-lingo_621/index.html. Erreur: HTTPSConnectionPool(host='books.toscrape.com', port=443): Max retries exceeded with url: /catalogue/how-to-speak-golf-an-illustrated-guide-to-links-lingo_621/index.html (Caused by NameResolutionError("HTTPSConnection(host='books.toscrape.com', port=443): Failed to resolve 'books.toscrape.com' ([Errno -2] Name or service not known)"))
2026-05-27 07:15:30 | WARNING  | main | ⚠️ Tentative 3/3 échouée pour https://books.toscrape.com/catalogue/how-to-speak-golf-an-illustrated-guide-to-links-lingo_621/index.html. Erreur: HTTPSConnectionPool(host='books.toscrape.com', port=443): Max retries exceeded with url: /catalogue/how-to-speak-golf-an-illustrated-guide-to-links-lingo_621/index.html (Caused by NameResolutionError("HTTPSConnection(host='books.toscrape.com', port=443): Failed to resolve 'books.toscrape.com' ([Errno -2] Name or service not known)"))
2026-05-27 07:15:32 | WARNING  | __main__ | 🚫 Pipeline arrêté : le scraping n'a généré aucun résultat.
2026-05-28 03:57:07 | INFO     | __main__ | 🚀 Démarrage du pipeline de scraping...
2026-05-28 03:57:07 | INFO     | main | 📑 Scan de la page : https://books.toscrape.com/catalogue/page-1.html
2026-05-28 03:57:08 | INFO     | main | 📑 Scan de la page : https://books.toscrape.com/catalogue/page-2.html
2026-05-28 03:57:14 | INFO     | main | 📑 Scan de la page : https://books.toscrape.com/catalogue/page-3.html
2026-05-28 04:30:11 | INFO     | main | 📑 Scan de la page : https://books.toscrape.com/catalogue/page-4.html
2026-05-28 04:30:12 | INFO     | main | 📑 Scan de la page : https://books.toscrape.com/catalogue/page-5.html
2026-05-28 04:30:13 | INFO     | main | 📑 Scan de la page : https://books.toscrape.com/catalogue/page-6.html
2026-05-28 04:30:14 | INFO     | main | 📑 Scan de la page : https://books.toscrape.com/catalogue/page-7.html
2026-05-28 04:30:14 | INFO     | main | 📑 Scan de la page : https://books.toscrape.com/catalogue/page-8.html
2026-05-28 04:30:15 | INFO     | main | 📑 Scan de la page : https://books.toscrape.com/catalogue/page-9.html
2026-05-28 04:30:23 | WARNING  | main | ⚠️ Tentative 1/3 échouée pour https://books.toscrape.com/catalogue/page-9.html. Erreur: HTTPSConnectionPool(host='books.toscrape.com', port=443): Max retries exceeded with url: /catalogue/page-9.html (Caused by NameResolutionError("HTTPSConnection(host='books.toscrape.com', port=443): Failed to resolve 'books.toscrape.com' ([Errno -5] No address associated with hostname)"))
2026-05-28 04:30:26 | INFO     | main | 📑 Scan de la page : https://books.toscrape.com/catalogue/page-10.html
2026-05-28 04:46:34 | WARNING  | main | ⚠️ Tentative 1/3 échouée pour https://books.toscrape.com/catalogue/page-10.html. Erreur: HTTPSConnectionPool(host='books.toscrape.com', port=443): Max retries exceeded with url: /catalogue/page-10.html (Caused by SSLError(SSLEOFError(8, '[SSL: UNEXPECTED_EOF_WHILE_READING] EOF occurred in violation of protocol (_ssl.c:1016)')))
2026-05-28 04:46:40 | WARNING  | main | ⚠️ Tentative 2/3 échouée pour https://books.toscrape.com/catalogue/page-10.html. Erreur: HTTPSConnectionPool(host='books.toscrape.com', port=443): Max retries exceeded with url: /catalogue/page-10.html (Caused by NewConnectionError("HTTPSConnection(host='books.toscrape.com', port=443): Failed to establish a new connection: [Errno 111] Connection refused"))
2026-05-28 05:20:24 | INFO     | main | 📑 Scan de la page : https://books.toscrape.com/catalogue/page-11.html
2026-05-28 05:20:24 | INFO     | main | 📑 Scan de la page : https://books.toscrape.com/catalogue/page-12.html
2026-05-28 05:20:25 | INFO     | main | 📑 Scan de la page : https://books.toscrape.com/catalogue/page-13.html
2026-05-28 05:20:26 | INFO     | main | 📑 Scan de la page : https://books.toscrape.com/catalogue/page-14.html
2026-05-28 05:20:30 | INFO     | main | 📑 Scan de la page : https://books.toscrape.com/catalogue/page-15.html
2026-05-28 05:20:31 | INFO     | main | 📑 Scan de la page : https://books.toscrape.com/catalogue/page-16.html
2026-05-28 05:20:33 | INFO     | main | 📑 Scan de la page : https://books.toscrape.com/catalogue/page-17.html
2026-05-28 05:20:35 | INFO     | main | 📑 Scan de la page : https://books.toscrape.com/catalogue/page-18.html
2026-05-28 05:20:36 | INFO     | main | 📑 Scan de la page : https://books.toscrape.com/catalogue/page-19.html
2026-05-28 05:20:37 | INFO     | main | 📑 Scan de la page : https://books.toscrape.com/catalogue/page-20.html
2026-05-28 05:20:38 | INFO     | main | 📑 Scan de la page : https://books.toscrape.com/catalogue/page-21.html
2026-05-28 05:20:39 | INFO     | main | 📑 Scan de la page : https://books.toscrape.com/catalogue/page-22.html
2026-05-28 05:20:41 | INFO     | main | 📑 Scan de la page : https://books.toscrape.com/catalogue/page-23.html
2026-05-28 05:20:42 | INFO     | main | 📑 Scan de la page : https://books.toscrape.com/catalogue/page-24.html
2026-05-28 05:20:44 | INFO     | main | 📑 Scan de la page : https://books.toscrape.com/catalogue/page-25.html
2026-05-28 05:20:45 | INFO     | main | 📑 Scan de la page : https://books.toscrape.com/catalogue/page-26.html
2026-05-28 05:20:45 | INFO     | main | 📑 Scan de la page : https://books.toscrape.com/catalogue/page-27.html
2026-05-28 06:09:39 | WARNING  | main | ⚠️ Tentative 1/3 échouée pour https://books.toscrape.com/catalogue/page-27.html. Erreur: HTTPSConnectionPool(host='books.toscrape.com', port=443): Read timed out. (read timeout=20)
2026-05-28 06:27:24 | INFO     | main | 📑 Scan de la page : https://books.toscrape.com/catalogue/page-28.html
2026-05-28 06:27:30 | INFO     | main | 📑 Scan de la page : https://books.toscrape.com/catalogue/page-29.html
2026-05-28 06:27:32 | INFO     | main | 📑 Scan de la page : https://books.toscrape.com/catalogue/page-30.html
2026-05-28 06:27:33 | INFO     | main | 📑 Scan de la page : https://books.toscrape.com/catalogue/page-31.html
2026-05-28 06:27:35 | INFO     | main | 📑 Scan de la page : https://books.toscrape.com/catalogue/page-32.html
2026-05-28 06:27:36 | INFO     | main | 📑 Scan de la page : https://books.toscrape.com/catalogue/page-33.html
2026-05-28 06:27:39 | INFO     | main | 📑 Scan de la page : https://books.toscrape.com/catalogue/page-34.html
2026-05-28 06:27:40 | INFO     | main | 📑 Scan de la page : https://books.toscrape.com/catalogue/page-35.html
2026-05-28 06:27:41 | INFO     | main | 📑 Scan de la page : https://books.toscrape.com/catalogue/page-36.html
2026-05-28 06:27:42 | INFO     | main | 📑 Scan de la page : https://books.toscrape.com/catalogue/page-37.html
2026-05-28 06:27:43 | INFO     | main | 📑 Scan de la page : https://books.toscrape.com/catalogue/page-38.html
2026-05-28 06:27:43 | INFO     | main | 📑 Scan de la page : https://books.toscrape.com/catalogue/page-39.html
2026-05-28 07:04:31 | WARNING  | main | ⚠️ Tentative 1/3 échouée pour https://books.toscrape.com/catalogue/page-39.html. Erreur: HTTPSConnectionPool(host='books.toscrape.com', port=443): Read timed out. (read timeout=20)
2026-05-28 07:04:34 | INFO     | main | 📑 Scan de la page : https://books.toscrape.com/catalogue/page-40.html
2026-05-28 07:04:35 | INFO     | main | 📑 Scan de la page : https://books.toscrape.com/catalogue/page-41.html
2026-05-28 07:04:37 | INFO     | main | 📑 Scan de la page : https://books.toscrape.com/catalogue/page-42.html
2026-05-28 07:04:37 | INFO     | main | 📑 Scan de la page : https://books.toscrape.com/catalogue/page-43.html
2026-05-28 07:20:03 | INFO     | main | 📑 Scan de la page : https://books.toscrape.com/catalogue/page-44.html
2026-05-28 07:20:04 | INFO     | main | 📑 Scan de la page : https://books.toscrape.com/catalogue/page-45.html
2026-05-28 07:20:09 | INFO     | main | 📑 Scan de la page : https://books.toscrape.com/catalogue/page-46.html
2026-05-28 07:20:10 | INFO     | main | 📑 Scan de la page : https://books.toscrape.com/catalogue/page-47.html
2026-05-28 07:20:12 | INFO     | main | 📑 Scan de la page : https://books.toscrape.com/catalogue/page-48.html
2026-05-28 07:20:13 | INFO     | main | 📑 Scan de la page : https://books.toscrape.com/catalogue/page-49.html
2026-05-28 07:20:13 | INFO     | main | 📑 Scan de la page : https://books.toscrape.com/catalogue/page-50.html
2026-05-28 07:20:15 | INFO     | main | 📑 Scan de la page : https://books.toscrape.com/catalogue/page-51.html
2026-05-28 07:20:16 | INFO     | main | 🏁 Fin du catalogue atteinte (Page 404). Passage au scraping...
2026-05-28 07:20:19 | INFO     | main | ✅ The Help Yourself Cookbook for Kids: 60 Easy Plant-Based Recipes Kids Can Make to Stay Healthy and Save the Earth
2026-05-28 07:20:19 | INFO     | main | ✅ Beauty Restored (Riley Family Legacy Novellas #3)
2026-05-28 07:20:20 | INFO     | main | ✅ #HigherSelfie: Wake Up Your Life. Free Your Soul. Find Your Tribe.
2026-05-28 07:20:20 | INFO     | main | ✅ What's It Like in Space?: Stories from Astronauts Who've Been There
2026-05-28 07:20:22 | INFO     | main | ✅ Miss Peregrine’s Home for Peculiar Children (Miss Peregrine’s Peculiar Children #1)
2026-05-28 07:20:22 | INFO     | transform | 📊 5 lignes ajoutées avec succès dans data/books.csv
2026-05-28 07:20:22 | INFO     | __main__ | 🎉 Pipeline terminé avec succès.
2026-05-29 03:22:40 | INFO     | __main__ | 🚀 Démarrage du pipeline de scraping...
2026-05-29 03:22:40 | INFO     | main | 📑 Scan de la page : https://books.toscrape.com/catalogue/page-1.html
2026-05-29 03:22:46 | INFO     | main | 📑 Scan de la page : https://books.toscrape.com/catalogue/page-2.html
2026-05-29 03:55:02 | WARNING  | main | ⚠️ Tentative 1/3 échouée pour https://books.toscrape.com/catalogue/page-2.html. Erreur: ('Connection aborted.', RemoteDisconnected('Remote end closed connection without response'))
2026-05-29 03:55:12 | WARNING  | main | ⚠️ Tentative 2/3 échouée pour https://books.toscrape.com/catalogue/page-2.html. Erreur: HTTPSConnectionPool(host='books.toscrape.com', port=443): Max retries exceeded with url: /catalogue/page-2.html (Caused by NameResolutionError("HTTPSConnection(host='books.toscrape.com', port=443): Failed to resolve 'books.toscrape.com' ([Errno -5] No address associated with hostname)"))
2026-05-29 03:55:18 | INFO     | main | 📑 Scan de la page : https://books.toscrape.com/catalogue/page-3.html
2026-05-29 04:06:53 | INFO     | main | 📑 Scan de la page : https://books.toscrape.com/catalogue/page-4.html
2026-05-29 04:06:54 | INFO     | main | 📑 Scan de la page : https://books.toscrape.com/catalogue/page-5.html
2026-05-29 04:24:01 | INFO     | main | 📑 Scan de la page : https://books.toscrape.com/catalogue/page-6.html
2026-05-29 04:24:02 | INFO     | main | 📑 Scan de la page : https://books.toscrape.com/catalogue/page-7.html
2026-05-29 04:24:07 | INFO     | main | 📑 Scan de la page : https://books.toscrape.com/catalogue/page-8.html
2026-05-29 04:24:08 | INFO     | main | 📑 Scan de la page : https://books.toscrape.com/catalogue/page-9.html
2026-05-29 04:24:08 | INFO     | main | 📑 Scan de la page : https://books.toscrape.com/catalogue/page-10.html
2026-05-29 04:24:09 | INFO     | main | 📑 Scan de la page : https://books.toscrape.com/catalogue/page-11.html
2026-05-29 04:24:12 | INFO     | main | 📑 Scan de la page : https://books.toscrape.com/catalogue/page-12.html
2026-05-29 04:24:13 | INFO     | main | 📑 Scan de la page : https://books.toscrape.com/catalogue/page-13.html
2026-05-29 04:24:14 | INFO     | main | 📑 Scan de la page : https://books.toscrape.com/catalogue/page-14.html
2026-05-29 04:24:14 | INFO     | main | 📑 Scan de la page : https://books.toscrape.com/catalogue/page-15.html
2026-05-29 04:24:15 | INFO     | main | 📑 Scan de la page : https://books.toscrape.com/catalogue/page-16.html
2026-05-29 04:41:29 | WARNING  | main | ⚠️ Tentative 1/3 échouée pour https://books.toscrape.com/catalogue/page-16.html. Erreur: HTTPSConnectionPool(host='books.toscrape.com', port=443): Read timed out. (read timeout=20)
2026-05-29 04:41:33 | INFO     | main | 📑 Scan de la page : https://books.toscrape.com/catalogue/page-17.html
2026-05-29 04:41:34 | INFO     | main | 📑 Scan de la page : https://books.toscrape.com/catalogue/page-18.html
2026-05-29 04:41:35 | INFO     | main | 📑 Scan de la page : https://books.toscrape.com/catalogue/page-19.html
2026-05-29 04:41:36 | INFO     | main | 📑 Scan de la page : https://books.toscrape.com/catalogue/page-20.html
2026-05-29 04:41:37 | INFO     | main | 📑 Scan de la page : https://books.toscrape.com/catalogue/page-21.html
2026-05-29 05:08:04 | WARNING  | main | ⚠️ Tentative 1/3 échouée pour https://books.toscrape.com/catalogue/page-21.html. Erreur: HTTPSConnectionPool(host='books.toscrape.com', port=443): Read timed out. (read timeout=20)
2026-05-29 05:08:14 | WARNING  | main | ⚠️ Tentative 2/3 échouée pour https://books.toscrape.com/catalogue/page-21.html. Erreur: HTTPSConnectionPool(host='books.toscrape.com', port=443): Max retries exceeded with url: /catalogue/page-21.html (Caused by NameResolutionError("HTTPSConnection(host='books.toscrape.com', port=443): Failed to resolve 'books.toscrape.com' ([Errno -5] No address associated with hostname)"))
2026-05-29 05:08:17 | INFO     | main | 📑 Scan de la page : https://books.toscrape.com/catalogue/page-22.html
2026-05-29 05:08:18 | INFO     | main | 📑 Scan de la page : https://books.toscrape.com/catalogue/page-23.html
2026-05-29 05:08:19 | INFO     | main | 📑 Scan de la page : https://books.toscrape.com/catalogue/page-24.html
2026-05-29 05:08:20 | INFO     | main | 📑 Scan de la page : https://books.toscrape.com/catalogue/page-25.html
2026-05-29 05:08:21 | INFO     | main | 📑 Scan de la page : https://books.toscrape.com/catalogue/page-26.html
2026-05-29 05:08:22 | INFO     | main | 📑 Scan de la page : https://books.toscrape.com/catalogue/page-27.html
2026-05-29 05:08:23 | INFO     | main | 📑 Scan de la page : https://books.toscrape.com/catalogue/page-28.html
2026-05-29 05:08:23 | INFO     | main | 📑 Scan de la page : https://books.toscrape.com/catalogue/page-29.html
2026-05-29 05:08:24 | INFO     | main | 📑 Scan de la page : https://books.toscrape.com/catalogue/page-30.html
2026-05-29 05:08:25 | INFO     | main | 📑 Scan de la page : https://books.toscrape.com/catalogue/page-31.html
2026-05-29 05:08:25 | INFO     | main | 📑 Scan de la page : https://books.toscrape.com/catalogue/page-32.html
2026-05-29 05:08:26 | INFO     | main | 📑 Scan de la page : https://books.toscrape.com/catalogue/page-33.html
2026-05-29 05:08:26 | INFO     | main | 📑 Scan de la page : https://books.toscrape.com/catalogue/page-34.html
2026-05-29 05:08:27 | INFO     | main | 📑 Scan de la page : https://books.toscrape.com/catalogue/page-35.html
2026-05-29 05:08:28 | INFO     | main | 📑 Scan de la page : https://books.toscrape.com/catalogue/page-36.html
2026-05-29 05:08:28 | INFO     | main | 📑 Scan de la page : https://books.toscrape.com/catalogue/page-37.html
2026-05-29 05:08:29 | INFO     | main | 📑 Scan de la page : https://books.toscrape.com/catalogue/page-38.html
2026-05-29 05:08:29 | INFO     | main | 📑 Scan de la page : https://books.toscrape.com/catalogue/page-39.html
2026-05-29 06:08:58 | WARNING  | main | ⚠️ Tentative 1/3 échouée pour https://books.toscrape.com/catalogue/page-39.html. Erreur: HTTPSConnectionPool(host='books.toscrape.com', port=443): Read timed out. (read timeout=20)
2026-05-29 06:09:02 | INFO     | main | 📑 Scan de la page : https://books.toscrape.com/catalogue/page-40.html
2026-05-29 06:09:02 | INFO     | main | 📑 Scan de la page : https://books.toscrape.com/catalogue/page-41.html
2026-05-29 06:09:03 | INFO     | main | 📑 Scan de la page : https://books.toscrape.com/catalogue/page-42.html
2026-05-29 06:09:04 | INFO     | main | 📑 Scan de la page : https://books.toscrape.com/catalogue/page-43.html
2026-05-29 06:09:11 | WARNING  | main | ⚠️ Tentative 1/3 échouée pour https://books.toscrape.com/catalogue/page-43.html. Erreur: HTTPSConnectionPool(host='books.toscrape.com', port=443): Max retries exceeded with url: /catalogue/page-43.html (Caused by NameResolutionError("HTTPSConnection(host='books.toscrape.com', port=443): Failed to resolve 'books.toscrape.com' ([Errno -5] No address associated with hostname)"))
2026-05-29 06:09:14 | INFO     | main | 📑 Scan de la page : https://books.toscrape.com/catalogue/page-44.html
2026-05-29 06:27:16 | WARNING  | main | ⚠️ Tentative 1/3 échouée pour https://books.toscrape.com/catalogue/page-44.html. Erreur: HTTPSConnectionPool(host='books.toscrape.com', port=443): Max retries exceeded with url: /catalogue/page-44.html (Caused by SSLError(SSLEOFError(8, '[SSL: UNEXPECTED_EOF_WHILE_READING] EOF occurred in violation of protocol (_ssl.c:1016)')))
2026-05-29 06:27:19 | INFO     | main | 📑 Scan de la page : https://books.toscrape.com/catalogue/page-45.html
2026-05-29 06:27:20 | INFO     | main | 📑 Scan de la page : https://books.toscrape.com/catalogue/page-46.html
2026-05-29 06:27:20 | INFO     | main | 📑 Scan de la page : https://books.toscrape.com/catalogue/page-47.html
2026-05-29 06:34:00 | INFO     | main | 📑 Scan de la page : https://books.toscrape.com/catalogue/page-48.html
2026-05-29 06:34:01 | INFO     | main | 📑 Scan de la page : https://books.toscrape.com/catalogue/page-49.html
2026-05-29 06:34:01 | INFO     | main | 📑 Scan de la page : https://books.toscrape.com/catalogue/page-50.html
2026-05-29 06:34:02 | INFO     | main | 📑 Scan de la page : https://books.toscrape.com/catalogue/page-51.html
2026-05-29 06:34:02 | INFO     | main | 🏁 Fin du catalogue atteinte (Page 404). Passage au scraping...
2026-05-29 06:34:02 | INFO     | main | ✅ Cravings: Recipes for What You Want to Eat
2026-05-29 06:34:03 | INFO     | main | ✅ Miracles from Heaven: A Little Girl, Her Journey to Heaven, and Her Amazing Story of Healing
2026-05-29 06:34:03 | INFO     | main | ✅ The Kite Runner
2026-05-29 06:34:03 | INFO     | main | ✅ The Wicked + The Divine, Vol. 3: Commercial Suicide (The Wicked + The Divine)
2026-05-29 06:34:04 | INFO     | main | ✅ Hold Your Breath (Search and Rescue #1)
2026-05-29 06:34:04 | INFO     | transform | 📊 5 lignes ajoutées avec succès dans data/books.csv
2026-05-29 06:34:04 | INFO     | __main__ | 🎉 Pipeline terminé avec succès.
