2026-05-19 10:03:01 | WARNING  | main | ⚠️ Tentative 1/3 échouée pour https://books.toscrape.com/catalogue/the-lonely-ones_261/index.html. Erreur: HTTPSConnectionPool(host='books.toscrape.com', port=443): Read timed out. (read timeout=10)
2026-05-19 10:03:13 | WARNING  | main | ⚠️ Tentative 2/3 échouée pour https://books.toscrape.com/catalogue/the-lonely-ones_261/index.html. Erreur: HTTPSConnectionPool(host='books.toscrape.com', port=443): Max retries exceeded with url: /catalogue/the-lonely-ones_261/index.html (Caused by ConnectTimeoutError(<HTTPSConnection(host='books.toscrape.com', port=443) at 0xffff9ecf2490>, 'Connection to books.toscrape.com timed out. (connect timeout=10)'))
2026-05-19 10:03:15 | WARNING  | main | ⚠️ Tentative 3/3 échouée pour https://books.toscrape.com/catalogue/the-lonely-ones_261/index.html. Erreur: HTTPSConnectionPool(host='books.toscrape.com', port=443): Max retries exceeded with url: /catalogue/the-lonely-ones_261/index.html (Caused by NameResolutionError("HTTPSConnection(host='books.toscrape.com', port=443): Failed to resolve 'books.toscrape.com' ([Errno -2] Name or service not known)"))
2026-05-19 10:03:17 | WARNING  | main | ⚠️ Tentative 1/3 échouée pour https://books.toscrape.com/catalogue/the-five-love-languages-how-to-express-heartfelt-commitment-to-your-mate_969/index.html. Erreur: HTTPSConnectionPool(host='books.toscrape.com', port=443): Max retries exceeded with url: /catalogue/the-five-love-languages-how-to-express-heartfelt-commitment-to-your-mate_969/index.html (Caused by NameResolutionError("HTTPSConnection(host='books.toscrape.com', port=443): Failed to resolve 'books.toscrape.com' ([Errno -2] Name or service not known)"))
2026-05-19 10:03:37 | WARNING  | main | ⚠️ Tentative 1/3 échouée pour https://books.toscrape.com/catalogue/the-raven-king-the-raven-cycle-4_412/index.html. Erreur: HTTPSConnectionPool(host='books.toscrape.com', port=443): Max retries exceeded with url: /catalogue/the-raven-king-the-raven-cycle-4_412/index.html (Caused by ConnectTimeoutError(<HTTPSConnection(host='books.toscrape.com', port=443) at 0xffff9f23e250>, 'Connection to books.toscrape.com timed out. (connect timeout=10)'))
2026-05-19 10:03:46 | WARNING  | main | ⚠️ Tentative 2/3 échouée pour https://books.toscrape.com/catalogue/the-raven-king-the-raven-cycle-4_412/index.html. Erreur: HTTPSConnectionPool(host='books.toscrape.com', port=443): Max retries exceeded with url: /catalogue/the-raven-king-the-raven-cycle-4_412/index.html (Caused by NameResolutionError("HTTPSConnection(host='books.toscrape.com', port=443): Failed to resolve 'books.toscrape.com' ([Errno -5] No address associated with hostname)"))
2026-05-19 10:03:58 | WARNING  | main | ⚠️ Tentative 3/3 échouée pour https://books.toscrape.com/catalogue/the-raven-king-the-raven-cycle-4_412/index.html. Erreur: HTTPSConnectionPool(host='books.toscrape.com', port=443): Read timed out. (read timeout=10)
2026-05-19 10:04:10 | WARNING  | main | ⚠️ Tentative 1/3 échouée pour https://books.toscrape.com/catalogue/girlboss_113/index.html. Erreur: HTTPSConnectionPool(host='books.toscrape.com', port=443): Read timed out. (read timeout=10)
2026-05-19 10:04:23 | WARNING  | main | ⚠️ Tentative 2/3 échouée pour https://books.toscrape.com/catalogue/girlboss_113/index.html. Erreur: HTTPSConnectionPool(host='books.toscrape.com', port=443): Read timed out. (read timeout=10)
2026-05-19 11:53:00 | WARNING  | main | ⚠️ Tentative 1/3 échouée pour https://ce-site-n-existe-absolument-pas-12345.com/page-1.html. Erreur: HTTPSConnectionPool(host='ce-site-n-existe-absolument-pas-12345.com', port=443): Max retries exceeded with url: /page-1.html (Caused by NameResolutionError("HTTPSConnection(host='ce-site-n-existe-absolument-pas-12345.com', port=443): Failed to resolve 'ce-site-n-existe-absolument-pas-12345.com' ([Errno -2] Name or service not known)"))
2026-05-19 11:53:02 | WARNING  | main | ⚠️ Tentative 2/3 échouée pour https://ce-site-n-existe-absolument-pas-12345.com/page-1.html. Erreur: HTTPSConnectionPool(host='ce-site-n-existe-absolument-pas-12345.com', port=443): Max retries exceeded with url: /page-1.html (Caused by NameResolutionError("HTTPSConnection(host='ce-site-n-existe-absolument-pas-12345.com', port=443): Failed to resolve 'ce-site-n-existe-absolument-pas-12345.com' ([Errno -2] Name or service not known)"))
2026-05-19 11:53:04 | WARNING  | main | ⚠️ Tentative 3/3 échouée pour https://ce-site-n-existe-absolument-pas-12345.com/page-1.html. Erreur: HTTPSConnectionPool(host='ce-site-n-existe-absolument-pas-12345.com', port=443): Max retries exceeded with url: /page-1.html (Caused by NameResolutionError("HTTPSConnection(host='ce-site-n-existe-absolument-pas-12345.com', port=443): Failed to resolve 'ce-site-n-existe-absolument-pas-12345.com' ([Errno -2] Name or service not known)"))
2026-05-19 11:53:06 | WARNING  | main | ⚠️ Tentative 1/3 échouée pour https://ce-site-n-existe-absolument-pas-12345.com/page-2.html. Erreur: HTTPSConnectionPool(host='ce-site-n-existe-absolument-pas-12345.com', port=443): Max retries exceeded with url: /page-2.html (Caused by NameResolutionError("HTTPSConnection(host='ce-site-n-existe-absolument-pas-12345.com', port=443): Failed to resolve 'ce-site-n-existe-absolument-pas-12345.com' ([Errno -2] Name or service not known)"))
2026-05-19 11:53:08 | WARNING  | main | ⚠️ Tentative 2/3 échouée pour https://ce-site-n-existe-absolument-pas-12345.com/page-2.html. Erreur: HTTPSConnectionPool(host='ce-site-n-existe-absolument-pas-12345.com', port=443): Max retries exceeded with url: /page-2.html (Caused by NameResolutionError("HTTPSConnection(host='ce-site-n-existe-absolument-pas-12345.com', port=443): Failed to resolve 'ce-site-n-existe-absolument-pas-12345.com' ([Errno -2] Name or service not known)"))
2026-05-19 11:53:10 | WARNING  | main | ⚠️ Tentative 3/3 échouée pour https://ce-site-n-existe-absolument-pas-12345.com/page-2.html. Erreur: HTTPSConnectionPool(host='ce-site-n-existe-absolument-pas-12345.com', port=443): Max retries exceeded with url: /page-2.html (Caused by NameResolutionError("HTTPSConnection(host='ce-site-n-existe-absolument-pas-12345.com', port=443): Failed to resolve 'ce-site-n-existe-absolument-pas-12345.com' ([Errno -2] Name or service not known)"))
2026-05-19 11:53:12 | WARNING  | main | ⚠️ Tentative 1/3 échouée pour https://ce-site-n-existe-absolument-pas-12345.com/page-3.html. Erreur: HTTPSConnectionPool(host='ce-site-n-existe-absolument-pas-12345.com', port=443): Max retries exceeded with url: /page-3.html (Caused by NameResolutionError("HTTPSConnection(host='ce-site-n-existe-absolument-pas-12345.com', port=443): Failed to resolve 'ce-site-n-existe-absolument-pas-12345.com' ([Errno -2] Name or service not known)"))
2026-05-19 11:53:14 | WARNING  | main | ⚠️ Tentative 2/3 échouée pour https://ce-site-n-existe-absolument-pas-12345.com/page-3.html. Erreur: HTTPSConnectionPool(host='ce-site-n-existe-absolument-pas-12345.com', port=443): Max retries exceeded with url: /page-3.html (Caused by NameResolutionError("HTTPSConnection(host='ce-site-n-existe-absolument-pas-12345.com', port=443): Failed to resolve 'ce-site-n-existe-absolument-pas-12345.com' ([Errno -2] Name or service not known)"))
2026-05-19 11:53:16 | WARNING  | main | ⚠️ Tentative 3/3 échouée pour https://ce-site-n-existe-absolument-pas-12345.com/page-3.html. Erreur: HTTPSConnectionPool(host='ce-site-n-existe-absolument-pas-12345.com', port=443): Max retries exceeded with url: /page-3.html (Caused by NameResolutionError("HTTPSConnection(host='ce-site-n-existe-absolument-pas-12345.com', port=443): Failed to resolve 'ce-site-n-existe-absolument-pas-12345.com' ([Errno -2] Name or service not known)"))
2026-05-19 11:53:18 | ERROR    | main | 🛑 Connexion perdue avec le site. Arrêt du scan.
2026-05-19 11:53:18 | ERROR    | main | ❌ Aucun lien trouvé. Abandon.
2026-05-19 11:53:18 | WARNING  | __main__ | 🚫 Pipeline arrêté : le scraping n'a généré aucun résultat.
2026-05-19 11:54:59 | WARNING  | main | ⚠️ Tentative 1/3 échouée pour https://ce-site-n-existe-absolument-pas-12345.com/page-1.html. Erreur: HTTPSConnectionPool(host='ce-site-n-existe-absolument-pas-12345.com', port=443): Max retries exceeded with url: /page-1.html (Caused by NameResolutionError("HTTPSConnection(host='ce-site-n-existe-absolument-pas-12345.com', port=443): Failed to resolve 'ce-site-n-existe-absolument-pas-12345.com' ([Errno -2] Name or service not known)"))
2026-05-19 11:55:01 | WARNING  | main | ⚠️ Tentative 2/3 échouée pour https://ce-site-n-existe-absolument-pas-12345.com/page-1.html. Erreur: HTTPSConnectionPool(host='ce-site-n-existe-absolument-pas-12345.com', port=443): Max retries exceeded with url: /page-1.html (Caused by NameResolutionError("HTTPSConnection(host='ce-site-n-existe-absolument-pas-12345.com', port=443): Failed to resolve 'ce-site-n-existe-absolument-pas-12345.com' ([Errno -2] Name or service not known)"))
2026-05-19 11:55:03 | WARNING  | main | ⚠️ Tentative 3/3 échouée pour https://ce-site-n-existe-absolument-pas-12345.com/page-1.html. Erreur: HTTPSConnectionPool(host='ce-site-n-existe-absolument-pas-12345.com', port=443): Max retries exceeded with url: /page-1.html (Caused by NameResolutionError("HTTPSConnection(host='ce-site-n-existe-absolument-pas-12345.com', port=443): Failed to resolve 'ce-site-n-existe-absolument-pas-12345.com' ([Errno -2] Name or service not known)"))
2026-05-19 11:55:05 | WARNING  | main | ⚠️ Tentative 1/3 échouée pour https://ce-site-n-existe-absolument-pas-12345.com/page-2.html. Erreur: HTTPSConnectionPool(host='ce-site-n-existe-absolument-pas-12345.com', port=443): Max retries exceeded with url: /page-2.html (Caused by NameResolutionError("HTTPSConnection(host='ce-site-n-existe-absolument-pas-12345.com', port=443): Failed to resolve 'ce-site-n-existe-absolument-pas-12345.com' ([Errno -2] Name or service not known)"))
2026-05-19 11:55:07 | WARNING  | main | ⚠️ Tentative 2/3 échouée pour https://ce-site-n-existe-absolument-pas-12345.com/page-2.html. Erreur: HTTPSConnectionPool(host='ce-site-n-existe-absolument-pas-12345.com', port=443): Max retries exceeded with url: /page-2.html (Caused by NameResolutionError("HTTPSConnection(host='ce-site-n-existe-absolument-pas-12345.com', port=443): Failed to resolve 'ce-site-n-existe-absolument-pas-12345.com' ([Errno -2] Name or service not known)"))
2026-05-19 11:55:09 | WARNING  | main | ⚠️ Tentative 3/3 échouée pour https://ce-site-n-existe-absolument-pas-12345.com/page-2.html. Erreur: HTTPSConnectionPool(host='ce-site-n-existe-absolument-pas-12345.com', port=443): Max retries exceeded with url: /page-2.html (Caused by NameResolutionError("HTTPSConnection(host='ce-site-n-existe-absolument-pas-12345.com', port=443): Failed to resolve 'ce-site-n-existe-absolument-pas-12345.com' ([Errno -2] Name or service not known)"))
2026-05-19 11:55:11 | WARNING  | main | ⚠️ Tentative 1/3 échouée pour https://ce-site-n-existe-absolument-pas-12345.com/page-3.html. Erreur: HTTPSConnectionPool(host='ce-site-n-existe-absolument-pas-12345.com', port=443): Max retries exceeded with url: /page-3.html (Caused by NameResolutionError("HTTPSConnection(host='ce-site-n-existe-absolument-pas-12345.com', port=443): Failed to resolve 'ce-site-n-existe-absolument-pas-12345.com' ([Errno -2] Name or service not known)"))
2026-05-19 11:55:13 | WARNING  | main | ⚠️ Tentative 2/3 échouée pour https://ce-site-n-existe-absolument-pas-12345.com/page-3.html. Erreur: HTTPSConnectionPool(host='ce-site-n-existe-absolument-pas-12345.com', port=443): Max retries exceeded with url: /page-3.html (Caused by NameResolutionError("HTTPSConnection(host='ce-site-n-existe-absolument-pas-12345.com', port=443): Failed to resolve 'ce-site-n-existe-absolument-pas-12345.com' ([Errno -2] Name or service not known)"))
2026-05-19 11:55:15 | WARNING  | main | ⚠️ Tentative 3/3 échouée pour https://ce-site-n-existe-absolument-pas-12345.com/page-3.html. Erreur: HTTPSConnectionPool(host='ce-site-n-existe-absolument-pas-12345.com', port=443): Max retries exceeded with url: /page-3.html (Caused by NameResolutionError("HTTPSConnection(host='ce-site-n-existe-absolument-pas-12345.com', port=443): Failed to resolve 'ce-site-n-existe-absolument-pas-12345.com' ([Errno -2] Name or service not known)"))
2026-05-19 11:55:17 | ERROR    | main | 🛑 Connexion perdue avec le site. Arrêt du scan.
2026-05-19 11:55:17 | ERROR    | main | ❌ Aucun lien trouvé. Abandon.
2026-05-19 11:55:17 | WARNING  | __main__ | 🚫 Pipeline arrêté : le scraping n'a généré aucun résultat.
2026-05-19 11:55:51 | WARNING  | main | ⚠️ Tentative 1/3 échouée pour https://ce-site-n-existe-absolument-pas-12345.com/page-1.html. Erreur: HTTPSConnectionPool(host='ce-site-n-existe-absolument-pas-12345.com', port=443): Max retries exceeded with url: /page-1.html (Caused by NameResolutionError("HTTPSConnection(host='ce-site-n-existe-absolument-pas-12345.com', port=443): Failed to resolve 'ce-site-n-existe-absolument-pas-12345.com' ([Errno -2] Name or service not known)"))
2026-05-19 11:55:53 | WARNING  | main | ⚠️ Tentative 2/3 échouée pour https://ce-site-n-existe-absolument-pas-12345.com/page-1.html. Erreur: HTTPSConnectionPool(host='ce-site-n-existe-absolument-pas-12345.com', port=443): Max retries exceeded with url: /page-1.html (Caused by NameResolutionError("HTTPSConnection(host='ce-site-n-existe-absolument-pas-12345.com', port=443): Failed to resolve 'ce-site-n-existe-absolument-pas-12345.com' ([Errno -2] Name or service not known)"))
2026-05-19 11:55:55 | WARNING  | main | ⚠️ Tentative 3/3 échouée pour https://ce-site-n-existe-absolument-pas-12345.com/page-1.html. Erreur: HTTPSConnectionPool(host='ce-site-n-existe-absolument-pas-12345.com', port=443): Max retries exceeded with url: /page-1.html (Caused by NameResolutionError("HTTPSConnection(host='ce-site-n-existe-absolument-pas-12345.com', port=443): Failed to resolve 'ce-site-n-existe-absolument-pas-12345.com' ([Errno -2] Name or service not known)"))
2026-05-19 11:55:57 | WARNING  | main | ⚠️ Tentative 1/3 échouée pour https://ce-site-n-existe-absolument-pas-12345.com/page-2.html. Erreur: HTTPSConnectionPool(host='ce-site-n-existe-absolument-pas-12345.com', port=443): Max retries exceeded with url: /page-2.html (Caused by NameResolutionError("HTTPSConnection(host='ce-site-n-existe-absolument-pas-12345.com', port=443): Failed to resolve 'ce-site-n-existe-absolument-pas-12345.com' ([Errno -2] Name or service not known)"))
2026-05-19 11:55:59 | WARNING  | main | ⚠️ Tentative 2/3 échouée pour https://ce-site-n-existe-absolument-pas-12345.com/page-2.html. Erreur: HTTPSConnectionPool(host='ce-site-n-existe-absolument-pas-12345.com', port=443): Max retries exceeded with url: /page-2.html (Caused by NameResolutionError("HTTPSConnection(host='ce-site-n-existe-absolument-pas-12345.com', port=443): Failed to resolve 'ce-site-n-existe-absolument-pas-12345.com' ([Errno -2] Name or service not known)"))
2026-05-19 11:56:01 | WARNING  | main | ⚠️ Tentative 3/3 échouée pour https://ce-site-n-existe-absolument-pas-12345.com/page-2.html. Erreur: HTTPSConnectionPool(host='ce-site-n-existe-absolument-pas-12345.com', port=443): Max retries exceeded with url: /page-2.html (Caused by NameResolutionError("HTTPSConnection(host='ce-site-n-existe-absolument-pas-12345.com', port=443): Failed to resolve 'ce-site-n-existe-absolument-pas-12345.com' ([Errno -2] Name or service not known)"))
2026-05-19 11:56:03 | WARNING  | main | ⚠️ Tentative 1/3 échouée pour https://ce-site-n-existe-absolument-pas-12345.com/page-3.html. Erreur: HTTPSConnectionPool(host='ce-site-n-existe-absolument-pas-12345.com', port=443): Max retries exceeded with url: /page-3.html (Caused by NameResolutionError("HTTPSConnection(host='ce-site-n-existe-absolument-pas-12345.com', port=443): Failed to resolve 'ce-site-n-existe-absolument-pas-12345.com' ([Errno -2] Name or service not known)"))
2026-05-19 11:56:05 | WARNING  | main | ⚠️ Tentative 2/3 échouée pour https://ce-site-n-existe-absolument-pas-12345.com/page-3.html. Erreur: HTTPSConnectionPool(host='ce-site-n-existe-absolument-pas-12345.com', port=443): Max retries exceeded with url: /page-3.html (Caused by NameResolutionError("HTTPSConnection(host='ce-site-n-existe-absolument-pas-12345.com', port=443): Failed to resolve 'ce-site-n-existe-absolument-pas-12345.com' ([Errno -2] Name or service not known)"))
2026-05-19 11:56:07 | WARNING  | main | ⚠️ Tentative 3/3 échouée pour https://ce-site-n-existe-absolument-pas-12345.com/page-3.html. Erreur: HTTPSConnectionPool(host='ce-site-n-existe-absolument-pas-12345.com', port=443): Max retries exceeded with url: /page-3.html (Caused by NameResolutionError("HTTPSConnection(host='ce-site-n-existe-absolument-pas-12345.com', port=443): Failed to resolve 'ce-site-n-existe-absolument-pas-12345.com' ([Errno -2] Name or service not known)"))
2026-05-19 11:56:09 | ERROR    | main | 🛑 Connexion perdue avec le site. Arrêt du scan.
2026-05-19 11:56:09 | ERROR    | main | ❌ Aucun lien trouvé. Abandon.
2026-05-19 11:56:09 | WARNING  | __main__ | 🚫 Pipeline arrêté : le scraping n'a généré aucun résultat.
2026-05-19 11:57:21 | WARNING  | main | ⚠️ Prix introuvable pour le livre : 'The Mysterious Affair at Styles (Hercule Poirot #1)' (https://books.toscrape.com/catalogue/the-mysterious-affair-at-styles-hercule-poirot-1_452/index.html)
2026-05-19 11:57:22 | WARNING  | main | ⚠️ Prix introuvable pour le livre : 'How to Stop Worrying and Start Living' (https://books.toscrape.com/catalogue/how-to-stop-worrying-and-start-living_431/index.html)
2026-05-19 11:57:22 | WARNING  | main | ⚠️ Prix introuvable pour le livre : 'Shrunken Treasures: Literary Classics, Short, Sweet, and Silly' (https://books.toscrape.com/catalogue/shrunken-treasures-literary-classics-short-sweet-and-silly_484/index.html)
2026-05-19 11:57:23 | WARNING  | main | ⚠️ Prix introuvable pour le livre : 'Black Butler, Vol. 1 (Black Butler #1)' (https://books.toscrape.com/catalogue/black-butler-vol-1-black-butler-1_130/index.html)
2026-05-19 11:57:23 | WARNING  | main | ⚠️ Prix introuvable pour le livre : 'The Hidden Oracle (The Trials of Apollo #1)' (https://books.toscrape.com/catalogue/the-hidden-oracle-the-trials-of-apollo-1_752/index.html)
2026-05-19 11:57:24 | WARNING  | main | ⚠️ Prix introuvable pour le livre : 'The Three Searches, Meaning, and the Story' (https://books.toscrape.com/catalogue/the-three-searches-meaning-and-the-story_649/index.html)
2026-05-19 11:57:25 | WARNING  | main | ⚠️ Prix introuvable pour le livre : 'The Exiled' (https://books.toscrape.com/catalogue/the-exiled_247/index.html)
2026-05-19 11:57:25 | WARNING  | main | ⚠️ Prix introuvable pour le livre : 'The Last Painting of Sara de Vos' (https://books.toscrape.com/catalogue/the-last-painting-of-sara-de-vos_259/index.html)
2026-05-19 11:57:26 | WARNING  | main | ⚠️ Prix introuvable pour le livre : 'Beyond Good and Evil' (https://books.toscrape.com/catalogue/beyond-good-and-evil_6/index.html)
2026-05-19 11:57:27 | WARNING  | main | ⚠️ Prix introuvable pour le livre : 'Island of Dragons (Unwanteds #7)' (https://books.toscrape.com/catalogue/island-of-dragons-unwanteds-7_705/index.html)
2026-05-19 11:57:27 | WARNING  | main | ⚠️ Prix introuvable pour le livre : 'Library of Souls (Miss Peregrine’s Peculiar Children #3)' (https://books.toscrape.com/catalogue/library-of-souls-miss-peregrines-peculiar-children-3_816/index.html)
2026-05-19 11:57:28 | WARNING  | main | ⚠️ Prix introuvable pour le livre : 'Why Save the Bankers?: And Other Essays on Our Economic and Political Crisis' (https://books.toscrape.com/catalogue/why-save-the-bankers-and-other-essays-on-our-economic-and-political-crisis_418/index.html)
2026-05-19 11:57:28 | WARNING  | main | ⚠️ Prix introuvable pour le livre : 'Hide Away (Eve Duncan #20)' (https://books.toscrape.com/catalogue/hide-away-eve-duncan-20_620/index.html)
2026-05-19 11:57:29 | WARNING  | main | ⚠️ Prix introuvable pour le livre : 'The Black Maria' (https://books.toscrape.com/catalogue/the-black-maria_991/index.html)
2026-05-19 11:57:29 | WARNING  | main | ⚠️ Prix introuvable pour le livre : 'Ship Leaves Harbor: Essays on Travel by a Recovering Journeyman' (https://books.toscrape.com/catalogue/ship-leaves-harbor-essays-on-travel-by-a-recovering-journeyman_438/index.html)
2026-05-19 11:57:30 | WARNING  | main | ⚠️ Prix introuvable pour le livre : 'Three Wishes (River of Time: California #1)' (https://books.toscrape.com/catalogue/three-wishes-river-of-time-california-1_89/index.html)
2026-05-19 11:57:31 | WARNING  | main | ⚠️ Prix introuvable pour le livre : 'The Elegant Universe: Superstrings, Hidden Dimensions, and the Quest for the Ultimate Theory' (https://books.toscrape.com/catalogue/the-elegant-universe-superstrings-hidden-dimensions-and-the-quest-for-the-ultimate-theory_245/index.html)
2026-05-19 11:57:31 | WARNING  | main | ⚠️ Prix introuvable pour le livre : 'In the Country We Love: My Family Divided' (https://books.toscrape.com/catalogue/in-the-country-we-love-my-family-divided_901/index.html)
2026-05-19 11:57:32 | WARNING  | main | ⚠️ Prix introuvable pour le livre : 'Mere Christianity' (https://books.toscrape.com/catalogue/mere-christianity_435/index.html)
2026-05-19 11:57:32 | WARNING  | main | ⚠️ Prix introuvable pour le livre : 'Paradise Lost (Paradise #1)' (https://books.toscrape.com/catalogue/paradise-lost-paradise-1_45/index.html)
2026-05-19 11:57:33 | WARNING  | main | ⚠️ Prix introuvable pour le livre : 'Sit, Stay, Love' (https://books.toscrape.com/catalogue/sit-stay-love_486/index.html)
2026-05-19 11:57:33 | WARNING  | main | ⚠️ Prix introuvable pour le livre : 'Mother, Can You Not?' (https://books.toscrape.com/catalogue/mother-can-you-not_599/index.html)
2026-05-19 11:57:34 | WARNING  | main | ⚠️ Prix introuvable pour le livre : 'Golden (Heart of Dread #3)' (https://books.toscrape.com/catalogue/golden-heart-of-dread-3_161/index.html)
2026-05-19 11:57:34 | WARNING  | main | ⚠️ Prix introuvable pour le livre : 'The Drowning Girls' (https://books.toscrape.com/catalogue/the-drowning-girls_494/index.html)
2026-05-19 11:57:35 | WARNING  | main | ⚠️ Prix introuvable pour le livre : 'My Kitchen Year: 136 Recipes That Saved My Life' (https://books.toscrape.com/catalogue/my-kitchen-year-136-recipes-that-saved-my-life_646/index.html)
2026-05-19 11:57:35 | WARNING  | main | ⚠️ Prix introuvable pour le livre : 'The E-Myth Revisited: Why Most Small Businesses Don't Work and What to Do About It' (https://books.toscrape.com/catalogue/the-e-myth-revisited-why-most-small-businesses-dont-work-and-what-to-do-about-it_545/index.html)
2026-05-19 11:57:36 | WARNING  | main | ⚠️ Prix introuvable pour le livre : 'The Pioneer Woman Cooks: Dinnertime: Comfort Classics, Freezer Food, 16-Minute Meals, and Other Delicious Ways to Solve Supper!' (https://books.toscrape.com/catalogue/the-pioneer-woman-cooks-dinnertime-comfort-classics-freezer-food-16-minute-meals-and-other-delicious-ways-to-solve-supper_943/index.html)
2026-05-19 11:57:36 | WARNING  | main | ⚠️ Prix introuvable pour le livre : 'Mrs. Houdini' (https://books.toscrape.com/catalogue/mrs-houdini_821/index.html)
2026-05-19 11:57:37 | WARNING  | main | ⚠️ Prix introuvable pour le livre : 'Superman Vol. 1: Before Truth (Superman by Gene Luen Yang #1)' (https://books.toscrape.com/catalogue/superman-vol-1-before-truth-superman-by-gene-luen-yang-1_739/index.html)
2026-05-19 11:57:37 | WARNING  | main | ⚠️ Prix introuvable pour le livre : 'A World of Flavor: Your Gluten Free Passport' (https://books.toscrape.com/catalogue/a-world-of-flavor-your-gluten-free-passport_879/index.html)
2026-05-19 11:57:38 | WARNING  | main | ⚠️ Prix introuvable pour le livre : 'Modern Romance' (https://books.toscrape.com/catalogue/modern-romance_820/index.html)
2026-05-19 11:57:38 | WARNING  | main | ⚠️ Prix introuvable pour le livre : 'Choosing Our Religion: The Spiritual Lives of America's Nones' (https://books.toscrape.com/catalogue/choosing-our-religion-the-spiritual-lives-of-americas-nones_14/index.html)
2026-05-19 11:57:39 | WARNING  | main | ⚠️ Prix introuvable pour le livre : 'The Art and Science of Low Carbohydrate Living' (https://books.toscrape.com/catalogue/the-art-and-science-of-low-carbohydrate-living_570/index.html)
2026-05-19 11:57:39 | WARNING  | main | ⚠️ Prix introuvable pour le livre : 'The Demonists (Demonist #1)' (https://books.toscrape.com/catalogue/the-demonists-demonist-1_345/index.html)
2026-05-19 11:57:40 | WARNING  | main | ⚠️ Prix introuvable pour le livre : 'And Then There Were None' (https://books.toscrape.com/catalogue/and-then-there-were-none_119/index.html)
2026-05-19 11:57:40 | WARNING  | main | ⚠️ Prix introuvable pour le livre : 'Dress Your Family in Corduroy and Denim' (https://books.toscrape.com/catalogue/dress-your-family-in-corduroy-and-denim_562/index.html)
2026-05-19 11:57:41 | WARNING  | main | ⚠️ Prix introuvable pour le livre : 'Cinder (The Lunar Chronicles #1)' (https://books.toscrape.com/catalogue/cinder-the-lunar-chronicles-1_139/index.html)
2026-05-19 11:57:41 | WARNING  | main | ⚠️ Prix introuvable pour le livre : 'House of Leaves' (https://books.toscrape.com/catalogue/house-of-leaves_169/index.html)
2026-05-19 11:57:42 | WARNING  | main | ⚠️ Prix introuvable pour le livre : 'The Catcher in the Rye' (https://books.toscrape.com/catalogue/the-catcher-in-the-rye_236/index.html)
2026-05-19 11:57:42 | WARNING  | main | ⚠️ Prix introuvable pour le livre : 'Beowulf' (https://books.toscrape.com/catalogue/beowulf_126/index.html)
2026-05-19 11:57:43 | WARNING  | main | ⚠️ Prix introuvable pour le livre : 'Mama Tried: Traditional Italian Cooking for the Screwed, Crude, Vegan, and Tattooed' (https://books.toscrape.com/catalogue/mama-tried-traditional-italian-cooking-for-the-screwed-crude-vegan-and-tattooed_908/index.html)
2026-05-19 11:57:43 | WARNING  | main | ⚠️ Prix introuvable pour le livre : 'A Piece of Sky, a Grain of Rice: A Memoir in Four Meditations' (https://books.toscrape.com/catalogue/a-piece-of-sky-a-grain-of-rice-a-memoir-in-four-meditations_878/index.html)
2026-05-19 11:57:43 | WARNING  | main | ⚠️ Prix introuvable pour le livre : 'Fruits Basket, Vol. 7 (Fruits Basket #7)' (https://books.toscrape.com/catalogue/fruits-basket-vol-7-fruits-basket-7_468/index.html)
2026-05-19 11:57:44 | WARNING  | main | ⚠️ Prix introuvable pour le livre : 'I Had a Nice Time And Other Lies...: How to find love & sh*t like that' (https://books.toscrape.com/catalogue/i-had-a-nice-time-and-other-lies-how-to-find-love-sht-like-that_814/index.html)
2026-05-19 11:57:45 | WARNING  | main | ⚠️ Prix introuvable pour le livre : 'Girl in the Blue Coat' (https://books.toscrape.com/catalogue/girl-in-the-blue-coat_160/index.html)
2026-05-19 11:57:45 | WARNING  | main | ⚠️ Prix introuvable pour le livre : 'City of Glass (The Mortal Instruments #3)' (https://books.toscrape.com/catalogue/city-of-glass-the-mortal-instruments-3_678/index.html)
2026-05-19 11:57:46 | WARNING  | main | ⚠️ Prix introuvable pour le livre : 'The Cat in the Hat (Beginner Books B-1)' (https://books.toscrape.com/catalogue/the-cat-in-the-hat-beginner-books-b-1_235/index.html)
2026-05-19 11:57:47 | WARNING  | main | ⚠️ Prix introuvable pour le livre : 'The Barefoot Contessa Cookbook' (https://books.toscrape.com/catalogue/the-barefoot-contessa-cookbook_440/index.html)
2026-05-19 11:57:47 | WARNING  | main | ⚠️ Prix introuvable pour le livre : 'Catching Jordan (Hundred Oaks)' (https://books.toscrape.com/catalogue/catching-jordan-hundred-oaks_673/index.html)
2026-05-19 11:57:48 | WARNING  | main | ⚠️ Prix introuvable pour le livre : 'Suzie Snowflake: One beautiful flake (a self-esteem story)' (https://books.toscrape.com/catalogue/suzie-snowflake-one-beautiful-flake-a-self-esteem-story_568/index.html)
2026-05-19 11:57:48 | WARNING  | main | ⚠️ Prix introuvable pour le livre : 'Most Wanted' (https://books.toscrape.com/catalogue/most-wanted_623/index.html)
2026-05-19 11:57:49 | WARNING  | main | ⚠️ Prix introuvable pour le livre : 'Being Mortal: Medicine and What Matters in the End' (https://books.toscrape.com/catalogue/being-mortal-medicine-and-what-matters-in-the-end_512/index.html)
2026-05-19 11:57:49 | WARNING  | main | ⚠️ Prix introuvable pour le livre : 'Unstuffed: Decluttering Your Home, Mind, and Soul' (https://books.toscrape.com/catalogue/unstuffed-decluttering-your-home-mind-and-soul_296/index.html)
2026-05-19 11:57:50 | WARNING  | main | ⚠️ Prix introuvable pour le livre : 'Snatched: How A Drug Queen Went Undercover for the DEA and Was Kidnapped By Colombian Guerillas' (https://books.toscrape.com/catalogue/snatched-how-a-drug-queen-went-undercover-for-the-dea-and-was-kidnapped-by-colombian-guerillas_631/index.html)
2026-05-19 11:57:50 | WARNING  | main | ⚠️ Prix introuvable pour le livre : 'I Will Find You' (https://books.toscrape.com/catalogue/i-will-find-you_524/index.html)
2026-05-19 11:57:51 | WARNING  | main | ⚠️ Prix introuvable pour le livre : 'The Great Gatsby' (https://books.toscrape.com/catalogue/the-great-gatsby_498/index.html)
2026-05-19 11:57:52 | WARNING  | main | ⚠️ Prix introuvable pour le livre : 'The Art of Simple Food: Notes, Lessons, and Recipes from a Delicious Revolution' (https://books.toscrape.com/catalogue/the-art-of-simple-food-notes-lessons-and-recipes-from-a-delicious-revolution_229/index.html)
2026-05-19 11:57:52 | WARNING  | main | ⚠️ Prix introuvable pour le livre : 'You Are a Badass: How to Stop Doubting Your Greatness and Start Living an Awesome Life' (https://books.toscrape.com/catalogue/you-are-a-badass-how-to-stop-doubting-your-greatness-and-start-living-an-awesome-life_508/index.html)
2026-05-19 11:57:53 | WARNING  | main | ⚠️ Prix introuvable pour le livre : 'City of Fallen Angels (The Mortal Instruments #4)' (https://books.toscrape.com/catalogue/city-of-fallen-angels-the-mortal-instruments-4_677/index.html)
2026-05-19 11:57:53 | WARNING  | main | ⚠️ Prix introuvable pour le livre : 'My Kind of Crazy' (https://books.toscrape.com/catalogue/my-kind-of-crazy_718/index.html)
2026-05-19 11:57:54 | WARNING  | main | ⚠️ Prix introuvable pour le livre : 'While You Were Mine' (https://books.toscrape.com/catalogue/while-you-were-mine_97/index.html)
2026-05-19 11:57:55 | WARNING  | main | ⚠️ Prix introuvable pour le livre : 'Dead Wake: The Last Crossing of the Lusitania' (https://books.toscrape.com/catalogue/dead-wake-the-last-crossing-of-the-lusitania_147/index.html)
2026-05-19 11:57:56 | WARNING  | main | ⚠️ Prix introuvable pour le livre : ''Salem's Lot' (https://books.toscrape.com/catalogue/salems-lot_309/index.html)
2026-05-19 11:57:57 | WARNING  | main | ⚠️ Prix introuvable pour le livre : 'The Day the Crayons Came Home (Crayons)' (https://books.toscrape.com/catalogue/the-day-the-crayons-came-home-crayons_241/index.html)
2026-05-19 11:57:57 | WARNING  | main | ⚠️ Prix introuvable pour le livre : 'Shtum' (https://books.toscrape.com/catalogue/shtum_733/index.html)
2026-05-19 11:57:58 | WARNING  | main | ⚠️ Prix introuvable pour le livre : 'The Gray Rhino: How to Recognize and Act on the Obvious Dangers We Ignore' (https://books.toscrape.com/catalogue/the-gray-rhino-how-to-recognize-and-act-on-the-obvious-dangers-we-ignore_638/index.html)
2026-05-19 11:57:59 | WARNING  | main | ⚠️ Prix introuvable pour le livre : 'The 5th Wave (The 5th Wave #1)' (https://books.toscrape.com/catalogue/the-5th-wave-the-5th-wave-1_397/index.html)
2026-05-19 11:58:00 | WARNING  | main | ⚠️ Prix introuvable pour le livre : 'A Fierce and Subtle Poison' (https://books.toscrape.com/catalogue/a-fierce-and-subtle-poison_875/index.html)
2026-05-19 11:58:00 | WARNING  | main | ⚠️ Prix introuvable pour le livre : 'Eleanor & Park' (https://books.toscrape.com/catalogue/eleanor-park_616/index.html)
2026-05-19 11:58:01 | WARNING  | main | ⚠️ Prix introuvable pour le livre : 'The Silent Twin (Detective Jennifer Knight #3)' (https://books.toscrape.com/catalogue/the-silent-twin-detective-jennifer-knight-3_82/index.html)
2026-05-19 11:58:01 | WARNING  | main | ⚠️ Prix introuvable pour le livre : 'The Hiding Place' (https://books.toscrape.com/catalogue/the-hiding-place_406/index.html)
2026-05-19 11:58:02 | WARNING  | main | ⚠️ Prix introuvable pour le livre : 'The Pilgrim's Progress' (https://books.toscrape.com/catalogue/the-pilgrims-progress_353/index.html)
2026-05-19 11:58:02 | WARNING  | main | ⚠️ Prix introuvable pour le livre : 'The Dream Thieves (The Raven Cycle #2)' (https://books.toscrape.com/catalogue/the-dream-thieves-the-raven-cycle-2_400/index.html)
2026-05-19 11:58:03 | WARNING  | main | ⚠️ Prix introuvable pour le livre : 'The Inefficiency Assassin: Time Management Tactics for Working Smarter, Not Longer' (https://books.toscrape.com/catalogue/the-inefficiency-assassin-time-management-tactics-for-working-smarter-not-longer_935/index.html)
2026-05-19 11:58:03 | WARNING  | main | ⚠️ Prix introuvable pour le livre : 'The Stand' (https://books.toscrape.com/catalogue/the-stand_282/index.html)
2026-05-19 11:58:04 | WARNING  | main | ⚠️ Prix introuvable pour le livre : 'The Power Greens Cookbook: 140 Delicious Superfood Recipes' (https://books.toscrape.com/catalogue/the-power-greens-cookbook-140-delicious-superfood-recipes_410/index.html)
2026-05-19 11:58:05 | WARNING  | main | ⚠️ Prix introuvable pour le livre : 'Hush, Hush (Hush, Hush #1)' (https://books.toscrape.com/catalogue/hush-hush-hush-hush-1_701/index.html)
2026-05-19 11:58:05 | WARNING  | main | ⚠️ Prix introuvable pour le livre : 'Death Note, Vol. 6: Give-and-Take (Death Note #6)' (https://books.toscrape.com/catalogue/death-note-vol-6-give-and-take-death-note-6_425/index.html)
2026-05-19 11:58:06 | WARNING  | main | ⚠️ Prix introuvable pour le livre : 'The Kite Runner' (https://books.toscrape.com/catalogue/the-kite-runner_847/index.html)
2026-05-19 11:58:07 | WARNING  | main | ⚠️ Prix introuvable pour le livre : 'Will Grayson, Will Grayson (Will Grayson, Will Grayson)' (https://books.toscrape.com/catalogue/will-grayson-will-grayson-will-grayson-will-grayson_419/index.html)
2026-05-19 11:58:07 | WARNING  | main | ⚠️ Prix introuvable pour le livre : 'Man's Search for Meaning' (https://books.toscrape.com/catalogue/mans-search-for-meaning_533/index.html)
2026-05-19 11:58:08 | WARNING  | main | ⚠️ Prix introuvable pour le livre : 'Harry Potter and the Chamber of Secrets (Harry Potter #2)' (https://books.toscrape.com/catalogue/harry-potter-and-the-chamber-of-secrets-harry-potter-2_325/index.html)
2026-05-19 11:58:08 | WARNING  | main | ⚠️ Prix introuvable pour le livre : 'Fruits Basket, Vol. 1 (Fruits Basket #1)' (https://books.toscrape.com/catalogue/fruits-basket-vol-1-fruits-basket-1_21/index.html)
2026-05-19 11:58:09 | WARNING  | main | ⚠️ Prix introuvable pour le livre : 'Throwing Rocks at the Google Bus: How Growth Became the Enemy of Prosperity' (https://books.toscrape.com/catalogue/throwing-rocks-at-the-google-bus-how-growth-became-the-enemy-of-prosperity_948/index.html)
2026-05-19 11:58:09 | WARNING  | main | ⚠️ Prix introuvable pour le livre : 'Bright Lines' (https://books.toscrape.com/catalogue/bright-lines_11/index.html)
2026-05-19 11:58:10 | WARNING  | main | ⚠️ Prix introuvable pour le livre : 'Where'd You Go, Bernadette' (https://books.toscrape.com/catalogue/whered-you-go-bernadette_304/index.html)
2026-05-19 11:58:10 | WARNING  | main | ⚠️ Prix introuvable pour le livre : 'Harry Potter and the Sorcerer's Stone (Harry Potter #1)' (https://books.toscrape.com/catalogue/harry-potter-and-the-sorcerers-stone-harry-potter-1_329/index.html)
2026-05-19 11:58:11 | WARNING  | main | ⚠️ Prix introuvable pour le livre : 'Of Mice and Men' (https://books.toscrape.com/catalogue/of-mice-and-men_37/index.html)
2026-05-19 11:58:12 | WARNING  | main | ⚠️ Prix introuvable pour le livre : 'Lady Midnight (The Dark Artifices #1)' (https://books.toscrape.com/catalogue/lady-midnight-the-dark-artifices-1_707/index.html)
2026-05-19 11:58:12 | WARNING  | main | ⚠️ Prix introuvable pour le livre : 'Eligible (The Austen Project #4)' (https://books.toscrape.com/catalogue/eligible-the-austen-project-4_692/index.html)
2026-05-19 11:58:13 | WARNING  | main | ⚠️ Prix introuvable pour le livre : 'Darkfever (Fever #1)' (https://books.toscrape.com/catalogue/darkfever-fever-1_145/index.html)
2026-05-19 11:58:14 | WARNING  | main | ⚠️ Prix introuvable pour le livre : 'Left Behind (Left Behind #1)' (https://books.toscrape.com/catalogue/left-behind-left-behind-1_529/index.html)
2026-05-19 11:58:14 | WARNING  | main | ⚠️ Prix introuvable pour le livre : 'Olio' (https://books.toscrape.com/catalogue/olio_984/index.html)
2026-05-19 11:58:15 | WARNING  | main | ⚠️ Prix introuvable pour le livre : 'In Her Wake' (https://books.toscrape.com/catalogue/in-her-wake_980/index.html)
2026-05-19 11:58:15 | WARNING  | main | ⚠️ Prix introuvable pour le livre : 'My Life Next Door (My Life Next Door )' (https://books.toscrape.com/catalogue/my-life-next-door-my-life-next-door_535/index.html)
2026-05-19 11:58:16 | WARNING  | main | ⚠️ Prix introuvable pour le livre : 'Run, Spot, Run: The Ethics of Keeping Pets' (https://books.toscrape.com/catalogue/run-spot-run-the-ethics-of-keeping-pets_106/index.html)
2026-05-19 11:58:16 | WARNING  | main | ⚠️ Prix introuvable pour le livre : 'Batman: The Long Halloween (Batman)' (https://books.toscrape.com/catalogue/batman-the-long-halloween-batman_793/index.html)
2026-05-19 11:58:17 | WARNING  | main | ⚠️ Prix introuvable pour le livre : '10-Day Green Smoothie Cleanse: Lose Up to 15 Pounds in 10 Days!' (https://books.toscrape.com/catalogue/10-day-green-smoothie-cleanse-lose-up-to-15-pounds-in-10-days_581/index.html)
2026-05-19 11:58:17 | WARNING  | main | ⚠️ Prix introuvable pour le livre : 'The Raven Boys (The Raven Cycle #1)' (https://books.toscrape.com/catalogue/the-raven-boys-the-raven-cycle-1_411/index.html)
2026-05-19 11:58:18 | WARNING  | main | ⚠️ Prix introuvable pour le livre : 'Night Shift (Night Shift #1-20)' (https://books.toscrape.com/catalogue/night-shift-night-shift-1-20_335/index.html)
2026-05-19 11:58:18 | WARNING  | main | ⚠️ Prix introuvable pour le livre : 'Better Homes and Gardens New Cook Book' (https://books.toscrape.com/catalogue/better-homes-and-gardens-new-cook-book_423/index.html)
2026-05-19 11:58:19 | WARNING  | main | ⚠️ Prix introuvable pour le livre : 'The Paris Wife' (https://books.toscrape.com/catalogue/the-paris-wife_269/index.html)
2026-05-19 11:58:19 | WARNING  | main | ⚠️ Prix introuvable pour le livre : 'A Light in the Attic' (https://books.toscrape.com/catalogue/a-light-in-the-attic_1000/index.html)
2026-05-19 11:58:20 | WARNING  | main | ⚠️ Prix introuvable pour le livre : 'Under the Banner of Heaven: A Story of Violent Faith' (https://books.toscrape.com/catalogue/under-the-banner-of-heaven-a-story-of-violent-faith_295/index.html)
2026-05-19 11:58:21 | WARNING  | main | ⚠️ Prix introuvable pour le livre : 'Stars Above (The Lunar Chronicles #4.5)' (https://books.toscrape.com/catalogue/stars-above-the-lunar-chronicles-45_632/index.html)
2026-05-19 11:58:21 | WARNING  | main | ⚠️ Prix introuvable pour le livre : 'salt.' (https://books.toscrape.com/catalogue/salt_731/index.html)
2026-05-19 11:58:22 | WARNING  | main | ⚠️ Prix introuvable pour le livre : 'Rich Dad, Poor Dad' (https://books.toscrape.com/catalogue/rich-dad-poor-dad_483/index.html)
2026-05-19 11:58:22 | WARNING  | main | ⚠️ Prix introuvable pour le livre : 'I Am Pilgrim (Pilgrim #1)' (https://books.toscrape.com/catalogue/i-am-pilgrim-pilgrim-1_703/index.html)
2026-05-19 11:58:23 | WARNING  | main | ⚠️ Prix introuvable pour le livre : 'The Rosie Project (Don Tillman #1)' (https://books.toscrape.com/catalogue/the-rosie-project-don-tillman-1_761/index.html)
2026-05-19 11:58:23 | WARNING  | main | ⚠️ Prix introuvable pour le livre : 'The Guns of August' (https://books.toscrape.com/catalogue/the-guns-of-august_254/index.html)
2026-05-19 11:58:24 | WARNING  | main | ⚠️ Prix introuvable pour le livre : 'Take Me with You' (https://books.toscrape.com/catalogue/take-me-with-you_741/index.html)
2026-05-19 11:58:24 | WARNING  | main | ⚠️ Prix introuvable pour le livre : 'Thirst' (https://books.toscrape.com/catalogue/thirst_946/index.html)
2026-05-19 11:58:25 | WARNING  | main | ⚠️ Prix introuvable pour le livre : 'Sapiens: A Brief History of Humankind' (https://books.toscrape.com/catalogue/sapiens-a-brief-history-of-humankind_996/index.html)
2026-05-19 11:58:25 | WARNING  | main | ⚠️ Prix introuvable pour le livre : 'Finding God in the Ruins: How God Redeems Pain' (https://books.toscrape.com/catalogue/finding-god-in-the-ruins-how-god-redeems-pain_466/index.html)
2026-05-19 11:58:26 | WARNING  | main | ⚠️ Prix introuvable pour le livre : 'Life After Life' (https://books.toscrape.com/catalogue/life-after-life_187/index.html)
2026-05-19 11:58:27 | WARNING  | main | ⚠️ Prix introuvable pour le livre : 'Reasons to Stay Alive' (https://books.toscrape.com/catalogue/reasons-to-stay-alive_959/index.html)
2026-05-19 11:58:27 | WARNING  | main | ⚠️ Prix introuvable pour le livre : 'Done Rubbed Out (Reightman & Bailey #1)' (https://books.toscrape.com/catalogue/done-rubbed-out-reightman-bailey-1_803/index.html)
2026-05-19 11:58:28 | WARNING  | main | ⚠️ Prix introuvable pour le livre : 'Y: The Last Man, Vol. 1: Unmanned (Y: The Last Man #1)' (https://books.toscrape.com/catalogue/y-the-last-man-vol-1-unmanned-y-the-last-man-1_98/index.html)
2026-05-19 11:58:28 | WARNING  | main | ⚠️ Prix introuvable pour le livre : 'Toddlers Are A**holes: It's Not Your Fault' (https://books.toscrape.com/catalogue/toddlers-are-aholes-its-not-your-fault_503/index.html)
2026-05-19 11:58:29 | WARNING  | main | ⚠️ Prix introuvable pour le livre : 'A Court of Thorns and Roses (A Court of Thorns and Roses #1)' (https://books.toscrape.com/catalogue/a-court-of-thorns-and-roses-a-court-of-thorns-and-roses-1_874/index.html)
2026-05-19 11:58:30 | WARNING  | main | ⚠️ Prix introuvable pour le livre : 'Glory over Everything: Beyond The Kitchen House' (https://books.toscrape.com/catalogue/glory-over-everything-beyond-the-kitchen-house_696/index.html)
2026-05-19 11:58:30 | WARNING  | main | ⚠️ Prix introuvable pour le livre : 'The Dinner Party' (https://books.toscrape.com/catalogue/the-dinner-party_635/index.html)
2026-05-19 11:58:31 | WARNING  | main | ⚠️ Prix introuvable pour le livre : 'Naturally Lean: 125 Nourishing Gluten-Free, Plant-Based Recipes--All Under 300 Calories' (https://books.toscrape.com/catalogue/naturally-lean-125-nourishing-gluten-free-plant-based-recipes-all-under-300-calories_479/index.html)
2026-05-19 11:58:31 | WARNING  | main | ⚠️ Prix introuvable pour le livre : 'Brave Enough' (https://books.toscrape.com/catalogue/brave-enough_135/index.html)
2026-05-19 11:58:32 | WARNING  | main | ⚠️ Prix introuvable pour le livre : 'Sleeping Giants (Themis Files #1)' (https://books.toscrape.com/catalogue/sleeping-giants-themis-files-1_604/index.html)
2026-05-19 11:58:33 | WARNING  | main | ⚠️ Prix introuvable pour le livre : 'Diary of a Citizen Scientist: Chasing Tiger Beetles and Other New Ways of Engaging the World' (https://books.toscrape.com/catalogue/diary-of-a-citizen-scientist-chasing-tiger-beetles-and-other-new-ways-of-engaging-the-world_517/index.html)
2026-05-19 11:58:33 | WARNING  | main | ⚠️ Prix introuvable pour le livre : 'Persepolis: The Story of a Childhood (Persepolis #1-2)' (https://books.toscrape.com/catalogue/persepolis-the-story-of-a-childhood-persepolis-1-2_206/index.html)
2026-05-19 11:58:34 | WARNING  | main | ⚠️ Prix introuvable pour le livre : 'Settling the Score (The Summer Games #1)' (https://books.toscrape.com/catalogue/settling-the-score-the-summer-games-1_50/index.html)
2026-05-19 11:58:34 | WARNING  | main | ⚠️ Prix introuvable pour le livre : 'Tracing Numbers on a Train' (https://books.toscrape.com/catalogue/tracing-numbers-on-a-train_869/index.html)
2026-05-19 11:58:35 | WARNING  | main | ⚠️ Prix introuvable pour le livre : 'Raymie Nightingale' (https://books.toscrape.com/catalogue/raymie-nightingale_482/index.html)
2026-05-19 11:58:35 | WARNING  | main | ⚠️ Prix introuvable pour le livre : 'The End of Faith: Religion, Terror, and the Future of Reason' (https://books.toscrape.com/catalogue/the-end-of-faith-religion-terror-and-the-future-of-reason_246/index.html)
2026-05-19 11:58:36 | WARNING  | main | ⚠️ Prix introuvable pour le livre : 'Bitch Planet, Vol. 1: Extraordinary Machine (Bitch Planet (Collected Editions))' (https://books.toscrape.com/catalogue/bitch-planet-vol-1-extraordinary-machine-bitch-planet-collected-editions_882/index.html)
2026-05-19 11:58:37 | WARNING  | main | ⚠️ Prix introuvable pour le livre : 'Will You Won't You Want Me?' (https://books.toscrape.com/catalogue/will-you-wont-you-want-me_644/index.html)
2026-05-19 11:58:37 | WARNING  | main | ⚠️ Prix introuvable pour le livre : 'Tell the Wolves I'm Home' (https://books.toscrape.com/catalogue/tell-the-wolves-im-home_439/index.html)
2026-05-19 11:58:38 | WARNING  | main | ⚠️ Prix introuvable pour le livre : 'Saga, Volume 5 (Saga (Collected Editions) #5)' (https://books.toscrape.com/catalogue/saga-volume-5-saga-collected-editions-5_923/index.html)
2026-05-19 11:58:39 | WARNING  | main | ⚠️ Prix introuvable pour le livre : 'Wall and Piece' (https://books.toscrape.com/catalogue/wall-and-piece_971/index.html)
2026-05-19 11:58:39 | WARNING  | main | ⚠️ Prix introuvable pour le livre : 'The God Delusion' (https://books.toscrape.com/catalogue/the-god-delusion_444/index.html)
2026-05-19 11:58:40 | WARNING  | main | ⚠️ Prix introuvable pour le livre : 'The Guilty (Will Robie #4)' (https://books.toscrape.com/catalogue/the-guilty-will-robie-4_750/index.html)
2026-05-19 11:58:41 | WARNING  | main | ⚠️ Prix introuvable pour le livre : 'The Murder That Never Was (Forensic Instincts #5)' (https://books.toscrape.com/catalogue/the-murder-that-never-was-forensic-instincts-5_939/index.html)
2026-05-19 11:58:41 | WARNING  | main | ⚠️ Prix introuvable pour le livre : 'The Book Thief' (https://books.toscrape.com/catalogue/the-book-thief_233/index.html)
2026-05-19 11:58:42 | WARNING  | main | ⚠️ Prix introuvable pour le livre : 'City of Ashes (The Mortal Instruments #2)' (https://books.toscrape.com/catalogue/city-of-ashes-the-mortal-instruments-2_675/index.html)
2026-05-19 11:58:43 | WARNING  | main | ⚠️ Prix introuvable pour le livre : 'The Hitchhiker's Guide to the Galaxy (Hitchhiker's Guide to the Galaxy #1)' (https://books.toscrape.com/catalogue/the-hitchhikers-guide-to-the-galaxy-hitchhikers-guide-to-the-galaxy-1_255/index.html)
2026-05-19 11:58:43 | WARNING  | main | ⚠️ Prix introuvable pour le livre : 'Awkward' (https://books.toscrape.com/catalogue/awkward_124/index.html)
2026-05-19 11:58:44 | WARNING  | main | ⚠️ Prix introuvable pour le livre : 'Fellside' (https://books.toscrape.com/catalogue/fellside_155/index.html)
2026-05-19 11:58:45 | WARNING  | main | ⚠️ Prix introuvable pour le livre : 'Frostbite (Vampire Academy #2)' (https://books.toscrape.com/catalogue/frostbite-vampire-academy-2_810/index.html)
2026-05-19 11:58:46 | WARNING  | main | ⚠️ Prix introuvable pour le livre : 'Ms. Marvel, Vol. 1: No Normal (Ms. Marvel (2014-2015) #1)' (https://books.toscrape.com/catalogue/ms-marvel-vol-1-no-normal-ms-marvel-2014-2015-1_34/index.html)
2026-05-19 11:58:46 | WARNING  | main | ⚠️ Prix introuvable pour le livre : 'A Summer In Europe' (https://books.toscrape.com/catalogue/a-summer-in-europe_458/index.html)
2026-05-19 11:58:47 | WARNING  | main | ⚠️ Prix introuvable pour le livre : 'The Time Keeper' (https://books.toscrape.com/catalogue/the-time-keeper_766/index.html)
2026-05-19 11:58:48 | WARNING  | main | ⚠️ Prix introuvable pour le livre : 'Critique of Pure Reason' (https://books.toscrape.com/catalogue/critique-of-pure-reason_366/index.html)
2026-05-19 11:58:49 | WARNING  | main | ⚠️ Prix introuvable pour le livre : 'Morning Star (Red Rising #3)' (https://books.toscrape.com/catalogue/morning-star-red-rising-3_196/index.html)
2026-05-19 11:58:49 | WARNING  | main | ⚠️ Prix introuvable pour le livre : '1st to Die (Women's Murder Club #1)' (https://books.toscrape.com/catalogue/1st-to-die-womens-murder-club-1_2/index.html)
2026-05-19 11:58:50 | WARNING  | main | ⚠️ Prix introuvable pour le livre : 'The White Queen (The Cousins' War #1)' (https://books.toscrape.com/catalogue/the-white-queen-the-cousins-war-1_768/index.html)
2026-05-19 11:58:51 | WARNING  | main | ⚠️ Prix introuvable pour le livre : 'The Nameless City (The Nameless City #1)' (https://books.toscrape.com/catalogue/the-nameless-city-the-nameless-city-1_940/index.html)
2026-05-19 11:58:51 | WARNING  | main | ⚠️ Prix introuvable pour le livre : 'Naked' (https://books.toscrape.com/catalogue/naked_197/index.html)
2026-05-19 11:58:52 | WARNING  | main | ⚠️ Prix introuvable pour le livre : 'Chasing Heaven: What Dying Taught Me About Living' (https://books.toscrape.com/catalogue/chasing-heaven-what-dying-taught-me-about-living_797/index.html)
2026-05-19 11:58:53 | WARNING  | main | ⚠️ Prix introuvable pour le livre : 'The Invention of Wings' (https://books.toscrape.com/catalogue/the-invention-of-wings_448/index.html)
2026-05-19 11:58:53 | WARNING  | main | ⚠️ Prix introuvable pour le livre : 'Raspberry Pi Electronics Projects for the Evil Genius' (https://books.toscrape.com/catalogue/raspberry-pi-electronics-projects-for-the-evil-genius_630/index.html)
2026-05-19 11:58:54 | WARNING  | main | ⚠️ Prix introuvable pour le livre : 'Vampire Girl (Vampire Girl #1)' (https://books.toscrape.com/catalogue/vampire-girl-vampire-girl-1_92/index.html)
2026-05-19 11:58:54 | WARNING  | main | ⚠️ Prix introuvable pour le livre : 'Big Magic: Creative Living Beyond Fear' (https://books.toscrape.com/catalogue/big-magic-creative-living-beyond-fear_796/index.html)
2026-05-19 11:58:55 | WARNING  | main | ⚠️ Prix introuvable pour le livre : 'Little Red' (https://books.toscrape.com/catalogue/little-red_817/index.html)
2026-05-19 11:58:56 | WARNING  | main | ⚠️ Prix introuvable pour le livre : 'Blue Lily, Lily Blue (The Raven Cycle #3)' (https://books.toscrape.com/catalogue/blue-lily-lily-blue-the-raven-cycle-3_364/index.html)
2026-05-19 11:58:56 | WARNING  | main | ⚠️ Prix introuvable pour le livre : 'A Shard of Ice (The Black Symphony Saga #1)' (https://books.toscrape.com/catalogue/a-shard-of-ice-the-black-symphony-saga-1_558/index.html)
2026-05-19 11:58:57 | WARNING  | main | ⚠️ Prix introuvable pour le livre : 'Talking to Girls About Duran Duran: One Young Man's Quest for True Love and a Cooler Haircut' (https://books.toscrape.com/catalogue/talking-to-girls-about-duran-duran-one-young-mans-quest-for-true-love-and-a-cooler-haircut_394/index.html)
2026-05-19 11:58:57 | WARNING  | main | ⚠️ Prix introuvable pour le livre : 'A Feast for Crows (A Song of Ice and Fire #4)' (https://books.toscrape.com/catalogue/a-feast-for-crows-a-song-of-ice-and-fire-4_357/index.html)
2026-05-19 11:58:58 | WARNING  | main | ⚠️ Prix introuvable pour le livre : 'The Autobiography of Malcolm X' (https://books.toscrape.com/catalogue/the-autobiography-of-malcolm-x_230/index.html)
2026-05-19 11:58:59 | WARNING  | main | ⚠️ Prix introuvable pour le livre : 'The Girl You Lost' (https://books.toscrape.com/catalogue/the-girl-you-lost_66/index.html)
2026-05-19 11:58:59 | WARNING  | main | ⚠️ Prix introuvable pour le livre : 'The Mirror & the Maze (The Wrath and the Dawn #1.5)' (https://books.toscrape.com/catalogue/the-mirror-the-maze-the-wrath-and-the-dawn-15_73/index.html)
2026-05-19 11:59:00 | WARNING  | main | ⚠️ Prix introuvable pour le livre : 'Rip it Up and Start Again' (https://books.toscrape.com/catalogue/rip-it-up-and-start-again_986/index.html)
2026-05-19 11:59:00 | WARNING  | main | ⚠️ Prix introuvable pour le livre : 'Fruits Basket, Vol. 4 (Fruits Basket #4)' (https://books.toscrape.com/catalogue/fruits-basket-vol-4-fruits-basket-4_321/index.html)
2026-05-19 11:59:01 | WARNING  | main | ⚠️ Prix introuvable pour le livre : 'Paper Girls, Vol. 1 (Paper Girls #1-5)' (https://books.toscrape.com/catalogue/paper-girls-vol-1-paper-girls-1-5_44/index.html)
2026-05-19 11:59:02 | WARNING  | main | ⚠️ Prix introuvable pour le livre : 'Running with Scissors' (https://books.toscrape.com/catalogue/running-with-scissors_215/index.html)
2026-05-19 11:59:02 | WARNING  | main | ⚠️ Prix introuvable pour le livre : 'At The Existentialist Café: Freedom, Being, and apricot cocktails with: Jean-Paul Sartre, Simone de Beauvoir, Albert Camus, Martin Heidegger, Edmund Husserl, Karl Jaspers, Maurice Merleau-Ponty and others' (https://books.toscrape.com/catalogue/at-the-existentialist-cafe-freedom-being-and-apricot-cocktails-with-jean-paul-sartre-simone-de-beauvoir-albert-camus-martin-heidegger-edmund-husserl-karl-jaspers-maurice-merleau-ponty-and-others_459/index.html)
2026-05-19 11:59:03 | WARNING  | main | ⚠️ Prix introuvable pour le livre : 'The Most Perfect Thing: Inside (and Outside) a Bird's Egg' (https://books.toscrape.com/catalogue/the-most-perfect-thing-inside-and-outside-a-birds-egg_938/index.html)
2026-05-19 11:59:03 | WARNING  | main | ⚠️ Prix introuvable pour le livre : 'Modern Day Fables' (https://books.toscrape.com/catalogue/modern-day-fables_565/index.html)
2026-05-19 11:59:04 | WARNING  | main | ⚠️ Prix introuvable pour le livre : 'Sister Dear' (https://books.toscrape.com/catalogue/sister-dear_485/index.html)
2026-05-19 11:59:05 | WARNING  | main | ⚠️ Prix introuvable pour le livre : 'Fifty Shades Freed (Fifty Shades #3)' (https://books.toscrape.com/catalogue/fifty-shades-freed-fifty-shades-3_156/index.html)
2026-05-19 11:59:05 | WARNING  | main | ⚠️ Prix introuvable pour le livre : 'Rook' (https://books.toscrape.com/catalogue/rook_647/index.html)
2026-05-19 11:59:06 | WARNING  | main | ⚠️ Prix introuvable pour le livre : 'Between the World and Me' (https://books.toscrape.com/catalogue/between-the-world-and-me_513/index.html)
2026-05-19 11:59:07 | WARNING  | main | ⚠️ Prix introuvable pour le livre : 'Paper and Fire (The Great Library #2)' (https://books.toscrape.com/catalogue/paper-and-fire-the-great-library-2_339/index.html)
2026-05-19 11:59:08 | WARNING  | main | ⚠️ Prix introuvable pour le livre : 'When I'm Gone' (https://books.toscrape.com/catalogue/when-im-gone_95/index.html)
2026-05-19 11:59:08 | WARNING  | main | ⚠️ Prix introuvable pour le livre : 'My Name Is Lucy Barton' (https://books.toscrape.com/catalogue/my-name-is-lucy-barton_720/index.html)
2026-05-19 11:59:09 | WARNING  | main | ⚠️ Prix introuvable pour le livre : 'The Name of God is Mercy' (https://books.toscrape.com/catalogue/the-name-of-god-is-mercy_264/index.html)
2026-05-19 11:59:10 | WARNING  | main | ⚠️ Prix introuvable pour le livre : 'The Jazz of Physics: The Secret Link Between Music and the Structure of the Universe' (https://books.toscrape.com/catalogue/the-jazz-of-physics-the-secret-link-between-music-and-the-structure-of-the-universe_350/index.html)
2026-05-19 11:59:10 | WARNING  | main | ⚠️ Prix introuvable pour le livre : 'The Wicked + The Divine, Vol. 1: The Faust Act (The Wicked + The Divine)' (https://books.toscrape.com/catalogue/the-wicked-the-divine-vol-1-the-faust-act-the-wicked-the-divine_86/index.html)
2026-05-19 11:59:11 | WARNING  | main | ⚠️ Prix introuvable pour le livre : 'Sharp Objects' (https://books.toscrape.com/catalogue/sharp-objects_997/index.html)
2026-05-19 11:59:12 | WARNING  | main | ⚠️ Prix introuvable pour le livre : 'Troublemaker: Surviving Hollywood and Scientology' (https://books.toscrape.com/catalogue/troublemaker-surviving-hollywood-and-scientology_610/index.html)
2026-05-19 11:59:13 | WARNING  | main | ⚠️ Prix introuvable pour le livre : 'Heir to the Sky' (https://books.toscrape.com/catalogue/heir-to-the-sky_166/index.html)
2026-05-19 11:59:14 | WARNING  | main | ⚠️ Prix introuvable pour le livre : '1491: New Revelations of the Americas Before Columbus' (https://books.toscrape.com/catalogue/1491-new-revelations-of-the-americas-before-columbus_650/index.html)
2026-05-19 11:59:14 | WARNING  | main | ⚠️ Prix introuvable pour le livre : 'Equal Is Unfair: America's Misguided Fight Against Income Inequality' (https://books.toscrape.com/catalogue/equal-is-unfair-americas-misguided-fight-against-income-inequality_617/index.html)
2026-05-19 11:59:16 | WARNING  | main | ⚠️ Prix introuvable pour le livre : 'Girl With a Pearl Earring' (https://books.toscrape.com/catalogue/girl-with-a-pearl-earring_322/index.html)
2026-05-19 11:59:18 | WARNING  | main | ⚠️ Prix introuvable pour le livre : 'Someone Like You (The Harrisons #2)' (https://books.toscrape.com/catalogue/someone-like-you-the-harrisons-2_735/index.html)
2026-05-19 11:59:18 | WARNING  | main | ⚠️ Prix introuvable pour le livre : 'Penny Maybe' (https://books.toscrape.com/catalogue/penny-maybe_965/index.html)
2026-05-19 11:59:19 | WARNING  | main | ⚠️ Prix introuvable pour le livre : 'The Activist's Tao Te Ching: Ancient Advice for a Modern Revolution' (https://books.toscrape.com/catalogue/the-activists-tao-te-ching-ancient-advice-for-a-modern-revolution_928/index.html)
2026-05-19 11:59:20 | WARNING  | main | ⚠️ Prix introuvable pour le livre : 'Clockwork Angel (The Infernal Devices #1)' (https://books.toscrape.com/catalogue/clockwork-angel-the-infernal-devices-1_679/index.html)
2026-05-19 11:59:21 | WARNING  | main | ⚠️ Prix introuvable pour le livre : 'Harry Potter and the Order of the Phoenix (Harry Potter #5)' (https://books.toscrape.com/catalogue/harry-potter-and-the-order-of-the-phoenix-harry-potter-5_327/index.html)
2026-05-19 11:59:22 | WARNING  | main | ⚠️ Prix introuvable pour le livre : 'A History of God: The 4,000-Year Quest of Judaism, Christianity, and Islam' (https://books.toscrape.com/catalogue/a-history-of-god-the-4000-year-quest-of-judaism-christianity-and-islam_310/index.html)
2026-05-19 11:59:23 | WARNING  | main | ⚠️ Prix introuvable pour le livre : 'The Name of the Wind (The Kingkiller Chronicle #1)' (https://books.toscrape.com/catalogue/the-name-of-the-wind-the-kingkiller-chronicle-1_74/index.html)
2026-05-19 11:59:23 | WARNING  | main | ⚠️ Prix introuvable pour le livre : 'Eight Hundred Grapes' (https://books.toscrape.com/catalogue/eight-hundred-grapes_690/index.html)
2026-05-19 11:59:24 | WARNING  | main | ⚠️ Prix introuvable pour le livre : 'Ayumi's Violin' (https://books.toscrape.com/catalogue/ayumis-violin_791/index.html)
2026-05-19 11:59:25 | WARNING  | main | ⚠️ Prix introuvable pour le livre : 'Adulthood Is a Myth: A "Sarah's Scribbles" Collection' (https://books.toscrape.com/catalogue/adulthood-is-a-myth-a-sarahs-scribbles-collection_659/index.html)
2026-05-19 11:59:25 | WARNING  | main | ⚠️ Prix introuvable pour le livre : 'Arena' (https://books.toscrape.com/catalogue/arena_587/index.html)
2026-05-19 11:59:27 | WARNING  | main | ⚠️ Prix introuvable pour le livre : 'Proofs of God: Classical Arguments from Tertullian to Barth' (https://books.toscrape.com/catalogue/proofs-of-god-classical-arguments-from-tertullian-to-barth_538/index.html)
2026-05-19 11:59:27 | WARNING  | main | ⚠️ Prix introuvable pour le livre : 'A Series of Catastrophes and Miracles: A True Story of Love, Science, and Cancer' (https://books.toscrape.com/catalogue/a-series-of-catastrophes-and-miracles-a-true-story-of-love-science-and-cancer_655/index.html)
2026-05-19 11:59:28 | WARNING  | main | ⚠️ Prix introuvable pour le livre : 'The Moosewood Cookbook: Recipes from Moosewood Restaurant, Ithaca, New York' (https://books.toscrape.com/catalogue/the-moosewood-cookbook-recipes-from-moosewood-restaurant-ithaca-new-york_574/index.html)
2026-05-19 11:59:29 | WARNING  | main | ⚠️ Prix introuvable pour le livre : 'Cell' (https://books.toscrape.com/catalogue/cell_674/index.html)
2026-05-19 11:59:29 | WARNING  | main | ⚠️ Prix introuvable pour le livre : 'The Fault in Our Stars' (https://books.toscrape.com/catalogue/the-fault-in-our-stars_403/index.html)
2026-05-19 11:59:30 | WARNING  | main | ⚠️ Prix introuvable pour le livre : 'The Lucifer Effect: Understanding How Good People Turn Evil' (https://books.toscrape.com/catalogue/the-lucifer-effect-understanding-how-good-people-turn-evil_758/index.html)
2026-05-19 11:59:30 | WARNING  | main | ⚠️ Prix introuvable pour le livre : 'Orchestra of Exiles: The Story of Bronislaw Huberman, the Israel Philharmonic, and the One Thousand Jews He Saved from Nazi Horrors' (https://books.toscrape.com/catalogue/orchestra-of-exiles-the-story-of-bronislaw-huberman-the-israel-philharmonic-and-the-one-thousand-jews-he-saved-from-nazi-horrors_337/index.html)
2026-05-19 11:59:31 | WARNING  | main | ⚠️ Prix introuvable pour le livre : 'Candide' (https://books.toscrape.com/catalogue/candide_316/index.html)
2026-05-19 11:59:32 | WARNING  | main | ⚠️ Prix introuvable pour le livre : 'Unseen City: The Majesty of Pigeons, the Discreet Charm of Snails & Other Wonders of the Urban Wilderness' (https://books.toscrape.com/catalogue/unseen-city-the-majesty-of-pigeons-the-discreet-charm-of-snails-other-wonders-of-the-urban-wilderness_952/index.html)
2026-05-19 11:59:32 | WARNING  | main | ⚠️ Prix introuvable pour le livre : 'Exit, Pursued by a Bear' (https://books.toscrape.com/catalogue/exit-pursued-by-a-bear_591/index.html)
2026-05-19 11:59:34 | WARNING  | main | ⚠️ Prix introuvable pour le livre : 'Chronicles, Vol. 1' (https://books.toscrape.com/catalogue/chronicles-vol-1_462/index.html)
2026-05-19 11:59:36 | WARNING  | main | ⚠️ Prix introuvable pour le livre : 'The 10% Entrepreneur: Live Your Startup Dream Without Quitting Your Day Job' (https://books.toscrape.com/catalogue/the-10-entrepreneur-live-your-startup-dream-without-quitting-your-day-job_836/index.html)
2026-05-19 11:59:36 | WARNING  | main | ⚠️ Prix introuvable pour le livre : 'This One Summer' (https://books.toscrape.com/catalogue/this-one-summer_947/index.html)
2026-05-19 11:59:37 | WARNING  | main | ⚠️ Prix introuvable pour le livre : 'El Deafo' (https://books.toscrape.com/catalogue/el-deafo_691/index.html)
2026-05-19 11:59:38 | WARNING  | main | ⚠️ Prix introuvable pour le livre : 'Deep Under (Walker Security #1)' (https://books.toscrape.com/catalogue/deep-under-walker-security-1_15/index.html)
2026-05-19 11:59:38 | WARNING  | main | ⚠️ Prix introuvable pour le livre : 'The Firm' (https://books.toscrape.com/catalogue/the-firm_404/index.html)
2026-05-19 11:59:39 | WARNING  | main | ⚠️ Prix introuvable pour le livre : 'The Improbability of Love' (https://books.toscrape.com/catalogue/the-improbability-of-love_607/index.html)
2026-05-19 11:59:39 | WARNING  | main | ⚠️ Prix introuvable pour le livre : 'Wonder Woman: Earth One, Volume One (Wonder Woman: Earth One #1)' (https://books.toscrape.com/catalogue/wonder-woman-earth-one-volume-one-wonder-woman-earth-one-1_783/index.html)
2026-05-19 11:59:40 | WARNING  | main | ⚠️ Prix introuvable pour le livre : 'Carrie' (https://books.toscrape.com/catalogue/carrie_671/index.html)
2026-05-19 11:59:41 | WARNING  | main | ⚠️ Prix introuvable pour le livre : 'The Past Never Ends' (https://books.toscrape.com/catalogue/the-past-never-ends_942/index.html)
2026-05-19 11:59:41 | WARNING  | main | ⚠️ Prix introuvable pour le livre : 'Princess Between Worlds (Wide-Awake Princess #5)' (https://books.toscrape.com/catalogue/princess-between-worlds-wide-awake-princess-5_919/index.html)
2026-05-19 11:59:42 | WARNING  | main | ⚠️ Prix introuvable pour le livre : 'Codename Baboushka, Volume 1: The Conclave of Death' (https://books.toscrape.com/catalogue/codename-baboushka-volume-1-the-conclave-of-death_887/index.html)
2026-05-19 11:59:43 | WARNING  | main | ⚠️ Prix introuvable pour le livre : 'I'll Give You the Sun' (https://books.toscrape.com/catalogue/ill-give-you-the-sun_525/index.html)
2026-05-19 11:59:44 | WARNING  | main | ⚠️ Prix introuvable pour le livre : 'Dracula' (https://books.toscrape.com/catalogue/dracula_150/index.html)
2026-05-19 11:59:45 | WARNING  | main | ⚠️ Prix introuvable pour le livre : 'The Infinities' (https://books.toscrape.com/catalogue/the-infinities_257/index.html)
2026-05-19 11:59:47 | WARNING  | main | ⚠️ Prix introuvable pour le livre : 'You (You #1)' (https://books.toscrape.com/catalogue/you-you-1_784/index.html)
2026-05-19 11:59:48 | WARNING  | main | ⚠️ Prix introuvable pour le livre : 'I Am Malala: The Girl Who Stood Up for Education and Was Shot by the Taliban' (https://books.toscrape.com/catalogue/i-am-malala-the-girl-who-stood-up-for-education-and-was-shot-by-the-taliban_172/index.html)
2026-05-19 11:59:49 | WARNING  | main | ⚠️ Prix introuvable pour le livre : 'Digital Fortress' (https://books.toscrape.com/catalogue/digital-fortress_369/index.html)
2026-05-19 11:59:50 | WARNING  | main | ⚠️ Prix introuvable pour le livre : 'Ready Player One' (https://books.toscrape.com/catalogue/ready-player-one_209/index.html)
2026-05-19 11:59:50 | WARNING  | main | ⚠️ Prix introuvable pour le livre : 'House of Lost Worlds: Dinosaurs, Dynasties, and the Story of Life on Earth' (https://books.toscrape.com/catalogue/house-of-lost-worlds-dinosaurs-dynasties-and-the-story-of-life-on-earth_170/index.html)
2026-05-19 11:59:51 | WARNING  | main | ⚠️ Prix introuvable pour le livre : 'Camp Midnight' (https://books.toscrape.com/catalogue/camp-midnight_886/index.html)
2026-05-19 11:59:52 | WARNING  | main | ⚠️ Prix introuvable pour le livre : 'Notes from a Small Island (Notes From a Small Island #1)' (https://books.toscrape.com/catalogue/notes-from-a-small-island-notes-from-a-small-island-1_200/index.html)
2026-05-19 11:59:52 | WARNING  | main | ⚠️ Prix introuvable pour le livre : 'Red Hood/Arsenal, Vol. 1: Open for Business (Red Hood/Arsenal #1)' (https://books.toscrape.com/catalogue/red-hoodarsenal-vol-1-open-for-business-red-hoodarsenal-1_729/index.html)
2026-05-19 11:59:53 | WARNING  | main | ⚠️ Prix introuvable pour le livre : 'Dark Lover (Black Dagger Brotherhood #1)' (https://books.toscrape.com/catalogue/dark-lover-black-dagger-brotherhood-1_319/index.html)
2026-05-19 11:59:53 | WARNING  | main | ⚠️ Prix introuvable pour le livre : 'Lamb: The Gospel According to Biff, Christ's Childhood Pal' (https://books.toscrape.com/catalogue/lamb-the-gospel-according-to-biff-christs-childhood-pal_182/index.html)
2026-05-19 11:59:54 | WARNING  | main | ⚠️ Prix introuvable pour le livre : 'Where Lightning Strikes (Bleeding Stars #3)' (https://books.toscrape.com/catalogue/where-lightning-strikes-bleeding-stars-3_96/index.html)
2026-05-19 11:59:55 | WARNING  | main | ⚠️ Prix introuvable pour le livre : 'The Restaurant at the End of the Universe (Hitchhiker's Guide to the Galaxy #2)' (https://books.toscrape.com/catalogue/the-restaurant-at-the-end-of-the-universe-hitchhikers-guide-to-the-galaxy-2_275/index.html)
2026-05-19 11:59:55 | WARNING  | main | ⚠️ Prix introuvable pour le livre : 'Off the Hook (Fishing for Trouble #1)' (https://books.toscrape.com/catalogue/off-the-hook-fishing-for-trouble-1_601/index.html)
2026-05-19 11:59:56 | WARNING  | main | ⚠️ Prix introuvable pour le livre : 'Hamilton: The Revolution' (https://books.toscrape.com/catalogue/hamilton-the-revolution_699/index.html)
2026-05-19 11:59:56 | WARNING  | main | ⚠️ Prix introuvable pour le livre : 'The Five Love Languages: How to Express Heartfelt Commitment to Your Mate' (https://books.toscrape.com/catalogue/the-five-love-languages-how-to-express-heartfelt-commitment-to-your-mate_969/index.html)
2026-05-19 11:59:57 | WARNING  | main | ⚠️ Prix introuvable pour le livre : 'The Golden Compass (His Dark Materials #1)' (https://books.toscrape.com/catalogue/the-golden-compass-his-dark-materials-1_445/index.html)
2026-05-19 11:59:58 | WARNING  | main | ⚠️ Prix introuvable pour le livre : 'The Little Paris Bookshop' (https://books.toscrape.com/catalogue/the-little-paris-bookshop_407/index.html)
2026-05-19 11:59:59 | WARNING  | main | ⚠️ Prix introuvable pour le livre : 'The Rise and Fall of the Third Reich: A History of Nazi Germany' (https://books.toscrape.com/catalogue/the-rise-and-fall-of-the-third-reich-a-history-of-nazi-germany_454/index.html)
2026-05-19 11:59:59 | WARNING  | main | ⚠️ Prix introuvable pour le livre : 'The Collected Poems of W.B. Yeats (The Collected Works of W.B. Yeats #1)' (https://books.toscrape.com/catalogue/the-collected-poems-of-wb-yeats-the-collected-works-of-wb-yeats-1_441/index.html)
2026-05-19 12:00:00 | WARNING  | main | ⚠️ Prix introuvable pour le livre : 'On a Midnight Clear' (https://books.toscrape.com/catalogue/on-a-midnight-clear_912/index.html)
2026-05-19 12:00:01 | WARNING  | main | ⚠️ Prix introuvable pour le livre : 'The Cuckoo's Calling (Cormoran Strike #1)' (https://books.toscrape.com/catalogue/the-cuckoos-calling-cormoran-strike-1_239/index.html)
2026-05-19 12:00:01 | WARNING  | main | ⚠️ Prix introuvable pour le livre : 'Join' (https://books.toscrape.com/catalogue/join_902/index.html)
2026-05-19 12:00:02 | WARNING  | main | ⚠️ Prix introuvable pour le livre : 'The Art Forger' (https://books.toscrape.com/catalogue/the-art-forger_930/index.html)
2026-05-19 12:00:03 | WARNING  | main | ⚠️ Prix introuvable pour le livre : 'Masks and Shadows' (https://books.toscrape.com/catalogue/masks-and-shadows_909/index.html)
2026-05-19 12:00:03 | WARNING  | main | ⚠️ Prix introuvable pour le livre : 'The Alien Club' (https://books.toscrape.com/catalogue/the-alien-club_569/index.html)
2026-05-19 12:00:04 | WARNING  | main | ⚠️ Prix introuvable pour le livre : 'Poses for Artists Volume 1 - Dynamic and Sitting Poses: An Essential Reference for Figure Drawing and the Human Form' (https://books.toscrape.com/catalogue/poses-for-artists-volume-1-dynamic-and-sitting-poses-an-essential-reference-for-figure-drawing-and-the-human-form_825/index.html)
2026-05-19 12:00:05 | WARNING  | main | ⚠️ Prix introuvable pour le livre : 'The Widow' (https://books.toscrape.com/catalogue/the-widow_609/index.html)
2026-05-19 12:00:05 | WARNING  | main | ⚠️ Prix introuvable pour le livre : 'Death by Leisure: A Cautionary Tale' (https://books.toscrape.com/catalogue/death-by-leisure-a-cautionary-tale_516/index.html)
2026-05-19 12:00:06 | WARNING  | main | ⚠️ Prix introuvable pour le livre : 'Evicted: Poverty and Profit in the American City' (https://books.toscrape.com/catalogue/evicted-poverty-and-profit-in-the-american-city_372/index.html)
2026-05-19 12:17:20 | ERROR    | transform | ❌ Fichier introuvable : data/books_FAUSSE_DATE_9999.json
2026-05-19 12:55:54 | ERROR    | __main__ | Impossible d'envoyer l'alerte de monitoring : HTTPSConnectionPool(host='discord.com', port=443): Max retries exceeded with url: /api/webhooks/1506275218308726864/IXO10KeiIcnFRnHAcc9VMyUnY0uoJa_UlYnLmTMXDt1nr-6jOvZdD1P9Sk8803yBdmeY (Caused by SSLError(SSLCertVerificationError(1, '[SSL: CERTIFICATE_VERIFY_FAILED] certificate verify failed: unable to get local issuer certificate (_ssl.c:1016)')))
2026-05-19 13:31:18 | WARNING  | main | ⚠️ Tentative 1/3 échouée pour https://books.toscrape.com/catalogue/private-paris-private-10_958/index.html. Erreur: HTTPSConnectionPool(host='books.toscrape.com', port=443): Read timed out. (read timeout=10)
2026-05-19 13:31:36 | WARNING  | main | ⚠️ Tentative 2/3 échouée pour https://books.toscrape.com/catalogue/private-paris-private-10_958/index.html. Erreur: HTTPSConnectionPool(host='books.toscrape.com', port=443): Read timed out. (read timeout=10)
2026-05-19 13:34:58 | WARNING  | main | ⚠️ Tentative 1/3 échouée pour https://books.toscrape.com/catalogue/night-the-night-trilogy-1_199/index.html. Erreur: HTTPSConnectionPool(host='books.toscrape.com', port=443): Max retries exceeded with url: /catalogue/night-the-night-trilogy-1_199/index.html (Caused by SSLError(SSLEOFError(8, '[SSL: UNEXPECTED_EOF_WHILE_READING] EOF occurred in violation of protocol (_ssl.c:1016)')))
2026-05-19 13:35:51 | WARNING  | main | ⚠️ Tentative 1/3 échouée pour https://books.toscrape.com/catalogue/lord-of-the-flies_30/index.html. Erreur: HTTPSConnectionPool(host='books.toscrape.com', port=443): Read timed out. (read timeout=10)
2026-05-19 13:36:05 | WARNING  | main | ⚠️ Tentative 1/3 échouée pour https://books.toscrape.com/catalogue/dracula_150/index.html. Erreur: HTTPSConnectionPool(host='books.toscrape.com', port=443): Read timed out. (read timeout=10)
2026-05-19 13:36:16 | WARNING  | main | ⚠️ Tentative 2/3 échouée pour https://books.toscrape.com/catalogue/dracula_150/index.html. Erreur: HTTPSConnectionPool(host='books.toscrape.com', port=443): Max retries exceeded with url: /catalogue/dracula_150/index.html (Caused by NameResolutionError("HTTPSConnection(host='books.toscrape.com', port=443): Failed to resolve 'books.toscrape.com' ([Errno -5] No address associated with hostname)"))
2026-05-19 13:36:22 | WARNING  | main | ⚠️ Tentative 3/3 échouée pour https://books.toscrape.com/catalogue/dracula_150/index.html. Erreur: HTTPSConnectionPool(host='books.toscrape.com', port=443): Max retries exceeded with url: /catalogue/dracula_150/index.html (Caused by NameResolutionError("HTTPSConnection(host='books.toscrape.com', port=443): Failed to resolve 'books.toscrape.com' ([Errno -5] No address associated with hostname)"))
2026-05-19 13:36:37 | WARNING  | main | ⚠️ Tentative 1/3 échouée pour https://books.toscrape.com/catalogue/you-are-a-badass-how-to-stop-doubting-your-greatness-and-start-living-an-awesome-life_508/index.html. Erreur: HTTPSConnectionPool(host='books.toscrape.com', port=443): Max retries exceeded with url: /catalogue/you-are-a-badass-how-to-stop-doubting-your-greatness-and-start-living-an-awesome-life_508/index.html (Caused by NameResolutionError("HTTPSConnection(host='books.toscrape.com', port=443): Failed to resolve 'books.toscrape.com' ([Errno -5] No address associated with hostname)"))
2026-05-20 03:38:43 | WARNING  | main | ⚠️ Tentative 1/3 échouée pour https://books.toscrape.com/catalogue/page-13.html. Erreur: HTTPSConnectionPool(host='books.toscrape.com', port=443): Max retries exceeded with url: /catalogue/page-13.html (Caused by NameResolutionError("HTTPSConnection(host='books.toscrape.com', port=443): Failed to resolve 'books.toscrape.com' ([Errno -2] Name or service not known)"))
2026-05-20 04:11:15 | WARNING  | main | ⚠️ Tentative 1/3 échouée pour https://books.toscrape.com/catalogue/page-35.html. Erreur: HTTPSConnectionPool(host='books.toscrape.com', port=443): Max retries exceeded with url: /catalogue/page-35.html (Caused by NewConnectionError("HTTPSConnection(host='books.toscrape.com', port=443): Failed to establish a new connection: [Errno 111] Connection refused"))
2026-05-20 05:20:39 | WARNING  | main | ⚠️ Tentative 1/3 échouée pour https://books.toscrape.com/catalogue/page-37.html. Erreur: HTTPSConnectionPool(host='books.toscrape.com', port=443): Max retries exceeded with url: /catalogue/page-37.html (Caused by NameResolutionError("HTTPSConnection(host='books.toscrape.com', port=443): Failed to resolve 'books.toscrape.com' ([Errno -5] No address associated with hostname)"))
2026-05-20 05:20:49 | WARNING  | main | ⚠️ Tentative 2/3 échouée pour https://books.toscrape.com/catalogue/page-37.html. Erreur: HTTPSConnectionPool(host='books.toscrape.com', port=443): Max retries exceeded with url: /catalogue/page-37.html (Caused by NameResolutionError("HTTPSConnection(host='books.toscrape.com', port=443): Failed to resolve 'books.toscrape.com' ([Errno -5] No address associated with hostname)"))
2026-05-20 05:42:03 | WARNING  | main | ⚠️ Tentative 1/3 échouée pour https://books.toscrape.com/catalogue/ways-of-seeing_94/index.html. Erreur: ('Connection aborted.', RemoteDisconnected('Remote end closed connection without response'))
2026-05-20 05:42:28 | WARNING  | main | ⚠️ Tentative 1/3 échouée pour https://books.toscrape.com/catalogue/night-the-night-trilogy-1_199/index.html. Erreur: HTTPSConnectionPool(host='books.toscrape.com', port=443): Max retries exceeded with url: /catalogue/night-the-night-trilogy-1_199/index.html (Caused by NewConnectionError("HTTPSConnection(host='books.toscrape.com', port=443): Failed to establish a new connection: [Errno 111] Connection refused"))
2026-05-20 06:24:36 | WARNING  | main | ⚠️ Tentative 1/3 échouée pour https://books.toscrape.com/catalogue/how-to-be-a-domestic-goddess-baking-and-the-art-of-comfort-cooking_470/index.html. Erreur: HTTPSConnectionPool(host='books.toscrape.com', port=443): Read timed out. (read timeout=10)
2026-05-20 06:42:39 | WARNING  | main | ⚠️ Tentative 1/3 échouée pour https://books.toscrape.com/catalogue/the-marriage-of-opposites_759/index.html. Erreur: HTTPSConnectionPool(host='books.toscrape.com', port=443): Read timed out. (read timeout=10)
2026-05-20 06:42:46 | WARNING  | main | ⚠️ Tentative 2/3 échouée pour https://books.toscrape.com/catalogue/the-marriage-of-opposites_759/index.html. Erreur: HTTPSConnectionPool(host='books.toscrape.com', port=443): Max retries exceeded with url: /catalogue/the-marriage-of-opposites_759/index.html (Caused by NameResolutionError("HTTPSConnection(host='books.toscrape.com', port=443): Failed to resolve 'books.toscrape.com' ([Errno -5] No address associated with hostname)"))
2026-05-20 06:44:45 | WARNING  | main | ⚠️ Tentative 1/3 échouée pour https://books.toscrape.com/catalogue/the-art-of-fielding_228/index.html. Erreur: HTTPSConnectionPool(host='books.toscrape.com', port=443): Read timed out. (read timeout=10)
2026-05-20 06:44:55 | WARNING  | main | ⚠️ Tentative 2/3 échouée pour https://books.toscrape.com/catalogue/the-art-of-fielding_228/index.html. Erreur: HTTPSConnectionPool(host='books.toscrape.com', port=443): Max retries exceeded with url: /catalogue/the-art-of-fielding_228/index.html (Caused by NameResolutionError("HTTPSConnection(host='books.toscrape.com', port=443): Failed to resolve 'books.toscrape.com' ([Errno -5] No address associated with hostname)"))
2026-05-20 06:44:58 | WARNING  | main | ⚠️ Tentative 3/3 échouée pour https://books.toscrape.com/catalogue/the-art-of-fielding_228/index.html. Erreur: HTTPSConnectionPool(host='books.toscrape.com', port=443): Max retries exceeded with url: /catalogue/the-art-of-fielding_228/index.html (Caused by NameResolutionError("HTTPSConnection(host='books.toscrape.com', port=443): Failed to resolve 'books.toscrape.com' ([Errno -2] Name or service not known)"))
2026-05-20 06:45:04 | WARNING  | main | ⚠️ Tentative 1/3 échouée pour https://books.toscrape.com/catalogue/harry-potter-and-the-half-blood-prince-harry-potter-6_326/index.html. Erreur: HTTPSConnectionPool(host='books.toscrape.com', port=443): Max retries exceeded with url: /catalogue/harry-potter-and-the-half-blood-prince-harry-potter-6_326/index.html (Caused by NameResolutionError("HTTPSConnection(host='books.toscrape.com', port=443): Failed to resolve 'books.toscrape.com' ([Errno -2] Name or service not known)"))
2026-05-20 06:45:06 | WARNING  | main | ⚠️ Tentative 2/3 échouée pour https://books.toscrape.com/catalogue/harry-potter-and-the-half-blood-prince-harry-potter-6_326/index.html. Erreur: HTTPSConnectionPool(host='books.toscrape.com', port=443): Max retries exceeded with url: /catalogue/harry-potter-and-the-half-blood-prince-harry-potter-6_326/index.html (Caused by NameResolutionError("HTTPSConnection(host='books.toscrape.com', port=443): Failed to resolve 'books.toscrape.com' ([Errno -2] Name or service not known)"))
2026-05-20 06:45:08 | WARNING  | main | ⚠️ Tentative 3/3 échouée pour https://books.toscrape.com/catalogue/harry-potter-and-the-half-blood-prince-harry-potter-6_326/index.html. Erreur: HTTPSConnectionPool(host='books.toscrape.com', port=443): Max retries exceeded with url: /catalogue/harry-potter-and-the-half-blood-prince-harry-potter-6_326/index.html (Caused by NameResolutionError("HTTPSConnection(host='books.toscrape.com', port=443): Failed to resolve 'books.toscrape.com' ([Errno -2] Name or service not known)"))
2026-05-20 06:45:10 | WARNING  | main | ⚠️ Tentative 1/3 échouée pour https://books.toscrape.com/catalogue/candide_316/index.html. Erreur: HTTPSConnectionPool(host='books.toscrape.com', port=443): Max retries exceeded with url: /catalogue/candide_316/index.html (Caused by NameResolutionError("HTTPSConnection(host='books.toscrape.com', port=443): Failed to resolve 'books.toscrape.com' ([Errno -2] Name or service not known)"))
2026-05-20 06:45:12 | WARNING  | main | ⚠️ Tentative 2/3 échouée pour https://books.toscrape.com/catalogue/candide_316/index.html. Erreur: HTTPSConnectionPool(host='books.toscrape.com', port=443): Max retries exceeded with url: /catalogue/candide_316/index.html (Caused by NameResolutionError("HTTPSConnection(host='books.toscrape.com', port=443): Failed to resolve 'books.toscrape.com' ([Errno -2] Name or service not known)"))
2026-05-20 06:45:14 | WARNING  | main | ⚠️ Tentative 3/3 échouée pour https://books.toscrape.com/catalogue/candide_316/index.html. Erreur: HTTPSConnectionPool(host='books.toscrape.com', port=443): Max retries exceeded with url: /catalogue/candide_316/index.html (Caused by NameResolutionError("HTTPSConnection(host='books.toscrape.com', port=443): Failed to resolve 'books.toscrape.com' ([Errno -2] Name or service not known)"))
2026-05-20 06:45:16 | WARNING  | main | ⚠️ Tentative 1/3 échouée pour https://books.toscrape.com/catalogue/dark-notes_800/index.html. Erreur: HTTPSConnectionPool(host='books.toscrape.com', port=443): Max retries exceeded with url: /catalogue/dark-notes_800/index.html (Caused by NameResolutionError("HTTPSConnection(host='books.toscrape.com', port=443): Failed to resolve 'books.toscrape.com' ([Errno -2] Name or service not known)"))
2026-05-20 06:45:18 | WARNING  | main | ⚠️ Tentative 2/3 échouée pour https://books.toscrape.com/catalogue/dark-notes_800/index.html. Erreur: HTTPSConnectionPool(host='books.toscrape.com', port=443): Max retries exceeded with url: /catalogue/dark-notes_800/index.html (Caused by NameResolutionError("HTTPSConnection(host='books.toscrape.com', port=443): Failed to resolve 'books.toscrape.com' ([Errno -2] Name or service not known)"))
2026-05-20 06:45:20 | WARNING  | main | ⚠️ Tentative 3/3 échouée pour https://books.toscrape.com/catalogue/dark-notes_800/index.html. Erreur: HTTPSConnectionPool(host='books.toscrape.com', port=443): Max retries exceeded with url: /catalogue/dark-notes_800/index.html (Caused by NameResolutionError("HTTPSConnection(host='books.toscrape.com', port=443): Failed to resolve 'books.toscrape.com' ([Errno -2] Name or service not known)"))
2026-05-20 06:45:23 | WARNING  | main | ⚠️ Tentative 1/3 échouée pour https://books.toscrape.com/catalogue/packing-for-mars-the-curious-science-of-life-in-the-void_205/index.html. Erreur: HTTPSConnectionPool(host='books.toscrape.com', port=443): Max retries exceeded with url: /catalogue/packing-for-mars-the-curious-science-of-life-in-the-void_205/index.html (Caused by NameResolutionError("HTTPSConnection(host='books.toscrape.com', port=443): Failed to resolve 'books.toscrape.com' ([Errno -2] Name or service not known)"))
2026-05-20 06:45:39 | WARNING  | main | ⚠️ Tentative 2/3 échouée pour https://books.toscrape.com/catalogue/packing-for-mars-the-curious-science-of-life-in-the-void_205/index.html. Erreur: HTTPSConnectionPool(host='books.toscrape.com', port=443): Max retries exceeded with url: /catalogue/packing-for-mars-the-curious-science-of-life-in-the-void_205/index.html (Caused by NameResolutionError("HTTPSConnection(host='books.toscrape.com', port=443): Failed to resolve 'books.toscrape.com' ([Errno -2] Name or service not known)"))
2026-05-20 06:45:41 | WARNING  | main | ⚠️ Tentative 3/3 échouée pour https://books.toscrape.com/catalogue/packing-for-mars-the-curious-science-of-life-in-the-void_205/index.html. Erreur: HTTPSConnectionPool(host='books.toscrape.com', port=443): Max retries exceeded with url: /catalogue/packing-for-mars-the-curious-science-of-life-in-the-void_205/index.html (Caused by NameResolutionError("HTTPSConnection(host='books.toscrape.com', port=443): Failed to resolve 'books.toscrape.com' ([Errno -2] Name or service not known)"))
2026-05-20 06:45:43 | WARNING  | main | ⚠️ Tentative 1/3 échouée pour https://books.toscrape.com/catalogue/tipping-the-velvet_999/index.html. Erreur: HTTPSConnectionPool(host='books.toscrape.com', port=443): Max retries exceeded with url: /catalogue/tipping-the-velvet_999/index.html (Caused by NameResolutionError("HTTPSConnection(host='books.toscrape.com', port=443): Failed to resolve 'books.toscrape.com' ([Errno -2] Name or service not known)"))
2026-05-20 06:45:45 | WARNING  | main | ⚠️ Tentative 2/3 échouée pour https://books.toscrape.com/catalogue/tipping-the-velvet_999/index.html. Erreur: HTTPSConnectionPool(host='books.toscrape.com', port=443): Max retries exceeded with url: /catalogue/tipping-the-velvet_999/index.html (Caused by NameResolutionError("HTTPSConnection(host='books.toscrape.com', port=443): Failed to resolve 'books.toscrape.com' ([Errno -2] Name or service not known)"))
2026-05-20 06:45:47 | WARNING  | main | ⚠️ Tentative 3/3 échouée pour https://books.toscrape.com/catalogue/tipping-the-velvet_999/index.html. Erreur: HTTPSConnectionPool(host='books.toscrape.com', port=443): Max retries exceeded with url: /catalogue/tipping-the-velvet_999/index.html (Caused by NameResolutionError("HTTPSConnection(host='books.toscrape.com', port=443): Failed to resolve 'books.toscrape.com' ([Errno -2] Name or service not known)"))
2026-05-20 06:45:49 | WARNING  | main | ⚠️ Tentative 1/3 échouée pour https://books.toscrape.com/catalogue/troublemaker-surviving-hollywood-and-scientology_610/index.html. Erreur: HTTPSConnectionPool(host='books.toscrape.com', port=443): Max retries exceeded with url: /catalogue/troublemaker-surviving-hollywood-and-scientology_610/index.html (Caused by NameResolutionError("HTTPSConnection(host='books.toscrape.com', port=443): Failed to resolve 'books.toscrape.com' ([Errno -2] Name or service not known)"))
2026-05-20 06:45:51 | WARNING  | main | ⚠️ Tentative 2/3 échouée pour https://books.toscrape.com/catalogue/troublemaker-surviving-hollywood-and-scientology_610/index.html. Erreur: HTTPSConnectionPool(host='books.toscrape.com', port=443): Max retries exceeded with url: /catalogue/troublemaker-surviving-hollywood-and-scientology_610/index.html (Caused by NameResolutionError("HTTPSConnection(host='books.toscrape.com', port=443): Failed to resolve 'books.toscrape.com' ([Errno -2] Name or service not known)"))
2026-05-20 06:45:53 | WARNING  | main | ⚠️ Tentative 3/3 échouée pour https://books.toscrape.com/catalogue/troublemaker-surviving-hollywood-and-scientology_610/index.html. Erreur: HTTPSConnectionPool(host='books.toscrape.com', port=443): Max retries exceeded with url: /catalogue/troublemaker-surviving-hollywood-and-scientology_610/index.html (Caused by NameResolutionError("HTTPSConnection(host='books.toscrape.com', port=443): Failed to resolve 'books.toscrape.com' ([Errno -2] Name or service not known)"))
2026-05-20 06:45:55 | WARNING  | main | ⚠️ Tentative 1/3 échouée pour https://books.toscrape.com/catalogue/my-paris-kitchen-recipes-and-stories_910/index.html. Erreur: HTTPSConnectionPool(host='books.toscrape.com', port=443): Max retries exceeded with url: /catalogue/my-paris-kitchen-recipes-and-stories_910/index.html (Caused by NameResolutionError("HTTPSConnection(host='books.toscrape.com', port=443): Failed to resolve 'books.toscrape.com' ([Errno -2] Name or service not known)"))
2026-05-20 06:45:57 | WARNING  | main | ⚠️ Tentative 2/3 échouée pour https://books.toscrape.com/catalogue/my-paris-kitchen-recipes-and-stories_910/index.html. Erreur: HTTPSConnectionPool(host='books.toscrape.com', port=443): Max retries exceeded with url: /catalogue/my-paris-kitchen-recipes-and-stories_910/index.html (Caused by NameResolutionError("HTTPSConnection(host='books.toscrape.com', port=443): Failed to resolve 'books.toscrape.com' ([Errno -2] Name or service not known)"))
2026-05-20 06:45:59 | WARNING  | main | ⚠️ Tentative 3/3 échouée pour https://books.toscrape.com/catalogue/my-paris-kitchen-recipes-and-stories_910/index.html. Erreur: HTTPSConnectionPool(host='books.toscrape.com', port=443): Max retries exceeded with url: /catalogue/my-paris-kitchen-recipes-and-stories_910/index.html (Caused by NameResolutionError("HTTPSConnection(host='books.toscrape.com', port=443): Failed to resolve 'books.toscrape.com' ([Errno -2] Name or service not known)"))
2026-05-20 06:46:02 | WARNING  | main | ⚠️ Tentative 1/3 échouée pour https://books.toscrape.com/catalogue/like-never-before-walker-family-2_476/index.html. Erreur: HTTPSConnectionPool(host='books.toscrape.com', port=443): Max retries exceeded with url: /catalogue/like-never-before-walker-family-2_476/index.html (Caused by NameResolutionError("HTTPSConnection(host='books.toscrape.com', port=443): Failed to resolve 'books.toscrape.com' ([Errno -2] Name or service not known)"))
2026-05-20 06:46:04 | WARNING  | main | ⚠️ Tentative 2/3 échouée pour https://books.toscrape.com/catalogue/like-never-before-walker-family-2_476/index.html. Erreur: HTTPSConnectionPool(host='books.toscrape.com', port=443): Max retries exceeded with url: /catalogue/like-never-before-walker-family-2_476/index.html (Caused by NameResolutionError("HTTPSConnection(host='books.toscrape.com', port=443): Failed to resolve 'books.toscrape.com' ([Errno -2] Name or service not known)"))
2026-05-20 06:46:06 | WARNING  | main | ⚠️ Tentative 3/3 échouée pour https://books.toscrape.com/catalogue/like-never-before-walker-family-2_476/index.html. Erreur: HTTPSConnectionPool(host='books.toscrape.com', port=443): Max retries exceeded with url: /catalogue/like-never-before-walker-family-2_476/index.html (Caused by NameResolutionError("HTTPSConnection(host='books.toscrape.com', port=443): Failed to resolve 'books.toscrape.com' ([Errno -2] Name or service not known)"))
2026-05-20 06:46:08 | WARNING  | main | ⚠️ Tentative 1/3 échouée pour https://books.toscrape.com/catalogue/the-bulletproof-diet-lose-up-to-a-pound-a-day-reclaim-energy-and-focus-upgrade-your-life_931/index.html. Erreur: HTTPSConnectionPool(host='books.toscrape.com', port=443): Max retries exceeded with url: /catalogue/the-bulletproof-diet-lose-up-to-a-pound-a-day-reclaim-energy-and-focus-upgrade-your-life_931/index.html (Caused by NameResolutionError("HTTPSConnection(host='books.toscrape.com', port=443): Failed to resolve 'books.toscrape.com' ([Errno -2] Name or service not known)"))
2026-05-20 06:46:10 | WARNING  | main | ⚠️ Tentative 2/3 échouée pour https://books.toscrape.com/catalogue/the-bulletproof-diet-lose-up-to-a-pound-a-day-reclaim-energy-and-focus-upgrade-your-life_931/index.html. Erreur: HTTPSConnectionPool(host='books.toscrape.com', port=443): Max retries exceeded with url: /catalogue/the-bulletproof-diet-lose-up-to-a-pound-a-day-reclaim-energy-and-focus-upgrade-your-life_931/index.html (Caused by NameResolutionError("HTTPSConnection(host='books.toscrape.com', port=443): Failed to resolve 'books.toscrape.com' ([Errno -2] Name or service not known)"))
2026-05-20 06:46:12 | WARNING  | main | ⚠️ Tentative 3/3 échouée pour https://books.toscrape.com/catalogue/the-bulletproof-diet-lose-up-to-a-pound-a-day-reclaim-energy-and-focus-upgrade-your-life_931/index.html. Erreur: HTTPSConnectionPool(host='books.toscrape.com', port=443): Max retries exceeded with url: /catalogue/the-bulletproof-diet-lose-up-to-a-pound-a-day-reclaim-energy-and-focus-upgrade-your-life_931/index.html (Caused by NameResolutionError("HTTPSConnection(host='books.toscrape.com', port=443): Failed to resolve 'books.toscrape.com' ([Errno -2] Name or service not known)"))
2026-05-20 06:46:14 | WARNING  | main | ⚠️ Tentative 1/3 échouée pour https://books.toscrape.com/catalogue/mexican-today-new-and-rediscovered-recipes-for-contemporary-kitchens_387/index.html. Erreur: HTTPSConnectionPool(host='books.toscrape.com', port=443): Max retries exceeded with url: /catalogue/mexican-today-new-and-rediscovered-recipes-for-contemporary-kitchens_387/index.html (Caused by NameResolutionError("HTTPSConnection(host='books.toscrape.com', port=443): Failed to resolve 'books.toscrape.com' ([Errno -2] Name or service not known)"))
2026-05-20 06:46:16 | WARNING  | main | ⚠️ Tentative 2/3 échouée pour https://books.toscrape.com/catalogue/mexican-today-new-and-rediscovered-recipes-for-contemporary-kitchens_387/index.html. Erreur: HTTPSConnectionPool(host='books.toscrape.com', port=443): Max retries exceeded with url: /catalogue/mexican-today-new-and-rediscovered-recipes-for-contemporary-kitchens_387/index.html (Caused by NameResolutionError("HTTPSConnection(host='books.toscrape.com', port=443): Failed to resolve 'books.toscrape.com' ([Errno -2] Name or service not known)"))
2026-05-20 06:46:18 | WARNING  | main | ⚠️ Tentative 3/3 échouée pour https://books.toscrape.com/catalogue/mexican-today-new-and-rediscovered-recipes-for-contemporary-kitchens_387/index.html. Erreur: HTTPSConnectionPool(host='books.toscrape.com', port=443): Max retries exceeded with url: /catalogue/mexican-today-new-and-rediscovered-recipes-for-contemporary-kitchens_387/index.html (Caused by NameResolutionError("HTTPSConnection(host='books.toscrape.com', port=443): Failed to resolve 'books.toscrape.com' ([Errno -2] Name or service not known)"))
2026-05-20 06:46:20 | WARNING  | main | ⚠️ Tentative 1/3 échouée pour https://books.toscrape.com/catalogue/thirst_946/index.html. Erreur: HTTPSConnectionPool(host='books.toscrape.com', port=443): Max retries exceeded with url: /catalogue/thirst_946/index.html (Caused by NameResolutionError("HTTPSConnection(host='books.toscrape.com', port=443): Failed to resolve 'books.toscrape.com' ([Errno -2] Name or service not known)"))
2026-05-20 06:46:22 | WARNING  | main | ⚠️ Tentative 2/3 échouée pour https://books.toscrape.com/catalogue/thirst_946/index.html. Erreur: HTTPSConnectionPool(host='books.toscrape.com', port=443): Max retries exceeded with url: /catalogue/thirst_946/index.html (Caused by NameResolutionError("HTTPSConnection(host='books.toscrape.com', port=443): Failed to resolve 'books.toscrape.com' ([Errno -2] Name or service not known)"))
2026-05-20 06:46:24 | WARNING  | main | ⚠️ Tentative 3/3 échouée pour https://books.toscrape.com/catalogue/thirst_946/index.html. Erreur: HTTPSConnectionPool(host='books.toscrape.com', port=443): Max retries exceeded with url: /catalogue/thirst_946/index.html (Caused by NameResolutionError("HTTPSConnection(host='books.toscrape.com', port=443): Failed to resolve 'books.toscrape.com' ([Errno -2] Name or service not known)"))
2026-05-20 06:46:27 | WARNING  | main | ⚠️ Tentative 1/3 échouée pour https://books.toscrape.com/catalogue/a-murder-in-time_877/index.html. Erreur: HTTPSConnectionPool(host='books.toscrape.com', port=443): Max retries exceeded with url: /catalogue/a-murder-in-time_877/index.html (Caused by NameResolutionError("HTTPSConnection(host='books.toscrape.com', port=443): Failed to resolve 'books.toscrape.com' ([Errno -2] Name or service not known)"))
2026-05-20 07:02:10 | WARNING  | main | ⚠️ Tentative 2/3 échouée pour https://books.toscrape.com/catalogue/a-murder-in-time_877/index.html. Erreur: HTTPSConnectionPool(host='books.toscrape.com', port=443): Max retries exceeded with url: /catalogue/a-murder-in-time_877/index.html (Caused by NameResolutionError("HTTPSConnection(host='books.toscrape.com', port=443): Failed to resolve 'books.toscrape.com' ([Errno -2] Name or service not known)"))
2026-05-20 07:02:12 | WARNING  | main | ⚠️ Tentative 3/3 échouée pour https://books.toscrape.com/catalogue/a-murder-in-time_877/index.html. Erreur: HTTPSConnectionPool(host='books.toscrape.com', port=443): Max retries exceeded with url: /catalogue/a-murder-in-time_877/index.html (Caused by NameResolutionError("HTTPSConnection(host='books.toscrape.com', port=443): Failed to resolve 'books.toscrape.com' ([Errno -2] Name or service not known)"))
2026-05-20 07:06:06 | WARNING  | main | ⚠️ Tentative 1/3 échouée pour https://books.toscrape.com/catalogue/the-power-greens-cookbook-140-delicious-superfood-recipes_410/index.html. Erreur: HTTPSConnectionPool(host='books.toscrape.com', port=443): Max retries exceeded with url: /catalogue/the-power-greens-cookbook-140-delicious-superfood-recipes_410/index.html (Caused by NameResolutionError("HTTPSConnection(host='books.toscrape.com', port=443): Failed to resolve 'books.toscrape.com' ([Errno -5] No address associated with hostname)"))
2026-05-20 07:06:16 | WARNING  | main | ⚠️ Tentative 2/3 échouée pour https://books.toscrape.com/catalogue/the-power-greens-cookbook-140-delicious-superfood-recipes_410/index.html. Erreur: HTTPSConnectionPool(host='books.toscrape.com', port=443): Max retries exceeded with url: /catalogue/the-power-greens-cookbook-140-delicious-superfood-recipes_410/index.html (Caused by NameResolutionError("HTTPSConnection(host='books.toscrape.com', port=443): Failed to resolve 'books.toscrape.com' ([Errno -5] No address associated with hostname)"))
2026-05-20 07:06:19 | WARNING  | main | ⚠️ Tentative 3/3 échouée pour https://books.toscrape.com/catalogue/the-power-greens-cookbook-140-delicious-superfood-recipes_410/index.html. Erreur: HTTPSConnectionPool(host='books.toscrape.com', port=443): Max retries exceeded with url: /catalogue/the-power-greens-cookbook-140-delicious-superfood-recipes_410/index.html (Caused by NameResolutionError("HTTPSConnection(host='books.toscrape.com', port=443): Failed to resolve 'books.toscrape.com' ([Errno -2] Name or service not known)"))
2026-05-20 07:06:29 | WARNING  | main | ⚠️ Tentative 1/3 échouée pour https://books.toscrape.com/catalogue/hungry-girl-clean-hungry-easy-all-natural-recipes-for-healthy-eating-in-the-real-world_171/index.html. Erreur: HTTPSConnectionPool(host='books.toscrape.com', port=443): Max retries exceeded with url: /catalogue/hungry-girl-clean-hungry-easy-all-natural-recipes-for-healthy-eating-in-the-real-world_171/index.html (Caused by NameResolutionError("HTTPSConnection(host='books.toscrape.com', port=443): Failed to resolve 'books.toscrape.com' ([Errno -5] No address associated with hostname)"))
2026-05-20 07:06:40 | WARNING  | main | ⚠️ Tentative 2/3 échouée pour https://books.toscrape.com/catalogue/hungry-girl-clean-hungry-easy-all-natural-recipes-for-healthy-eating-in-the-real-world_171/index.html. Erreur: HTTPSConnectionPool(host='books.toscrape.com', port=443): Max retries exceeded with url: /catalogue/hungry-girl-clean-hungry-easy-all-natural-recipes-for-healthy-eating-in-the-real-world_171/index.html (Caused by NameResolutionError("HTTPSConnection(host='books.toscrape.com', port=443): Failed to resolve 'books.toscrape.com' ([Errno -5] No address associated with hostname)"))
2026-05-20 07:06:58 | WARNING  | main | ⚠️ Tentative 1/3 échouée pour https://books.toscrape.com/catalogue/the-stranger_861/index.html. Erreur: HTTPSConnectionPool(host='books.toscrape.com', port=443): Read timed out. (read timeout=10)
2026-05-20 07:07:10 | WARNING  | main | ⚠️ Tentative 2/3 échouée pour https://books.toscrape.com/catalogue/the-stranger_861/index.html. Erreur: HTTPSConnectionPool(host='books.toscrape.com', port=443): Read timed out. (read timeout=10)
2026-05-21 03:16:00 | WARNING  | main | ⚠️ Tentative 1/3 échouée pour https://books.toscrape.com/catalogue/page-1.html. Erreur: HTTPSConnectionPool(host='books.toscrape.com', port=443): Max retries exceeded with url: /catalogue/page-1.html (Caused by NameResolutionError("HTTPSConnection(host='books.toscrape.com', port=443): Failed to resolve 'books.toscrape.com' ([Errno -5] No address associated with hostname)"))
2026-05-21 03:16:16 | WARNING  | main | ⚠️ Tentative 1/3 échouée pour https://books.toscrape.com/catalogue/page-2.html. Erreur: HTTPSConnectionPool(host='books.toscrape.com', port=443): Max retries exceeded with url: /catalogue/page-2.html (Caused by NameResolutionError("HTTPSConnection(host='books.toscrape.com', port=443): Failed to resolve 'books.toscrape.com' ([Errno -5] No address associated with hostname)"))
2026-05-21 03:16:23 | WARNING  | main | ⚠️ Tentative 2/3 échouée pour https://books.toscrape.com/catalogue/page-2.html. Erreur: HTTPSConnectionPool(host='books.toscrape.com', port=443): Max retries exceeded with url: /catalogue/page-2.html (Caused by NameResolutionError("HTTPSConnection(host='books.toscrape.com', port=443): Failed to resolve 'books.toscrape.com' ([Errno -5] No address associated with hostname)"))
2026-05-21 03:33:32 | WARNING  | main | ⚠️ Tentative 1/3 échouée pour https://books.toscrape.com/catalogue/page-3.html. Erreur: HTTPSConnectionPool(host='books.toscrape.com', port=443): Max retries exceeded with url: /catalogue/page-3.html (Caused by NameResolutionError("HTTPSConnection(host='books.toscrape.com', port=443): Failed to resolve 'books.toscrape.com' ([Errno -5] No address associated with hostname)"))
2026-05-21 04:08:33 | WARNING  | main | ⚠️ Tentative 1/3 échouée pour https://books.toscrape.com/catalogue/page-5.html. Erreur: HTTPSConnectionPool(host='books.toscrape.com', port=443): Max retries exceeded with url: /catalogue/page-5.html (Caused by NameResolutionError("HTTPSConnection(host='books.toscrape.com', port=443): Failed to resolve 'books.toscrape.com' ([Errno -5] No address associated with hostname)"))
2026-05-21 05:01:08 | WARNING  | main | ⚠️ Tentative 1/3 échouée pour https://books.toscrape.com/catalogue/page-13.html. Erreur: HTTPSConnectionPool(host='books.toscrape.com', port=443): Read timed out. (read timeout=20)
2026-05-21 06:03:41 | WARNING  | main | ⚠️ Tentative 1/3 échouée pour https://books.toscrape.com/catalogue/page-22.html. Erreur: HTTPSConnectionPool(host='books.toscrape.com', port=443): Max retries exceeded with url: /catalogue/page-22.html (Caused by NewConnectionError("HTTPSConnection(host='books.toscrape.com', port=443): Failed to establish a new connection: [Errno 111] Connection refused"))
2026-05-21 06:29:54 | WARNING  | main | ⚠️ Tentative 1/3 échouée pour https://books.toscrape.com/catalogue/page-32.html. Erreur: HTTPSConnectionPool(host='books.toscrape.com', port=443): Read timed out. (read timeout=20)
2026-05-21 06:30:07 | WARNING  | main | ⚠️ Tentative 1/3 échouée pour https://books.toscrape.com/catalogue/page-36.html. Erreur: HTTPSConnectionPool(host='books.toscrape.com', port=443): Max retries exceeded with url: /catalogue/page-36.html (Caused by NameResolutionError("HTTPSConnection(host='books.toscrape.com', port=443): Failed to resolve 'books.toscrape.com' ([Errno -2] Name or service not known)"))
2026-05-21 06:31:32 | WARNING  | main | ⚠️ Tentative 2/3 échouée pour https://books.toscrape.com/catalogue/page-36.html. Erreur: HTTPSConnectionPool(host='books.toscrape.com', port=443): Max retries exceeded with url: /catalogue/page-36.html (Caused by NameResolutionError("HTTPSConnection(host='books.toscrape.com', port=443): Failed to resolve 'books.toscrape.com' ([Errno -5] No address associated with hostname)"))
2026-05-21 06:49:37 | WARNING  | main | ⚠️ Tentative 1/3 échouée pour https://books.toscrape.com/catalogue/page-38.html. Erreur: HTTPSConnectionPool(host='books.toscrape.com', port=443): Max retries exceeded with url: /catalogue/page-38.html (Caused by NameResolutionError("HTTPSConnection(host='books.toscrape.com', port=443): Failed to resolve 'books.toscrape.com' ([Errno -2] Name or service not known)"))
2026-05-21 06:49:43 | WARNING  | main | ⚠️ Tentative 2/3 échouée pour https://books.toscrape.com/catalogue/page-38.html. Erreur: HTTPSConnectionPool(host='books.toscrape.com', port=443): Max retries exceeded with url: /catalogue/page-38.html (Caused by NameResolutionError("HTTPSConnection(host='books.toscrape.com', port=443): Failed to resolve 'books.toscrape.com' ([Errno -5] No address associated with hostname)"))
2026-05-21 07:05:48 | WARNING  | main | ⚠️ Tentative 1/3 échouée pour https://books.toscrape.com/catalogue/page-44.html. Erreur: HTTPSConnectionPool(host='books.toscrape.com', port=443): Max retries exceeded with url: /catalogue/page-44.html (Caused by NameResolutionError("HTTPSConnection(host='books.toscrape.com', port=443): Failed to resolve 'books.toscrape.com' ([Errno -5] No address associated with hostname)"))
2026-05-21 07:17:42 | WARNING  | main | ⚠️ Tentative 1/3 échouée pour https://books.toscrape.com/catalogue/page-51.html. Erreur: HTTPSConnectionPool(host='books.toscrape.com', port=443): Max retries exceeded with url: /catalogue/page-51.html (Caused by NameResolutionError("HTTPSConnection(host='books.toscrape.com', port=443): Failed to resolve 'books.toscrape.com' ([Errno -5] No address associated with hostname)"))
2026-05-21 07:17:51 | WARNING  | main | ⚠️ Tentative 2/3 échouée pour https://books.toscrape.com/catalogue/page-51.html. Erreur: HTTPSConnectionPool(host='books.toscrape.com', port=443): Max retries exceeded with url: /catalogue/page-51.html (Caused by NameResolutionError("HTTPSConnection(host='books.toscrape.com', port=443): Failed to resolve 'books.toscrape.com' ([Errno -5] No address associated with hostname)"))
2026-05-21 07:17:53 | WARNING  | main | ⚠️ Tentative 3/3 échouée pour https://books.toscrape.com/catalogue/page-51.html. Erreur: HTTPSConnectionPool(host='books.toscrape.com', port=443): Max retries exceeded with url: /catalogue/page-51.html (Caused by NameResolutionError("HTTPSConnection(host='books.toscrape.com', port=443): Failed to resolve 'books.toscrape.com' ([Errno -2] Name or service not known)"))
2026-05-21 07:17:55 | WARNING  | main | ⚠️ Tentative 1/3 échouée pour https://books.toscrape.com/catalogue/page-52.html. Erreur: HTTPSConnectionPool(host='books.toscrape.com', port=443): Max retries exceeded with url: /catalogue/page-52.html (Caused by NameResolutionError("HTTPSConnection(host='books.toscrape.com', port=443): Failed to resolve 'books.toscrape.com' ([Errno -2] Name or service not known)"))
2026-05-21 07:17:57 | WARNING  | main | ⚠️ Tentative 2/3 échouée pour https://books.toscrape.com/catalogue/page-52.html. Erreur: HTTPSConnectionPool(host='books.toscrape.com', port=443): Max retries exceeded with url: /catalogue/page-52.html (Caused by NameResolutionError("HTTPSConnection(host='books.toscrape.com', port=443): Failed to resolve 'books.toscrape.com' ([Errno -2] Name or service not known)"))
2026-05-21 07:17:59 | WARNING  | main | ⚠️ Tentative 3/3 échouée pour https://books.toscrape.com/catalogue/page-52.html. Erreur: HTTPSConnectionPool(host='books.toscrape.com', port=443): Max retries exceeded with url: /catalogue/page-52.html (Caused by NameResolutionError("HTTPSConnection(host='books.toscrape.com', port=443): Failed to resolve 'books.toscrape.com' ([Errno -2] Name or service not known)"))
2026-05-21 07:26:08 | WARNING  | main | ⚠️ Tentative 1/3 échouée pour https://books.toscrape.com/catalogue/page-53.html. Erreur: HTTPSConnectionPool(host='books.toscrape.com', port=443): Max retries exceeded with url: /catalogue/page-53.html (Caused by NameResolutionError("HTTPSConnection(host='books.toscrape.com', port=443): Failed to resolve 'books.toscrape.com' ([Errno -2] Name or service not known)"))
2026-05-21 07:26:10 | WARNING  | main | ⚠️ Tentative 2/3 échouée pour https://books.toscrape.com/catalogue/page-53.html. Erreur: HTTPSConnectionPool(host='books.toscrape.com', port=443): Max retries exceeded with url: /catalogue/page-53.html (Caused by NameResolutionError("HTTPSConnection(host='books.toscrape.com', port=443): Failed to resolve 'books.toscrape.com' ([Errno -2] Name or service not known)"))
2026-05-21 07:26:12 | WARNING  | main | ⚠️ Tentative 3/3 échouée pour https://books.toscrape.com/catalogue/page-53.html. Erreur: HTTPSConnectionPool(host='books.toscrape.com', port=443): Max retries exceeded with url: /catalogue/page-53.html (Caused by NameResolutionError("HTTPSConnection(host='books.toscrape.com', port=443): Failed to resolve 'books.toscrape.com' ([Errno -2] Name or service not known)"))
2026-05-21 07:26:14 | ERROR    | main | 🛑 Connexion perdue. Arrêt du scan.
2026-05-21 07:26:14 | WARNING  | main | ⚠️ Tentative 1/3 échouée pour https://books.toscrape.com/catalogue/frostbite-vampire-academy-2_810/index.html. Erreur: HTTPSConnectionPool(host='books.toscrape.com', port=443): Max retries exceeded with url: /catalogue/frostbite-vampire-academy-2_810/index.html (Caused by NameResolutionError("HTTPSConnection(host='books.toscrape.com', port=443): Failed to resolve 'books.toscrape.com' ([Errno -2] Name or service not known)"))
2026-05-21 07:26:16 | WARNING  | main | ⚠️ Tentative 2/3 échouée pour https://books.toscrape.com/catalogue/frostbite-vampire-academy-2_810/index.html. Erreur: HTTPSConnectionPool(host='books.toscrape.com', port=443): Max retries exceeded with url: /catalogue/frostbite-vampire-academy-2_810/index.html (Caused by NameResolutionError("HTTPSConnection(host='books.toscrape.com', port=443): Failed to resolve 'books.toscrape.com' ([Errno -2] Name or service not known)"))
2026-05-21 07:30:43 | WARNING  | main | ⚠️ Tentative 3/3 échouée pour https://books.toscrape.com/catalogue/frostbite-vampire-academy-2_810/index.html. Erreur: HTTPSConnectionPool(host='books.toscrape.com', port=443): Max retries exceeded with url: /catalogue/frostbite-vampire-academy-2_810/index.html (Caused by NameResolutionError("HTTPSConnection(host='books.toscrape.com', port=443): Failed to resolve 'books.toscrape.com' ([Errno -2] Name or service not known)"))
2026-05-21 07:30:46 | WARNING  | main | ⚠️ Tentative 1/3 échouée pour https://books.toscrape.com/catalogue/lilac-girls_597/index.html. Erreur: HTTPSConnectionPool(host='books.toscrape.com', port=443): Max retries exceeded with url: /catalogue/lilac-girls_597/index.html (Caused by NameResolutionError("HTTPSConnection(host='books.toscrape.com', port=443): Failed to resolve 'books.toscrape.com' ([Errno -2] Name or service not known)"))
2026-05-21 07:30:48 | WARNING  | main | ⚠️ Tentative 2/3 échouée pour https://books.toscrape.com/catalogue/lilac-girls_597/index.html. Erreur: HTTPSConnectionPool(host='books.toscrape.com', port=443): Max retries exceeded with url: /catalogue/lilac-girls_597/index.html (Caused by NameResolutionError("HTTPSConnection(host='books.toscrape.com', port=443): Failed to resolve 'books.toscrape.com' ([Errno -2] Name or service not known)"))
2026-05-21 07:30:50 | WARNING  | main | ⚠️ Tentative 3/3 échouée pour https://books.toscrape.com/catalogue/lilac-girls_597/index.html. Erreur: HTTPSConnectionPool(host='books.toscrape.com', port=443): Max retries exceeded with url: /catalogue/lilac-girls_597/index.html (Caused by NameResolutionError("HTTPSConnection(host='books.toscrape.com', port=443): Failed to resolve 'books.toscrape.com' ([Errno -2] Name or service not known)"))
2026-05-21 07:30:52 | WARNING  | main | ⚠️ Tentative 1/3 échouée pour https://books.toscrape.com/catalogue/the-glass-castle_496/index.html. Erreur: HTTPSConnectionPool(host='books.toscrape.com', port=443): Max retries exceeded with url: /catalogue/the-glass-castle_496/index.html (Caused by NameResolutionError("HTTPSConnection(host='books.toscrape.com', port=443): Failed to resolve 'books.toscrape.com' ([Errno -2] Name or service not known)"))
2026-05-21 07:48:08 | WARNING  | main | ⚠️ Tentative 2/3 échouée pour https://books.toscrape.com/catalogue/the-glass-castle_496/index.html. Erreur: HTTPSConnectionPool(host='books.toscrape.com', port=443): Max retries exceeded with url: /catalogue/the-glass-castle_496/index.html (Caused by NameResolutionError("HTTPSConnection(host='books.toscrape.com', port=443): Failed to resolve 'books.toscrape.com' ([Errno -2] Name or service not known)"))
2026-05-21 07:48:10 | WARNING  | main | ⚠️ Tentative 3/3 échouée pour https://books.toscrape.com/catalogue/the-glass-castle_496/index.html. Erreur: HTTPSConnectionPool(host='books.toscrape.com', port=443): Max retries exceeded with url: /catalogue/the-glass-castle_496/index.html (Caused by NameResolutionError("HTTPSConnection(host='books.toscrape.com', port=443): Failed to resolve 'books.toscrape.com' ([Errno -2] Name or service not known)"))
2026-05-21 07:48:12 | WARNING  | main | ⚠️ Tentative 1/3 échouée pour https://books.toscrape.com/catalogue/the-tipping-point-how-little-things-can-make-a-big-difference_284/index.html. Erreur: HTTPSConnectionPool(host='books.toscrape.com', port=443): Max retries exceeded with url: /catalogue/the-tipping-point-how-little-things-can-make-a-big-difference_284/index.html (Caused by NameResolutionError("HTTPSConnection(host='books.toscrape.com', port=443): Failed to resolve 'books.toscrape.com' ([Errno -2] Name or service not known)"))
2026-05-21 07:48:14 | WARNING  | main | ⚠️ Tentative 2/3 échouée pour https://books.toscrape.com/catalogue/the-tipping-point-how-little-things-can-make-a-big-difference_284/index.html. Erreur: HTTPSConnectionPool(host='books.toscrape.com', port=443): Max retries exceeded with url: /catalogue/the-tipping-point-how-little-things-can-make-a-big-difference_284/index.html (Caused by NameResolutionError("HTTPSConnection(host='books.toscrape.com', port=443): Failed to resolve 'books.toscrape.com' ([Errno -2] Name or service not known)"))
2026-05-21 07:48:16 | WARNING  | main | ⚠️ Tentative 3/3 échouée pour https://books.toscrape.com/catalogue/the-tipping-point-how-little-things-can-make-a-big-difference_284/index.html. Erreur: HTTPSConnectionPool(host='books.toscrape.com', port=443): Max retries exceeded with url: /catalogue/the-tipping-point-how-little-things-can-make-a-big-difference_284/index.html (Caused by NameResolutionError("HTTPSConnection(host='books.toscrape.com', port=443): Failed to resolve 'books.toscrape.com' ([Errno -2] Name or service not known)"))
2026-05-21 07:48:58 | WARNING  | main | ⚠️ Tentative 1/3 échouée pour https://books.toscrape.com/catalogue/eat-pray-love_16/index.html. Erreur: HTTPSConnectionPool(host='books.toscrape.com', port=443): Max retries exceeded with url: /catalogue/eat-pray-love_16/index.html (Caused by NameResolutionError("HTTPSConnection(host='books.toscrape.com', port=443): Failed to resolve 'books.toscrape.com' ([Errno -2] Name or service not known)"))
2026-05-22 03:56:36 | WARNING  | main | ⚠️ Tentative 1/3 échouée pour https://books.toscrape.com/catalogue/page-1.html. Erreur: HTTPSConnectionPool(host='books.toscrape.com', port=443): Max retries exceeded with url: /catalogue/page-1.html (Caused by NameResolutionError("HTTPSConnection(host='books.toscrape.com', port=443): Failed to resolve 'books.toscrape.com' ([Errno -2] Name or service not known)"))
2026-05-22 04:31:07 | WARNING  | main | ⚠️ Tentative 2/3 échouée pour https://books.toscrape.com/catalogue/page-1.html. Erreur: HTTPSConnectionPool(host='books.toscrape.com', port=443): Max retries exceeded with url: /catalogue/page-1.html (Caused by NameResolutionError("HTTPSConnection(host='books.toscrape.com', port=443): Failed to resolve 'books.toscrape.com' ([Errno -5] No address associated with hostname)"))
2026-05-22 04:52:37 | WARNING  | main | ⚠️ Tentative 3/3 échouée pour https://books.toscrape.com/catalogue/page-1.html. Erreur: HTTPSConnectionPool(host='books.toscrape.com', port=443): Max retries exceeded with url: /catalogue/page-1.html (Caused by NameResolutionError("HTTPSConnection(host='books.toscrape.com', port=443): Failed to resolve 'books.toscrape.com' ([Errno -5] No address associated with hostname)"))
2026-05-22 04:52:41 | WARNING  | main | ⚠️ Tentative 1/3 échouée pour https://books.toscrape.com/catalogue/page-2.html. Erreur: ('Connection aborted.', RemoteDisconnected('Remote end closed connection without response'))
2026-05-22 05:08:56 | WARNING  | main | ⚠️ Tentative 2/3 échouée pour https://books.toscrape.com/catalogue/page-2.html. Erreur: HTTPSConnectionPool(host='books.toscrape.com', port=443): Max retries exceeded with url: /catalogue/page-2.html (Caused by NameResolutionError("HTTPSConnection(host='books.toscrape.com', port=443): Failed to resolve 'books.toscrape.com' ([Errno -5] No address associated with hostname)"))
2026-05-22 05:41:12 | WARNING  | main | ⚠️ Tentative 3/3 échouée pour https://books.toscrape.com/catalogue/page-2.html. Erreur: HTTPSConnectionPool(host='books.toscrape.com', port=443): Max retries exceeded with url: /catalogue/page-2.html (Caused by NameResolutionError("HTTPSConnection(host='books.toscrape.com', port=443): Failed to resolve 'books.toscrape.com' ([Errno -5] No address associated with hostname)"))
2026-05-22 05:53:43 | WARNING  | main | ⚠️ Tentative 1/3 échouée pour https://books.toscrape.com/catalogue/page-3.html. Erreur: HTTPSConnectionPool(host='books.toscrape.com', port=443): Max retries exceeded with url: /catalogue/page-3.html (Caused by NameResolutionError("HTTPSConnection(host='books.toscrape.com', port=443): Failed to resolve 'books.toscrape.com' ([Errno -5] No address associated with hostname)"))
2026-05-22 06:26:06 | WARNING  | main | ⚠️ Tentative 1/3 échouée pour https://books.toscrape.com/catalogue/page-5.html. Erreur: HTTPSConnectionPool(host='books.toscrape.com', port=443): Max retries exceeded with url: /catalogue/page-5.html (Caused by NameResolutionError("HTTPSConnection(host='books.toscrape.com', port=443): Failed to resolve 'books.toscrape.com' ([Errno -5] No address associated with hostname)"))
2026-05-22 06:54:38 | WARNING  | main | ⚠️ Tentative 2/3 échouée pour https://books.toscrape.com/catalogue/page-5.html. Erreur: HTTPSConnectionPool(host='books.toscrape.com', port=443): Max retries exceeded with url: /catalogue/page-5.html (Caused by NameResolutionError("HTTPSConnection(host='books.toscrape.com', port=443): Failed to resolve 'books.toscrape.com' ([Errno -5] No address associated with hostname)"))
2026-05-22 07:11:44 | WARNING  | main | ⚠️ Tentative 1/3 échouée pour https://books.toscrape.com/catalogue/page-6.html. Erreur: HTTPSConnectionPool(host='books.toscrape.com', port=443): Max retries exceeded with url: /catalogue/page-6.html (Caused by NameResolutionError("HTTPSConnection(host='books.toscrape.com', port=443): Failed to resolve 'books.toscrape.com' ([Errno -5] No address associated with hostname)"))
2026-05-22 07:42:15 | WARNING  | main | ⚠️ Tentative 1/3 échouée pour https://books.toscrape.com/catalogue/page-7.html. Erreur: HTTPSConnectionPool(host='books.toscrape.com', port=443): Max retries exceeded with url: /catalogue/page-7.html (Caused by NameResolutionError("HTTPSConnection(host='books.toscrape.com', port=443): Failed to resolve 'books.toscrape.com' ([Errno -5] No address associated with hostname)"))
2026-05-23 03:02:44 | WARNING  | main | ⚠️ Tentative 1/3 échouée pour https://books.toscrape.com/catalogue/page-2.html. Erreur: HTTPSConnectionPool(host='books.toscrape.com', port=443): Max retries exceeded with url: /catalogue/page-2.html (Caused by NameResolutionError("HTTPSConnection(host='books.toscrape.com', port=443): Failed to resolve 'books.toscrape.com' ([Errno -5] No address associated with hostname)"))
2026-05-23 03:50:53 | WARNING  | main | ⚠️ Tentative 1/3 échouée pour https://books.toscrape.com/catalogue/page-18.html. Erreur: ('Connection broken: IncompleteRead(15744 bytes read, 35128 more expected)', IncompleteRead(15744 bytes read, 35128 more expected))
2026-05-23 03:50:59 | WARNING  | main | ⚠️ Tentative 2/3 échouée pour https://books.toscrape.com/catalogue/page-18.html. Erreur: HTTPSConnectionPool(host='books.toscrape.com', port=443): Max retries exceeded with url: /catalogue/page-18.html (Caused by NewConnectionError("HTTPSConnection(host='books.toscrape.com', port=443): Failed to establish a new connection: [Errno 111] Connection refused"))
2026-05-23 05:04:01 | WARNING  | main | ⚠️ Tentative 1/3 échouée pour https://books.toscrape.com/catalogue/page-24.html. Erreur: HTTPSConnectionPool(host='books.toscrape.com', port=443): Max retries exceeded with url: /catalogue/page-24.html (Caused by SSLError(SSLEOFError(8, '[SSL: UNEXPECTED_EOF_WHILE_READING] EOF occurred in violation of protocol (_ssl.c:1016)')))
2026-05-23 05:04:09 | WARNING  | main | ⚠️ Tentative 2/3 échouée pour https://books.toscrape.com/catalogue/page-24.html. Erreur: HTTPSConnectionPool(host='books.toscrape.com', port=443): Max retries exceeded with url: /catalogue/page-24.html (Caused by NameResolutionError("HTTPSConnection(host='books.toscrape.com', port=443): Failed to resolve 'books.toscrape.com' ([Errno -5] No address associated with hostname)"))
2026-05-23 05:04:26 | WARNING  | main | ⚠️ Tentative 1/3 échouée pour https://books.toscrape.com/catalogue/page-43.html. Erreur: HTTPSConnectionPool(host='books.toscrape.com', port=443): Max retries exceeded with url: /catalogue/page-43.html (Caused by NewConnectionError("HTTPSConnection(host='books.toscrape.com', port=443): Failed to establish a new connection: [Errno 111] Connection refused"))
2026-05-23 05:30:27 | WARNING  | main | ⚠️ Tentative 2/3 échouée pour https://books.toscrape.com/catalogue/page-43.html. Erreur: HTTPSConnectionPool(host='books.toscrape.com', port=443): Read timed out. (read timeout=20)
2026-05-23 05:30:35 | WARNING  | main | ⚠️ Tentative 3/3 échouée pour https://books.toscrape.com/catalogue/page-43.html. Erreur: HTTPSConnectionPool(host='books.toscrape.com', port=443): Max retries exceeded with url: /catalogue/page-43.html (Caused by NameResolutionError("HTTPSConnection(host='books.toscrape.com', port=443): Failed to resolve 'books.toscrape.com' ([Errno -5] No address associated with hostname)"))
2026-05-23 06:04:14 | WARNING  | main | ⚠️ Tentative 1/3 échouée pour https://books.toscrape.com/catalogue/page-44.html. Erreur: HTTPSConnectionPool(host='books.toscrape.com', port=443): Max retries exceeded with url: /catalogue/page-44.html (Caused by NameResolutionError("HTTPSConnection(host='books.toscrape.com', port=443): Failed to resolve 'books.toscrape.com' ([Errno -5] No address associated with hostname)"))
2026-05-23 06:31:13 | WARNING  | main | ⚠️ Tentative 2/3 échouée pour https://books.toscrape.com/catalogue/page-44.html. Erreur: HTTPSConnectionPool(host='books.toscrape.com', port=443): Max retries exceeded with url: /catalogue/page-44.html (Caused by NameResolutionError("HTTPSConnection(host='books.toscrape.com', port=443): Failed to resolve 'books.toscrape.com' ([Errno -5] No address associated with hostname)"))
2026-05-23 06:31:25 | WARNING  | main | ⚠️ Tentative 1/3 échouée pour https://books.toscrape.com/catalogue/page-45.html. Erreur: HTTPSConnectionPool(host='books.toscrape.com', port=443): Max retries exceeded with url: /catalogue/page-45.html (Caused by NameResolutionError("HTTPSConnection(host='books.toscrape.com', port=443): Failed to resolve 'books.toscrape.com' ([Errno -5] No address associated with hostname)"))
2026-05-23 06:46:47 | WARNING  | main | ⚠️ Tentative 2/3 échouée pour https://books.toscrape.com/catalogue/page-45.html. Erreur: HTTPSConnectionPool(host='books.toscrape.com', port=443): Max retries exceeded with url: /catalogue/page-45.html (Caused by NameResolutionError("HTTPSConnection(host='books.toscrape.com', port=443): Failed to resolve 'books.toscrape.com' ([Errno -5] No address associated with hostname)"))
2026-05-24 03:07:48 | WARNING  | main | ⚠️ Tentative 1/3 échouée pour https://books.toscrape.com/catalogue/page-3.html. Erreur: HTTPSConnectionPool(host='books.toscrape.com', port=443): Max retries exceeded with url: /catalogue/page-3.html (Caused by NameResolutionError("HTTPSConnection(host='books.toscrape.com', port=443): Failed to resolve 'books.toscrape.com' ([Errno -5] No address associated with hostname)"))
2026-05-24 03:24:16 | WARNING  | main | ⚠️ Tentative 1/3 échouée pour https://books.toscrape.com/catalogue/page-4.html. Erreur: HTTPSConnectionPool(host='books.toscrape.com', port=443): Max retries exceeded with url: /catalogue/page-4.html (Caused by SSLError(SSLEOFError(8, '[SSL: UNEXPECTED_EOF_WHILE_READING] EOF occurred in violation of protocol (_ssl.c:1016)')))
2026-05-24 03:29:06 | WARNING  | main | ⚠️ Tentative 1/3 échouée pour https://books.toscrape.com/catalogue/page-6.html. Erreur: HTTPSConnectionPool(host='books.toscrape.com', port=443): Max retries exceeded with url: /catalogue/page-6.html (Caused by SSLError(SSLEOFError(8, '[SSL: UNEXPECTED_EOF_WHILE_READING] EOF occurred in violation of protocol (_ssl.c:1016)')))
2026-05-24 03:47:07 | WARNING  | main | ⚠️ Tentative 1/3 échouée pour https://books.toscrape.com/catalogue/page-9.html. Erreur: ('Connection aborted.', RemoteDisconnected('Remote end closed connection without response'))
2026-05-24 04:21:07 | WARNING  | main | ⚠️ Tentative 1/3 échouée pour https://books.toscrape.com/catalogue/page-12.html. Erreur: HTTPSConnectionPool(host='books.toscrape.com', port=443): Max retries exceeded with url: /catalogue/page-12.html (Caused by NameResolutionError("HTTPSConnection(host='books.toscrape.com', port=443): Failed to resolve 'books.toscrape.com' ([Errno -2] Name or service not known)"))
2026-05-24 04:30:08 | WARNING  | main | ⚠️ Tentative 2/3 échouée pour https://books.toscrape.com/catalogue/page-12.html. Erreur: HTTPSConnectionPool(host='books.toscrape.com', port=443): Max retries exceeded with url: /catalogue/page-12.html (Caused by NameResolutionError("HTTPSConnection(host='books.toscrape.com', port=443): Failed to resolve 'books.toscrape.com' ([Errno -5] No address associated with hostname)"))
2026-05-24 05:18:40 | WARNING  | main | ⚠️ Tentative 1/3 échouée pour https://books.toscrape.com/catalogue/page-18.html. Erreur: HTTPSConnectionPool(host='books.toscrape.com', port=443): Read timed out. (read timeout=20)
2026-05-24 05:47:09 | WARNING  | main | ⚠️ Tentative 1/3 échouée pour https://books.toscrape.com/catalogue/page-44.html. Erreur: ('Connection aborted.', RemoteDisconnected('Remote end closed connection without response'))
2026-05-24 06:02:47 | WARNING  | main | ⚠️ Tentative 1/3 échouée pour https://books.toscrape.com/catalogue/page-45.html. Erreur: HTTPSConnectionPool(host='books.toscrape.com', port=443): Max retries exceeded with url: /catalogue/page-45.html (Caused by NameResolutionError("HTTPSConnection(host='books.toscrape.com', port=443): Failed to resolve 'books.toscrape.com' ([Errno -5] No address associated with hostname)"))
2026-05-24 06:32:07 | WARNING  | main | ⚠️ Tentative 1/3 échouée pour https://books.toscrape.com/catalogue/page-50.html. Erreur: HTTPSConnectionPool(host='books.toscrape.com', port=443): Max retries exceeded with url: /catalogue/page-50.html (Caused by NameResolutionError("HTTPSConnection(host='books.toscrape.com', port=443): Failed to resolve 'books.toscrape.com' ([Errno -5] No address associated with hostname)"))
2026-05-24 06:32:17 | WARNING  | main | ⚠️ Tentative 2/3 échouée pour https://books.toscrape.com/catalogue/page-50.html. Erreur: HTTPSConnectionPool(host='books.toscrape.com', port=443): Max retries exceeded with url: /catalogue/page-50.html (Caused by NameResolutionError("HTTPSConnection(host='books.toscrape.com', port=443): Failed to resolve 'books.toscrape.com' ([Errno -5] No address associated with hostname)"))
2026-05-24 06:32:25 | WARNING  | main | ⚠️ Tentative 3/3 échouée pour https://books.toscrape.com/catalogue/page-50.html. Erreur: HTTPSConnectionPool(host='books.toscrape.com', port=443): Max retries exceeded with url: /catalogue/page-50.html (Caused by NameResolutionError("HTTPSConnection(host='books.toscrape.com', port=443): Failed to resolve 'books.toscrape.com' ([Errno -5] No address associated with hostname)"))
2026-05-25 03:27:09 | WARNING  | main | ⚠️ Tentative 1/3 échouée pour https://books.toscrape.com/catalogue/page-5.html. Erreur: HTTPSConnectionPool(host='books.toscrape.com', port=443): Max retries exceeded with url: /catalogue/page-5.html (Caused by NameResolutionError("HTTPSConnection(host='books.toscrape.com', port=443): Failed to resolve 'books.toscrape.com' ([Errno -2] Name or service not known)"))
2026-05-25 03:33:03 | WARNING  | main | ⚠️ Tentative 1/3 échouée pour https://books.toscrape.com/catalogue/page-7.html. Erreur: HTTPSConnectionPool(host='books.toscrape.com', port=443): Max retries exceeded with url: /catalogue/page-7.html (Caused by NameResolutionError("HTTPSConnection(host='books.toscrape.com', port=443): Failed to resolve 'books.toscrape.com' ([Errno -5] No address associated with hostname)"))
2026-05-25 04:07:56 | WARNING  | main | ⚠️ Tentative 1/3 échouée pour https://books.toscrape.com/catalogue/page-26.html. Erreur: HTTPSConnectionPool(host='books.toscrape.com', port=443): Max retries exceeded with url: /catalogue/page-26.html (Caused by NewConnectionError("HTTPSConnection(host='books.toscrape.com', port=443): Failed to establish a new connection: [Errno 111] Connection refused"))
2026-05-25 05:29:40 | WARNING  | main | ⚠️ Tentative 1/3 échouée pour https://books.toscrape.com/catalogue/page-47.html. Erreur: HTTPSConnectionPool(host='books.toscrape.com', port=443): Read timed out. (read timeout=20)
2026-05-26 03:33:16 | WARNING  | main | ⚠️ Tentative 1/3 échouée pour https://books.toscrape.com/catalogue/page-6.html. Erreur: HTTPSConnectionPool(host='books.toscrape.com', port=443): Read timed out.
2026-05-26 04:06:23 | WARNING  | main | ⚠️ Tentative 2/3 échouée pour https://books.toscrape.com/catalogue/page-6.html. Erreur: HTTPSConnectionPool(host='books.toscrape.com', port=443): Max retries exceeded with url: /catalogue/page-6.html (Caused by NewConnectionError("HTTPSConnection(host='books.toscrape.com', port=443): Failed to establish a new connection: [Errno 111] Connection refused"))
2026-05-26 04:22:38 | WARNING  | main | ⚠️ Tentative 3/3 échouée pour https://books.toscrape.com/catalogue/page-6.html. Erreur: HTTPSConnectionPool(host='books.toscrape.com', port=443): Max retries exceeded with url: /catalogue/page-6.html (Caused by NameResolutionError("HTTPSConnection(host='books.toscrape.com', port=443): Failed to resolve 'books.toscrape.com' ([Errno -5] No address associated with hostname)"))
2026-05-26 04:22:48 | WARNING  | main | ⚠️ Tentative 1/3 échouée pour https://books.toscrape.com/catalogue/page-7.html. Erreur: HTTPSConnectionPool(host='books.toscrape.com', port=443): Max retries exceeded with url: /catalogue/page-7.html (Caused by NameResolutionError("HTTPSConnection(host='books.toscrape.com', port=443): Failed to resolve 'books.toscrape.com' ([Errno -5] No address associated with hostname)"))
2026-05-26 04:34:05 | WARNING  | main | ⚠️ Tentative 2/3 échouée pour https://books.toscrape.com/catalogue/page-7.html. Erreur: HTTPSConnectionPool(host='books.toscrape.com', port=443): Max retries exceeded with url: /catalogue/page-7.html (Caused by NameResolutionError("HTTPSConnection(host='books.toscrape.com', port=443): Failed to resolve 'books.toscrape.com' ([Errno -5] No address associated with hostname)"))
2026-05-26 04:34:14 | WARNING  | main | ⚠️ Tentative 3/3 échouée pour https://books.toscrape.com/catalogue/page-7.html. Erreur: HTTPSConnectionPool(host='books.toscrape.com', port=443): Max retries exceeded with url: /catalogue/page-7.html (Caused by NameResolutionError("HTTPSConnection(host='books.toscrape.com', port=443): Failed to resolve 'books.toscrape.com' ([Errno -5] No address associated with hostname)"))
2026-05-26 05:22:52 | WARNING  | main | ⚠️ Tentative 1/3 échouée pour https://books.toscrape.com/catalogue/page-9.html. Erreur: HTTPSConnectionPool(host='books.toscrape.com', port=443): Read timed out. (read timeout=20)
2026-05-26 05:35:04 | WARNING  | main | ⚠️ Tentative 1/3 échouée pour https://books.toscrape.com/catalogue/page-25.html. Erreur: HTTPSConnectionPool(host='books.toscrape.com', port=443): Max retries exceeded with url: /catalogue/page-25.html (Caused by SSLError(SSLEOFError(8, '[SSL: UNEXPECTED_EOF_WHILE_READING] EOF occurred in violation of protocol (_ssl.c:1016)')))
2026-05-26 05:35:20 | WARNING  | main | ⚠️ Tentative 1/3 échouée pour https://books.toscrape.com/catalogue/page-36.html. Erreur: HTTPSConnectionPool(host='books.toscrape.com', port=443): Max retries exceeded with url: /catalogue/page-36.html (Caused by SSLError(SSLEOFError(8, '[SSL: UNEXPECTED_EOF_WHILE_READING] EOF occurred in violation of protocol (_ssl.c:1016)')))
2026-05-26 06:25:37 | WARNING  | main | ⚠️ Tentative 1/3 échouée pour https://books.toscrape.com/catalogue/page-38.html. Erreur: HTTPSConnectionPool(host='books.toscrape.com', port=443): Max retries exceeded with url: /catalogue/page-38.html (Caused by NameResolutionError("HTTPSConnection(host='books.toscrape.com', port=443): Failed to resolve 'books.toscrape.com' ([Errno -5] No address associated with hostname)"))
2026-05-26 06:35:58 | WARNING  | main | ⚠️ Tentative 1/3 échouée pour https://books.toscrape.com/catalogue/page-44.html. Erreur: HTTPSConnectionPool(host='books.toscrape.com', port=443): Max retries exceeded with url: /catalogue/page-44.html (Caused by NewConnectionError("HTTPSConnection(host='books.toscrape.com', port=443): Failed to establish a new connection: [Errno 111] Connection refused"))
2026-05-27 04:15:55 | WARNING  | main | ⚠️ Tentative 1/3 échouée pour https://books.toscrape.com/catalogue/page-1.html. Erreur: HTTPSConnectionPool(host='books.toscrape.com', port=443): Max retries exceeded with url: /catalogue/page-1.html (Caused by NameResolutionError("HTTPSConnection(host='books.toscrape.com', port=443): Failed to resolve 'books.toscrape.com' ([Errno -5] No address associated with hostname)"))
2026-05-27 04:33:21 | WARNING  | main | ⚠️ Tentative 1/3 échouée pour https://books.toscrape.com/catalogue/page-4.html. Erreur: HTTPSConnectionPool(host='books.toscrape.com', port=443): Max retries exceeded with url: /catalogue/page-4.html (Caused by NameResolutionError("HTTPSConnection(host='books.toscrape.com', port=443): Failed to resolve 'books.toscrape.com' ([Errno -2] Name or service not known)"))
2026-05-27 04:33:27 | WARNING  | main | ⚠️ Tentative 2/3 échouée pour https://books.toscrape.com/catalogue/page-4.html. Erreur: HTTPSConnectionPool(host='books.toscrape.com', port=443): Max retries exceeded with url: /catalogue/page-4.html (Caused by NameResolutionError("HTTPSConnection(host='books.toscrape.com', port=443): Failed to resolve 'books.toscrape.com' ([Errno -5] No address associated with hostname)"))
2026-05-27 04:51:50 | WARNING  | main | ⚠️ Tentative 1/3 échouée pour https://books.toscrape.com/catalogue/page-11.html. Erreur: HTTPSConnectionPool(host='books.toscrape.com', port=443): Read timed out. (read timeout=20)
2026-05-27 05:07:51 | WARNING  | main | ⚠️ Tentative 1/3 échouée pour https://books.toscrape.com/catalogue/page-18.html. Erreur: HTTPSConnectionPool(host='books.toscrape.com', port=443): Max retries exceeded with url: /catalogue/page-18.html (Caused by SSLError(SSLEOFError(8, '[SSL: UNEXPECTED_EOF_WHILE_READING] EOF occurred in violation of protocol (_ssl.c:1016)')))
2026-05-27 05:24:30 | WARNING  | main | ⚠️ Tentative 1/3 échouée pour https://books.toscrape.com/catalogue/page-22.html. Erreur: HTTPSConnectionPool(host='books.toscrape.com', port=443): Max retries exceeded with url: /catalogue/page-22.html (Caused by NameResolutionError("HTTPSConnection(host='books.toscrape.com', port=443): Failed to resolve 'books.toscrape.com' ([Errno -5] No address associated with hostname)"))
2026-05-27 05:42:43 | WARNING  | main | ⚠️ Tentative 1/3 échouée pour https://books.toscrape.com/catalogue/page-29.html. Erreur: ('Connection aborted.', RemoteDisconnected('Remote end closed connection without response'))
2026-05-27 05:42:53 | WARNING  | main | ⚠️ Tentative 2/3 échouée pour https://books.toscrape.com/catalogue/page-29.html. Erreur: HTTPSConnectionPool(host='books.toscrape.com', port=443): Max retries exceeded with url: /catalogue/page-29.html (Caused by NameResolutionError("HTTPSConnection(host='books.toscrape.com', port=443): Failed to resolve 'books.toscrape.com' ([Errno -5] No address associated with hostname)"))
2026-05-27 06:25:23 | WARNING  | main | ⚠️ Tentative 1/3 échouée pour https://books.toscrape.com/catalogue/page-32.html. Erreur: HTTPSConnectionPool(host='books.toscrape.com', port=443): Read timed out. (read timeout=20)
2026-05-27 06:25:30 | WARNING  | main | ⚠️ Tentative 2/3 échouée pour https://books.toscrape.com/catalogue/page-32.html. Erreur: HTTPSConnectionPool(host='books.toscrape.com', port=443): Max retries exceeded with url: /catalogue/page-32.html (Caused by NameResolutionError("HTTPSConnection(host='books.toscrape.com', port=443): Failed to resolve 'books.toscrape.com' ([Errno -5] No address associated with hostname)"))
2026-05-27 06:25:43 | WARNING  | main | ⚠️ Tentative 3/3 échouée pour https://books.toscrape.com/catalogue/page-32.html. Erreur: HTTPSConnectionPool(host='books.toscrape.com', port=443): Max retries exceeded with url: /catalogue/page-32.html (Caused by NewConnectionError("HTTPSConnection(host='books.toscrape.com', port=443): Failed to establish a new connection: [Errno 111] Connection refused"))
2026-05-27 06:25:48 | WARNING  | main | ⚠️ Tentative 1/3 échouée pour https://books.toscrape.com/catalogue/page-34.html. Erreur: HTTPSConnectionPool(host='books.toscrape.com', port=443): Max retries exceeded with url: /catalogue/page-34.html (Caused by NameResolutionError("HTTPSConnection(host='books.toscrape.com', port=443): Failed to resolve 'books.toscrape.com' ([Errno -2] Name or service not known)"))
2026-05-27 07:00:00 | WARNING  | main | ⚠️ Tentative 1/3 échouée pour https://books.toscrape.com/catalogue/page-36.html. Erreur: HTTPSConnectionPool(host='books.toscrape.com', port=443): Max retries exceeded with url: /catalogue/page-36.html (Caused by NameResolutionError("HTTPSConnection(host='books.toscrape.com', port=443): Failed to resolve 'books.toscrape.com' ([Errno -5] No address associated with hostname)"))
2026-05-27 07:13:30 | WARNING  | main | ⚠️ Tentative 2/3 échouée pour https://books.toscrape.com/catalogue/page-36.html. Erreur: HTTPSConnectionPool(host='books.toscrape.com', port=443): Max retries exceeded with url: /catalogue/page-36.html (Caused by NameResolutionError("HTTPSConnection(host='books.toscrape.com', port=443): Failed to resolve 'books.toscrape.com' ([Errno -2] Name or service not known)"))
2026-05-27 07:13:32 | WARNING  | main | ⚠️ Tentative 3/3 échouée pour https://books.toscrape.com/catalogue/page-36.html. Erreur: HTTPSConnectionPool(host='books.toscrape.com', port=443): Max retries exceeded with url: /catalogue/page-36.html (Caused by NameResolutionError("HTTPSConnection(host='books.toscrape.com', port=443): Failed to resolve 'books.toscrape.com' ([Errno -2] Name or service not known)"))
2026-05-27 07:13:34 | WARNING  | main | ⚠️ Tentative 1/3 échouée pour https://books.toscrape.com/catalogue/page-37.html. Erreur: HTTPSConnectionPool(host='books.toscrape.com', port=443): Max retries exceeded with url: /catalogue/page-37.html (Caused by NameResolutionError("HTTPSConnection(host='books.toscrape.com', port=443): Failed to resolve 'books.toscrape.com' ([Errno -2] Name or service not known)"))
2026-05-27 07:13:36 | WARNING  | main | ⚠️ Tentative 2/3 échouée pour https://books.toscrape.com/catalogue/page-37.html. Erreur: HTTPSConnectionPool(host='books.toscrape.com', port=443): Max retries exceeded with url: /catalogue/page-37.html (Caused by NameResolutionError("HTTPSConnection(host='books.toscrape.com', port=443): Failed to resolve 'books.toscrape.com' ([Errno -2] Name or service not known)"))
2026-05-27 07:13:38 | WARNING  | main | ⚠️ Tentative 3/3 échouée pour https://books.toscrape.com/catalogue/page-37.html. Erreur: HTTPSConnectionPool(host='books.toscrape.com', port=443): Max retries exceeded with url: /catalogue/page-37.html (Caused by NameResolutionError("HTTPSConnection(host='books.toscrape.com', port=443): Failed to resolve 'books.toscrape.com' ([Errno -2] Name or service not known)"))
2026-05-27 07:13:40 | WARNING  | main | ⚠️ Tentative 1/3 échouée pour https://books.toscrape.com/catalogue/page-38.html. Erreur: HTTPSConnectionPool(host='books.toscrape.com', port=443): Max retries exceeded with url: /catalogue/page-38.html (Caused by NameResolutionError("HTTPSConnection(host='books.toscrape.com', port=443): Failed to resolve 'books.toscrape.com' ([Errno -2] Name or service not known)"))
2026-05-27 07:13:42 | WARNING  | main | ⚠️ Tentative 2/3 échouée pour https://books.toscrape.com/catalogue/page-38.html. Erreur: HTTPSConnectionPool(host='books.toscrape.com', port=443): Max retries exceeded with url: /catalogue/page-38.html (Caused by NameResolutionError("HTTPSConnection(host='books.toscrape.com', port=443): Failed to resolve 'books.toscrape.com' ([Errno -2] Name or service not known)"))
2026-05-27 07:13:44 | WARNING  | main | ⚠️ Tentative 3/3 échouée pour https://books.toscrape.com/catalogue/page-38.html. Erreur: HTTPSConnectionPool(host='books.toscrape.com', port=443): Max retries exceeded with url: /catalogue/page-38.html (Caused by NameResolutionError("HTTPSConnection(host='books.toscrape.com', port=443): Failed to resolve 'books.toscrape.com' ([Errno -2] Name or service not known)"))
2026-05-27 07:13:46 | ERROR    | main | 🛑 Connexion perdue. Arrêt du scan.
2026-05-27 07:13:46 | WARNING  | main | ⚠️ Tentative 1/3 échouée pour https://books.toscrape.com/catalogue/kierkegaard-a-christian-missionary-to-christians_527/index.html. Erreur: HTTPSConnectionPool(host='books.toscrape.com', port=443): Max retries exceeded with url: /catalogue/kierkegaard-a-christian-missionary-to-christians_527/index.html (Caused by NameResolutionError("HTTPSConnection(host='books.toscrape.com', port=443): Failed to resolve 'books.toscrape.com' ([Errno -2] Name or service not known)"))
2026-05-27 07:13:48 | WARNING  | main | ⚠️ Tentative 2/3 échouée pour https://books.toscrape.com/catalogue/kierkegaard-a-christian-missionary-to-christians_527/index.html. Erreur: HTTPSConnectionPool(host='books.toscrape.com', port=443): Max retries exceeded with url: /catalogue/kierkegaard-a-christian-missionary-to-christians_527/index.html (Caused by NameResolutionError("HTTPSConnection(host='books.toscrape.com', port=443): Failed to resolve 'books.toscrape.com' ([Errno -2] Name or service not known)"))
2026-05-27 07:13:50 | WARNING  | main | ⚠️ Tentative 3/3 échouée pour https://books.toscrape.com/catalogue/kierkegaard-a-christian-missionary-to-christians_527/index.html. Erreur: HTTPSConnectionPool(host='books.toscrape.com', port=443): Max retries exceeded with url: /catalogue/kierkegaard-a-christian-missionary-to-christians_527/index.html (Caused by NameResolutionError("HTTPSConnection(host='books.toscrape.com', port=443): Failed to resolve 'books.toscrape.com' ([Errno -2] Name or service not known)"))
2026-05-27 07:13:52 | WARNING  | main | ⚠️ Tentative 1/3 échouée pour https://books.toscrape.com/catalogue/without-shame_580/index.html. Erreur: HTTPSConnectionPool(host='books.toscrape.com', port=443): Max retries exceeded with url: /catalogue/without-shame_580/index.html (Caused by NameResolutionError("HTTPSConnection(host='books.toscrape.com', port=443): Failed to resolve 'books.toscrape.com' ([Errno -2] Name or service not known)"))
2026-05-27 07:13:54 | WARNING  | main | ⚠️ Tentative 2/3 échouée pour https://books.toscrape.com/catalogue/without-shame_580/index.html. Erreur: HTTPSConnectionPool(host='books.toscrape.com', port=443): Max retries exceeded with url: /catalogue/without-shame_580/index.html (Caused by NameResolutionError("HTTPSConnection(host='books.toscrape.com', port=443): Failed to resolve 'books.toscrape.com' ([Errno -2] Name or service not known)"))
2026-05-27 07:13:56 | WARNING  | main | ⚠️ Tentative 3/3 échouée pour https://books.toscrape.com/catalogue/without-shame_580/index.html. Erreur: HTTPSConnectionPool(host='books.toscrape.com', port=443): Max retries exceeded with url: /catalogue/without-shame_580/index.html (Caused by NameResolutionError("HTTPSConnection(host='books.toscrape.com', port=443): Failed to resolve 'books.toscrape.com' ([Errno -2] Name or service not known)"))
2026-05-27 07:15:14 | WARNING  | main | ⚠️ Tentative 1/3 échouée pour https://books.toscrape.com/catalogue/hold-your-breath-search-and-rescue-1_700/index.html. Erreur: HTTPSConnectionPool(host='books.toscrape.com', port=443): Max retries exceeded with url: /catalogue/hold-your-breath-search-and-rescue-1_700/index.html (Caused by NameResolutionError("HTTPSConnection(host='books.toscrape.com', port=443): Failed to resolve 'books.toscrape.com' ([Errno -2] Name or service not known)"))
2026-05-27 07:15:16 | WARNING  | main | ⚠️ Tentative 2/3 échouée pour https://books.toscrape.com/catalogue/hold-your-breath-search-and-rescue-1_700/index.html. Erreur: HTTPSConnectionPool(host='books.toscrape.com', port=443): Max retries exceeded with url: /catalogue/hold-your-breath-search-and-rescue-1_700/index.html (Caused by NameResolutionError("HTTPSConnection(host='books.toscrape.com', port=443): Failed to resolve 'books.toscrape.com' ([Errno -2] Name or service not known)"))
2026-05-27 07:15:18 | WARNING  | main | ⚠️ Tentative 3/3 échouée pour https://books.toscrape.com/catalogue/hold-your-breath-search-and-rescue-1_700/index.html. Erreur: HTTPSConnectionPool(host='books.toscrape.com', port=443): Max retries exceeded with url: /catalogue/hold-your-breath-search-and-rescue-1_700/index.html (Caused by NameResolutionError("HTTPSConnection(host='books.toscrape.com', port=443): Failed to resolve 'books.toscrape.com' ([Errno -2] Name or service not known)"))
2026-05-27 07:15:20 | WARNING  | main | ⚠️ Tentative 1/3 échouée pour https://books.toscrape.com/catalogue/the-dirty-little-secrets-of-getting-your-dream-job_994/index.html. Erreur: HTTPSConnectionPool(host='books.toscrape.com', port=443): Max retries exceeded with url: /catalogue/the-dirty-little-secrets-of-getting-your-dream-job_994/index.html (Caused by NameResolutionError("HTTPSConnection(host='books.toscrape.com', port=443): Failed to resolve 'books.toscrape.com' ([Errno -2] Name or service not known)"))
2026-05-27 07:15:22 | WARNING  | main | ⚠️ Tentative 2/3 échouée pour https://books.toscrape.com/catalogue/the-dirty-little-secrets-of-getting-your-dream-job_994/index.html. Erreur: HTTPSConnectionPool(host='books.toscrape.com', port=443): Max retries exceeded with url: /catalogue/the-dirty-little-secrets-of-getting-your-dream-job_994/index.html (Caused by NameResolutionError("HTTPSConnection(host='books.toscrape.com', port=443): Failed to resolve 'books.toscrape.com' ([Errno -2] Name or service not known)"))
2026-05-27 07:15:24 | WARNING  | main | ⚠️ Tentative 3/3 échouée pour https://books.toscrape.com/catalogue/the-dirty-little-secrets-of-getting-your-dream-job_994/index.html. Erreur: HTTPSConnectionPool(host='books.toscrape.com', port=443): Max retries exceeded with url: /catalogue/the-dirty-little-secrets-of-getting-your-dream-job_994/index.html (Caused by NameResolutionError("HTTPSConnection(host='books.toscrape.com', port=443): Failed to resolve 'books.toscrape.com' ([Errno -2] Name or service not known)"))
2026-05-27 07:15:26 | WARNING  | main | ⚠️ Tentative 1/3 échouée pour https://books.toscrape.com/catalogue/how-to-speak-golf-an-illustrated-guide-to-links-lingo_621/index.html. Erreur: HTTPSConnectionPool(host='books.toscrape.com', port=443): Max retries exceeded with url: /catalogue/how-to-speak-golf-an-illustrated-guide-to-links-lingo_621/index.html (Caused by NameResolutionError("HTTPSConnection(host='books.toscrape.com', port=443): Failed to resolve 'books.toscrape.com' ([Errno -2] Name or service not known)"))
2026-05-27 07:15:28 | WARNING  | main | ⚠️ Tentative 2/3 échouée pour https://books.toscrape.com/catalogue/how-to-speak-golf-an-illustrated-guide-to-links-lingo_621/index.html. Erreur: HTTPSConnectionPool(host='books.toscrape.com', port=443): Max retries exceeded with url: /catalogue/how-to-speak-golf-an-illustrated-guide-to-links-lingo_621/index.html (Caused by NameResolutionError("HTTPSConnection(host='books.toscrape.com', port=443): Failed to resolve 'books.toscrape.com' ([Errno -2] Name or service not known)"))
2026-05-27 07:15:30 | WARNING  | main | ⚠️ Tentative 3/3 échouée pour https://books.toscrape.com/catalogue/how-to-speak-golf-an-illustrated-guide-to-links-lingo_621/index.html. Erreur: HTTPSConnectionPool(host='books.toscrape.com', port=443): Max retries exceeded with url: /catalogue/how-to-speak-golf-an-illustrated-guide-to-links-lingo_621/index.html (Caused by NameResolutionError("HTTPSConnection(host='books.toscrape.com', port=443): Failed to resolve 'books.toscrape.com' ([Errno -2] Name or service not known)"))
2026-05-27 07:15:32 | WARNING  | __main__ | 🚫 Pipeline arrêté : le scraping n'a généré aucun résultat.
2026-05-28 04:30:23 | WARNING  | main | ⚠️ Tentative 1/3 échouée pour https://books.toscrape.com/catalogue/page-9.html. Erreur: HTTPSConnectionPool(host='books.toscrape.com', port=443): Max retries exceeded with url: /catalogue/page-9.html (Caused by NameResolutionError("HTTPSConnection(host='books.toscrape.com', port=443): Failed to resolve 'books.toscrape.com' ([Errno -5] No address associated with hostname)"))
2026-05-28 04:46:34 | WARNING  | main | ⚠️ Tentative 1/3 échouée pour https://books.toscrape.com/catalogue/page-10.html. Erreur: HTTPSConnectionPool(host='books.toscrape.com', port=443): Max retries exceeded with url: /catalogue/page-10.html (Caused by SSLError(SSLEOFError(8, '[SSL: UNEXPECTED_EOF_WHILE_READING] EOF occurred in violation of protocol (_ssl.c:1016)')))
2026-05-28 04:46:40 | WARNING  | main | ⚠️ Tentative 2/3 échouée pour https://books.toscrape.com/catalogue/page-10.html. Erreur: HTTPSConnectionPool(host='books.toscrape.com', port=443): Max retries exceeded with url: /catalogue/page-10.html (Caused by NewConnectionError("HTTPSConnection(host='books.toscrape.com', port=443): Failed to establish a new connection: [Errno 111] Connection refused"))
2026-05-28 06:09:39 | WARNING  | main | ⚠️ Tentative 1/3 échouée pour https://books.toscrape.com/catalogue/page-27.html. Erreur: HTTPSConnectionPool(host='books.toscrape.com', port=443): Read timed out. (read timeout=20)
2026-05-28 07:04:31 | WARNING  | main | ⚠️ Tentative 1/3 échouée pour https://books.toscrape.com/catalogue/page-39.html. Erreur: HTTPSConnectionPool(host='books.toscrape.com', port=443): Read timed out. (read timeout=20)
2026-05-29 03:55:02 | WARNING  | main | ⚠️ Tentative 1/3 échouée pour https://books.toscrape.com/catalogue/page-2.html. Erreur: ('Connection aborted.', RemoteDisconnected('Remote end closed connection without response'))
2026-05-29 03:55:12 | WARNING  | main | ⚠️ Tentative 2/3 échouée pour https://books.toscrape.com/catalogue/page-2.html. Erreur: HTTPSConnectionPool(host='books.toscrape.com', port=443): Max retries exceeded with url: /catalogue/page-2.html (Caused by NameResolutionError("HTTPSConnection(host='books.toscrape.com', port=443): Failed to resolve 'books.toscrape.com' ([Errno -5] No address associated with hostname)"))
2026-05-29 04:41:29 | WARNING  | main | ⚠️ Tentative 1/3 échouée pour https://books.toscrape.com/catalogue/page-16.html. Erreur: HTTPSConnectionPool(host='books.toscrape.com', port=443): Read timed out. (read timeout=20)
2026-05-29 05:08:04 | WARNING  | main | ⚠️ Tentative 1/3 échouée pour https://books.toscrape.com/catalogue/page-21.html. Erreur: HTTPSConnectionPool(host='books.toscrape.com', port=443): Read timed out. (read timeout=20)
2026-05-29 05:08:14 | WARNING  | main | ⚠️ Tentative 2/3 échouée pour https://books.toscrape.com/catalogue/page-21.html. Erreur: HTTPSConnectionPool(host='books.toscrape.com', port=443): Max retries exceeded with url: /catalogue/page-21.html (Caused by NameResolutionError("HTTPSConnection(host='books.toscrape.com', port=443): Failed to resolve 'books.toscrape.com' ([Errno -5] No address associated with hostname)"))
2026-05-29 06:08:58 | WARNING  | main | ⚠️ Tentative 1/3 échouée pour https://books.toscrape.com/catalogue/page-39.html. Erreur: HTTPSConnectionPool(host='books.toscrape.com', port=443): Read timed out. (read timeout=20)
2026-05-29 06:09:11 | WARNING  | main | ⚠️ Tentative 1/3 échouée pour https://books.toscrape.com/catalogue/page-43.html. Erreur: HTTPSConnectionPool(host='books.toscrape.com', port=443): Max retries exceeded with url: /catalogue/page-43.html (Caused by NameResolutionError("HTTPSConnection(host='books.toscrape.com', port=443): Failed to resolve 'books.toscrape.com' ([Errno -5] No address associated with hostname)"))
2026-05-29 06:27:16 | WARNING  | main | ⚠️ Tentative 1/3 échouée pour https://books.toscrape.com/catalogue/page-44.html. Erreur: HTTPSConnectionPool(host='books.toscrape.com', port=443): Max retries exceeded with url: /catalogue/page-44.html (Caused by SSLError(SSLEOFError(8, '[SSL: UNEXPECTED_EOF_WHILE_READING] EOF occurred in violation of protocol (_ssl.c:1016)')))
